intervencion_id,meeting_id,fold,etiqueta_v3,pred_mrbert,logit_hawkish,logit_dovish,logit_neutral
RPM-2008-05-08:1786:1,RPM-2008-05-08,5,neutral,neutral,-3.0722656,-1.65625,6.2851562
RPM-2008-05-08:1789:1,RPM-2008-05-08,5,neutral,neutral,-3.7441406,-2.6191406,6.3671875
RPM-2008-05-08:1828:2,RPM-2008-05-08,5,neutral,neutral,-3.8691406,-1.3291016,11.3046875
RPM-2010-02-11:2915:1,RPM-2010-02-11,5,neutral,neutral,-3.0253906,-1.7080078,7.75
RPM-2010-02-11:2931:3,RPM-2010-02-11,5,neutral,neutral,-3.390625,-5.3671875,9.9140625
RPM-2010-02-11:2932:1,RPM-2010-02-11,5,neutral,neutral,-1.7373047,-3.0878906,9.46875
RPM-2010-02-11:2943:1,RPM-2010-02-11,5,neutral,neutral,-6.3632812,-1.4345703,9.6796875
RPM-2010-02-11:2958:2,RPM-2010-02-11,5,neutral,neutral,-4.1640625,-1.8720703,7.625
RPM-2010-02-11:2962:2,RPM-2010-02-11,5,neutral,neutral,-3.7480469,-4.4140625,7.1640625
RPM-2010-04-15:3065:1,RPM-2010-04-15,5,neutral,neutral,-3.0996094,-2.2089844,11.7421875
RPM-2010-10-14:3434:3,RPM-2010-10-14,5,neutral,neutral,-4.4257812,-2.5605469,9.65625
RPM-2010-10-14:3476:5,RPM-2010-10-14,5,neutral,neutral,-2.6367188,-2.3007812,8.2734375
RPM-2010-10-14:3491:1,RPM-2010-10-14,5,hawkish,hawkish,4.8984375,0.9951172,-2.1113281
RPM-2010-10-14:3492:1,RPM-2010-10-14,5,hawkish,hawkish,5.5742188,1.1582031,-2.421875
RPM-2011-11-15:4433:3,RPM-2011-11-15,5,neutral,neutral,-3.8359375,-0.5786133,7.8242188
RPM-2011-09-15:4314:2,RPM-2011-09-15,5,neutral,neutral,-4.3789062,-3.7109375,7.234375
RPM-2011-09-15:4329:1,RPM-2011-09-15,5,neutral,neutral,-0.039520264,3.3496094,3.5527344
RPM-2011-09-15:4333:1,RPM-2011-09-15,5,neutral,neutral,-0.43432617,1.3964844,3.5644531
RPM-2011-11-15:4410:1,RPM-2011-11-15,5,neutral,neutral,-2.6484375,-1.5009766,4.8789062
RPM-2011-11-15:4420:1,RPM-2011-11-15,5,neutral,neutral,-3.3671875,-1.2871094,10.0625
RPM-2011-11-15:4437:3,RPM-2011-11-15,5,neutral,neutral,-4.25,-0.71191406,8.6875
RPM-2011-11-15:4438:1,RPM-2011-11-15,5,neutral,neutral,-4.0859375,-2.0507812,5.3359375
RPM-2012-09-13:5060:1,RPM-2012-09-13,5,neutral,neutral,-5.171875,-2.2910156,8.4296875
RPM-2012-09-13:5068:1,RPM-2012-09-13,5,neutral,neutral,-5.0234375,0.041900635,10.1015625
RPM-2012-09-13:5075:1,RPM-2012-09-13,5,neutral,neutral,-2.9199219,0.2536621,7.5625
RPM-2012-09-13:5086:1,RPM-2012-09-13,5,neutral,neutral,-3.8183594,-2.7910156,7.6835938
RPM-2014-01-16:5968:1,RPM-2014-01-16,5,neutral,neutral,-2.8652344,-0.09515381,7.1054688
RPM-2014-01-16:5999:1,RPM-2014-01-16,5,neutral,neutral,-5.1523438,-2.546875,7.5664062
RPM-2014-05-15:6195:3,RPM-2014-05-15,5,neutral,neutral,-4.734375,0.15966797,9.1484375
RPM-2014-05-15:6202:1,RPM-2014-05-15,5,neutral,neutral,-5.1132812,-0.5961914,9.640625
RPM-2014-05-15:6207:1,RPM-2014-05-15,5,neutral,neutral,-4.9257812,-0.8417969,8.0546875
RPM-2014-05-15:6229:1,RPM-2014-05-15,5,neutral,neutral,-3.8183594,-2.7910156,7.6835938
RPM-2014-01-16:5971:1,RPM-2014-01-16,5,neutral,neutral,-3.7167969,-2.6953125,8.265625
RPM-2014-01-16:5975:1,RPM-2014-01-16,5,neutral,neutral,-2.8105469,-0.14282227,7.75
RPM-2014-05-15:6214:1,RPM-2014-05-15,5,neutral,neutral,-2.1445312,-1.7763672,6.3046875
RPM-2014-05-15:6233:1,RPM-2014-05-15,5,neutral,neutral,-0.47705078,0.16723633,5.2851562
RPM-2015-08-13:6921:1,RPM-2015-08-13,5,neutral,neutral,-2.9902344,-1.9804688,7.2695312
RPM-2015-08-13:6925:1,RPM-2015-08-13,5,neutral,neutral,-2.1210938,-0.7963867,8.453125
RPM-2015-08-13:6937:1,RPM-2015-08-13,5,neutral,neutral,-3.5644531,0.91503906,6.21875
RPM-2015-08-13:6965:1,RPM-2015-08-13,5,dovish,hawkish,3.4707031,1.0068359,1.6298828
RPM-2015-09-15:6990:1,RPM-2015-09-15,5,neutral,neutral,-5.4570312,-2.9882812,11.0546875
RPM-2015-09-15:6996:1,RPM-2015-09-15,5,neutral,neutral,-4.3046875,-0.74658203,9.5078125
RPM-2015-09-15:7003:2,RPM-2015-09-15,5,neutral,neutral,-3.5097656,-2.5644531,8.53125
RPM-2015-09-15:7015:1,RPM-2015-09-15,5,neutral,neutral,-4.5664062,-0.50927734,9.9609375
RPM-2015-09-15:7021:1,RPM-2015-09-15,5,neutral,neutral,-2.78125,-0.28979492,7.6210938
RPM-2007-03-15:1105:1,RPM-2007-03-15,5,neutral,neutral,-2.6035156,-1.6083984,8.265625
RPM-2007-03-15:1156:1,RPM-2007-03-15,5,neutral,neutral,-3.1113281,-2.5527344,7.6132812
RPM-2010-02-11:2915:4,RPM-2010-02-11,5,neutral,neutral,-2.8710938,-2.421875,7.4101562
RPM-2011-09-15:4319:1,RPM-2011-09-15,5,neutral,neutral,-3.0722656,-0.6855469,7.5742188
RPM-2012-05-17:4793:1,RPM-2012-05-17,5,neutral,neutral,-3.1914062,-1.4111328,7.8398438
RPM-2006-07-13:745:4,RPM-2006-07-13,5,neutral,neutral,-2.0703125,-1.3291016,8.0390625
RPM-2007-02-08:1083:1,RPM-2007-02-08,5,neutral,neutral,0.23876953,-1.9394531,5.8789062
RPM-2010-04-15:3076:1,RPM-2010-04-15,5,hawkish,hawkish,4.1757812,1.1191406,1.1953125
RPM-2010-10-14:3449:4,RPM-2010-10-14,5,neutral,neutral,-0.37817383,-0.48950195,5.2148438
RPM-2012-05-17:4822:1,RPM-2012-05-17,5,neutral,neutral,-3.9003906,-1.9746094,7.2773438
RPM-2012-09-13:5089:1,RPM-2012-09-13,5,neutral,neutral,-0.25048828,2.2734375,3.7207031
RPM-2014-01-16:5990:1,RPM-2014-01-16,5,neutral,neutral,-2.140625,-0.27783203,6.9570312
RPM-2014-05-15:6234:1,RPM-2014-05-15,5,dovish,dovish,2.2167969,4.0039062,1.1269531
RPM-2006-07-13:758:1,RPM-2006-07-13,5,neutral,neutral,-0.18896484,-3.8242188,9.109375
RPM-2007-02-08:1074:1,RPM-2007-02-08,5,neutral,neutral,-2.4140625,-3.4960938,7.3984375
RPM-2007-12-13:1614:1,RPM-2007-12-13,5,hawkish,hawkish,4.5390625,-0.4880371,1.4169922
RPM-2010-02-11:2897:1,RPM-2010-02-11,5,neutral,neutral,-6.3398438,-2.3828125,8.8046875
RPM-2010-04-15:3063:2,RPM-2010-04-15,5,neutral,neutral,-2.3417969,-1.0488281,8.6640625
RPM-2011-09-15:4332:1,RPM-2011-09-15,5,neutral,neutral,1.4433594,2.0820312,2.7070312
RPM-2014-01-16:5972:1,RPM-2014-01-16,5,neutral,neutral,-1.9257812,-0.7470703,6.4257812
RPM-2014-05-15:6193:1,RPM-2014-05-15,5,neutral,neutral,-3.2949219,0.023269653,7.1992188
RPM-2014-05-15:6212:1,RPM-2014-05-15,5,neutral,neutral,-1.5009766,-0.025039673,7.59375
RPM-2014-05-15:6218:1,RPM-2014-05-15,5,neutral,neutral,-3.4589844,-1.0742188,8.3515625
RPM-2014-05-15:6220:1,RPM-2014-05-15,5,neutral,neutral,-4.3125,-2.4628906,10.6171875
RPM-2015-09-15:7011:1,RPM-2015-09-15,5,neutral,neutral,-2.5898438,-0.19055176,7.2304688
RPM-2007-03-15:1167:1,RPM-2007-03-15,5,hawkish,neutral,1.0253906,0.39770508,6.3007812
RPM-2010-10-14:3435:1,RPM-2010-10-14,5,neutral,neutral,-3.5761719,-2.4589844,9.375
RPM-2014-05-15:6189:1,RPM-2014-05-15,5,neutral,neutral,-3.2851562,-0.5698242,8.7578125
RPM-2014-05-15:6221:1,RPM-2014-05-15,5,neutral,neutral,-5.0898438,-1.5195312,7.2460938
RPM-2015-02-12:6620:1,RPM-2015-02-12,5,neutral,neutral,-2.4980469,-0.515625,7.5703125
RPM-2015-02-12:6624:1,RPM-2015-02-12,5,neutral,neutral,0.68603516,-1.0283203,5.375
RPM-2006-02-09:581:2,RPM-2006-02-09,5,neutral,neutral,-1.7724609,-3.8046875,8.828125
RPM-2006-02-09:587:10,RPM-2006-02-09,5,neutral,neutral,-3.8867188,-1.4326172,8.890625
RPM-2006-07-13:752:1,RPM-2006-07-13,5,neutral,neutral,-5.4375,-3.6074219,10.59375
RPM-2006-07-13:770:1,RPM-2006-07-13,5,neutral,neutral,-4.4726562,-3.1015625,11.4296875
RPM-2006-07-13:772:1,RPM-2006-07-13,5,hawkish,hawkish,4.3984375,-1.1611328,0.9526367
RPM-2006-07-13:774:1,RPM-2006-07-13,5,hawkish,hawkish,5.4648438,0.44482422,-0.45214844
RPM-2006-07-13:775:1,RPM-2006-07-13,5,hawkish,neutral,1.4667969,-0.13244629,3.6855469
RPM-2006-07-13:779:1,RPM-2006-07-13,5,hawkish,hawkish,6.71875,-0.09436035,0.1899414
RPM-2006-07-13:780:3,RPM-2006-07-13,5,hawkish,hawkish,7.5664062,-1.7041016,-0.22998047
RPM-2007-03-15:1133:1,RPM-2007-03-15,5,neutral,neutral,-4.6796875,-0.61328125,10.6328125
RPM-2007-03-15:1165:1,RPM-2007-03-15,5,hawkish,dovish,1.28125,3.0605469,0.5488281
RPM-2007-12-13:1607:2,RPM-2007-12-13,5,neutral,hawkish,4.3242188,0.8095703,1.8056641
RPM-2007-12-13:1611:1,RPM-2007-12-13,5,hawkish,hawkish,4.7304688,0.022598267,1.9726562
RPM-2007-12-13:1613:1,RPM-2007-12-13,5,hawkish,hawkish,7.4648438,-0.31054688,-1.5507812
RPM-2006-02-09:587:9,RPM-2006-02-09,5,neutral,neutral,-2.3515625,-2.8652344,9.2109375
RPM-2006-07-13:745:6,RPM-2006-07-13,5,neutral,neutral,-3.0390625,-0.5415039,7.8554688
RPM-2006-07-13:761:1,RPM-2006-07-13,5,neutral,neutral,-3.2597656,-1.8896484,8.9296875
RPM-2007-02-08:1087:1,RPM-2007-02-08,5,neutral,neutral,-1.3808594,-0.15917969,7.03125
RPM-2007-02-08:1103:1,RPM-2007-02-08,5,neutral,neutral,-3.0703125,-2.4375,5.484375
RPM-2007-12-13:1577:1,RPM-2007-12-13,5,neutral,neutral,-4.3710938,-3.4824219,11.6015625
RPM-2007-12-13:1582:2,RPM-2007-12-13,5,neutral,neutral,-5.1953125,-3.8398438,11.140625
RPM-2007-12-13:1587:2,RPM-2007-12-13,5,neutral,neutral,-0.18969727,-0.90478516,5.6054688
RPM-2007-12-13:1590:1,RPM-2007-12-13,5,neutral,neutral,-2.328125,-3.3007812,9.5078125
RPM-2007-12-13:1594:2,RPM-2007-12-13,5,neutral,neutral,-3.9980469,-0.68359375,10.234375
RPM-2007-12-13:1596:1,RPM-2007-12-13,5,neutral,neutral,-3.703125,-1.8574219,10.703125
RPM-2007-12-13:1608:3,RPM-2007-12-13,5,neutral,neutral,-4.3828125,-3.8808594,8.1875
RPM-2008-05-08:1808:1,RPM-2008-05-08,5,neutral,neutral,-2.78125,-2.8730469,9.828125
RPM-2008-05-08:1841:1,RPM-2008-05-08,5,neutral,neutral,-4.0234375,-3.1621094,8.1640625
RPM-2010-02-11:2911:2,RPM-2010-02-11,5,neutral,neutral,-2.0390625,-2.8847656,5.3125
RPM-2010-02-11:2918:2,RPM-2010-02-11,5,neutral,neutral,-2.4453125,-3.1582031,8.2265625
RPM-2010-02-11:2933:1,RPM-2010-02-11,5,neutral,neutral,-1.1611328,-1.2519531,7.3046875
RPM-2010-02-11:2947:4,RPM-2010-02-11,5,neutral,neutral,-4.4921875,-3.0078125,8.3515625
RPM-2010-02-11:2957:3,RPM-2010-02-11,5,neutral,neutral,-3.6855469,-3.2128906,6.1328125
RPM-2010-04-15:3042:1,RPM-2010-04-15,5,neutral,neutral,-6.5820312,-2.8300781,10.4921875
RPM-2010-04-15:3044:3,RPM-2010-04-15,5,neutral,neutral,-4.2773438,-2.2617188,6.5703125
RPM-2010-04-15:3051:4,RPM-2010-04-15,5,neutral,neutral,-3.21875,-2.0683594,9.2265625
RPM-2010-10-14:3439:3,RPM-2010-10-14,5,neutral,neutral,-3.2636719,-0.15856934,8.84375
RPM-2010-10-14:3467:1,RPM-2010-10-14,5,neutral,neutral,-3.6152344,-2.0527344,10.2421875
RPM-2010-10-14:3476:2,RPM-2010-10-14,5,neutral,neutral,-3.8203125,-2.046875,9.03125
RPM-2010-10-14:3476:3,RPM-2010-10-14,5,neutral,neutral,2.1894531,0.43530273,3.8691406
RPM-2010-10-14:3493:1,RPM-2010-10-14,5,neutral,neutral,-3.0742188,-2.1367188,5.6054688
RPM-2011-11-15:4413:2,RPM-2011-11-15,5,neutral,neutral,-3.4550781,-1.9472656,5.5859375
RPM-2011-11-15:4419:1,RPM-2011-11-15,5,neutral,neutral,-3.9863281,-2.859375,10.1796875
RPM-2011-11-15:4428:1,RPM-2011-11-15,5,neutral,neutral,-1.5869141,-0.18054199,6.7265625
RPM-2011-11-15:4433:2,RPM-2011-11-15,5,neutral,neutral,-1.1748047,-0.54785156,6.9179688
RPM-2011-11-15:4434:1,RPM-2011-11-15,5,neutral,neutral,-4.6171875,-1.1308594,7.734375
RPM-2011-11-15:4444:3,RPM-2011-11-15,5,neutral,neutral,-3.3886719,-1.4091797,5.5234375
RPM-2011-11-15:4456:2,RPM-2011-11-15,5,neutral,neutral,-3.8632812,-3.6347656,8.1328125
RPM-2012-05-17:4812:1,RPM-2012-05-17,5,neutral,neutral,-0.97558594,-1.1445312,6.2851562
RPM-2012-05-17:4825:1,RPM-2012-05-17,5,neutral,neutral,-4.1289062,-0.09564209,8.3125
RPM-2012-09-13:5044:1,RPM-2012-09-13,5,neutral,neutral,-6.4492188,-1.6425781,9.765625
RPM-2012-09-13:5084:2,RPM-2012-09-13,5,neutral,neutral,-1.6416016,3.0449219,3.9472656
RPM-2014-01-16:5977:1,RPM-2014-01-16,5,neutral,neutral,-3.0761719,1.21875,7.0742188
RPM-2014-01-16:5987:1,RPM-2014-01-16,5,neutral,neutral,-0.6425781,-0.3322754,5.484375
RPM-2014-01-16:5991:2,RPM-2014-01-16,5,neutral,neutral,-3.6074219,-1.3486328,9.21875
RPM-2014-01-16:6006:3,RPM-2014-01-16,5,dovish,neutral,0.5473633,1.3027344,3.1191406
RPM-2014-05-15:6181:1,RPM-2014-05-15,5,neutral,neutral,-2.9785156,-1.5625,6.1601562
RPM-2015-08-13:6955:1,RPM-2015-08-13,5,neutral,neutral,-0.67871094,0.5234375,5.546875
RPM-2015-08-13:6962:1,RPM-2015-08-13,5,neutral,neutral,-4.8203125,-1.6464844,7.296875
RPM-2015-08-13:6969:1,RPM-2015-08-13,5,dovish,hawkish,3.7871094,1.2441406,0.81689453
RPM-2015-09-15:6980:1,RPM-2015-09-15,5,neutral,neutral,-2.8144531,-1.609375,5.9882812
RPM-2015-09-15:7045:1,RPM-2015-09-15,5,hawkish,neutral,0.5444336,1.765625,2.9648438
RPM-2006-02-09:582:1,RPM-2006-02-09,5,neutral,neutral,-3.2480469,-3.0683594,7.5273438
RPM-2006-02-09:583:1,RPM-2006-02-09,5,neutral,neutral,-3.8789062,-4.0507812,9.6328125
RPM-2006-02-09:595:1,RPM-2006-02-09,5,neutral,neutral,-3.3886719,-2.9042969,6.2734375
RPM-2006-07-13:762:2,RPM-2006-07-13,5,neutral,neutral,-0.953125,-2.3359375,8.2109375
RPM-2006-07-13:769:2,RPM-2006-07-13,5,neutral,neutral,-1.1035156,-0.99853516,6.8632812
RPM-2006-07-13:770:3,RPM-2006-07-13,5,neutral,neutral,-4.3476562,-2.0390625,7.5859375
RPM-2006-07-13:780:4,RPM-2006-07-13,5,hawkish,hawkish,6.6835938,-0.85498047,-0.17016602
RPM-2007-02-08:1066:1,RPM-2007-02-08,5,neutral,neutral,-1.7119141,-2.6855469,8.359375
RPM-2007-03-15:1149:1,RPM-2007-03-15,5,dovish,neutral,2.4472656,-0.09503174,3.03125
RPM-2007-12-13:1596:2,RPM-2007-12-13,5,neutral,neutral,-2.3613281,-0.80810547,7.9492188
RPM-2007-12-13:1602:1,RPM-2007-12-13,5,neutral,neutral,1.7226562,0.23291016,3.8261719
RPM-2007-02-08:1090:4,RPM-2007-02-08,5,neutral,dovish,-0.33374023,3.8730469,0.31347656
RPM-2007-02-08:1102:1,RPM-2007-02-08,5,neutral,neutral,1.7519531,-0.68115234,5.140625
RPM-2007-03-15:1117:1,RPM-2007-03-15,5,neutral,neutral,-1.2724609,-3.1328125,7.0195312
RPM-2007-03-15:1123:1,RPM-2007-03-15,5,neutral,neutral,-0.6357422,0.2548828,7.1835938
RPM-2007-03-15:1134:1,RPM-2007-03-15,5,neutral,neutral,-3.4082031,-1.8154297,8.875
RPM-2007-03-15:1161:1,RPM-2007-03-15,5,dovish,dovish,-0.39575195,3.2617188,1.8730469
RPM-2008-05-08:1818:4,RPM-2008-05-08,5,neutral,neutral,-3.8007812,-1.6308594,9.28125
RPM-2008-05-08:1837:1,RPM-2008-05-08,5,neutral,neutral,-0.8955078,-1.3476562,8.1875
RPM-2008-05-08:1848:1,RPM-2008-05-08,5,neutral,hawkish,3.1875,0.46289062,1.8457031
