intervencion_id,meeting_id,fold,etiqueta,pred_a,pred_control,pred_ampliado,cambio
RPM-2005-03-10:165:1,RPM-2005-03-10,1,neutral,1,neutral,neutral,False
RPM-2005-03-10:180:1,RPM-2005-03-10,1,neutral,1,neutral,neutral,False
RPM-2006-08-10:806:1,RPM-2006-08-10,1,neutral,1,neutral,neutral,False
RPM-2006-08-10:808:1,RPM-2006-08-10,1,neutral,1,neutral,neutral,False
RPM-2007-06-14:1296:3,RPM-2007-06-14,1,neutral,1,neutral,neutral,False
RPM-2007-07-12:1325:1,RPM-2007-07-12,1,neutral,0,neutral,neutral,False
RPM-2008-06-10:1854:1,RPM-2008-06-10,1,neutral,1,neutral,neutral,False
RPM-2008-06-10:1870:3,RPM-2008-06-10,1,neutral,1,neutral,neutral,False
RPM-2008-06-10:1878:1,RPM-2008-06-10,1,neutral,1,neutral,neutral,False
RPM-2008-06-10:1904:1,RPM-2008-06-10,1,hawkish,1,hawkish,hawkish,False
RPM-2008-07-10:1923:8,RPM-2008-07-10,1,neutral,1,neutral,neutral,False
RPM-2008-07-10:1959:1,RPM-2008-07-10,1,neutral,1,neutral,neutral,False
RPM-2008-12-11:2176:1,RPM-2008-12-11,1,neutral,0,neutral,neutral,False
RPM-2008-12-11:2187:1,RPM-2008-12-11,1,neutral,1,neutral,neutral,False
RPM-2009-09-08:2689:1,RPM-2009-09-08,1,neutral,0,neutral,neutral,False
RPM-2009-09-08:2699:4,RPM-2009-09-08,1,neutral,1,neutral,neutral,False
RPM-2009-09-08:2711:2,RPM-2009-09-08,1,dovish,1,dovish,dovish,False
RPM-2010-08-12:3281:1,RPM-2010-08-12,1,neutral,1,neutral,neutral,False
RPM-2010-08-12:3306:1,RPM-2010-08-12,1,neutral,1,neutral,neutral,False
RPM-2012-11-13:5166:1,RPM-2012-11-13,1,neutral,1,neutral,neutral,False
RPM-2012-11-13:5168:1,RPM-2012-11-13,1,neutral,1,neutral,neutral,False
RPM-2012-11-13:5175:1,RPM-2012-11-13,1,neutral,1,neutral,neutral,False
RPM-2012-11-13:5217:1,RPM-2012-11-13,1,neutral,1,dovish,dovish,False
RPM-2013-08-13:5703:1,RPM-2013-08-13,1,neutral,1,neutral,neutral,False
RPM-2013-08-13:5714:1,RPM-2013-08-13,1,neutral,1,neutral,neutral,False
RPM-2014-10-16:6466:2,RPM-2014-10-16,1,neutral,0,neutral,neutral,False
RPM-2014-10-16:6473:1,RPM-2014-10-16,1,neutral,0,neutral,neutral,False
RPM-2015-05-14:6763:1,RPM-2015-05-14,1,neutral,1,neutral,neutral,False
RPM-2015-05-14:6768:1,RPM-2015-05-14,1,neutral,1,neutral,neutral,False
RPM-2005-03-10:140:1,RPM-2005-03-10,1,neutral,0,neutral,neutral,False
RPM-2005-03-10:141:1,RPM-2005-03-10,1,neutral,0,neutral,neutral,False
RPM-2005-03-10:142:1,RPM-2005-03-10,1,neutral,1,neutral,neutral,False
RPM-2005-03-10:143:1,RPM-2005-03-10,1,neutral,1,neutral,neutral,False
RPM-2005-03-10:144:1,RPM-2005-03-10,1,neutral,1,neutral,neutral,False
RPM-2005-03-10:145:1,RPM-2005-03-10,1,neutral,1,neutral,neutral,False
RPM-2005-03-10:146:1,RPM-2005-03-10,1,neutral,1,neutral,neutral,False
RPM-2005-03-10:147:1,RPM-2005-03-10,1,neutral,1,neutral,neutral,False
RPM-2005-03-10:148:1,RPM-2005-03-10,1,neutral,1,neutral,neutral,False
RPM-2005-03-10:149:1,RPM-2005-03-10,1,neutral,1,neutral,neutral,False
RPM-2005-03-10:150:1,RPM-2005-03-10,1,neutral,1,neutral,neutral,False
RPM-2005-03-10:151:1,RPM-2005-03-10,1,neutral,1,neutral,neutral,False
RPM-2005-03-10:152:1,RPM-2005-03-10,1,neutral,1,neutral,neutral,False
RPM-2005-03-10:153:1,RPM-2005-03-10,1,neutral,0,neutral,neutral,False
RPM-2005-03-10:154:1,RPM-2005-03-10,1,neutral,1,neutral,neutral,False
RPM-2005-03-10:155:1,RPM-2005-03-10,1,neutral,1,neutral,neutral,False
RPM-2005-03-10:156:1,RPM-2005-03-10,1,neutral,1,neutral,neutral,False
RPM-2005-03-10:157:1,RPM-2005-03-10,1,neutral,1,neutral,neutral,False
RPM-2005-03-10:158:1,RPM-2005-03-10,1,neutral,1,neutral,neutral,False
RPM-2005-03-10:159:1,RPM-2005-03-10,1,neutral,1,neutral,neutral,False
RPM-2005-03-10:160:1,RPM-2005-03-10,1,neutral,1,neutral,neutral,False
RPM-2005-03-10:161:1,RPM-2005-03-10,1,neutral,1,neutral,neutral,False
RPM-2005-03-10:162:1,RPM-2005-03-10,1,neutral,1,neutral,neutral,False
RPM-2005-03-10:163:1,RPM-2005-03-10,1,neutral,1,neutral,neutral,False
RPM-2005-03-10:164:1,RPM-2005-03-10,1,neutral,1,neutral,neutral,False
RPM-2005-03-10:166:1,RPM-2005-03-10,1,neutral,1,neutral,neutral,False
RPM-2005-03-10:167:1,RPM-2005-03-10,1,neutral,1,neutral,neutral,False
RPM-2005-03-10:168:1,RPM-2005-03-10,1,neutral,1,neutral,neutral,False
RPM-2005-03-10:169:1,RPM-2005-03-10,1,neutral,1,neutral,neutral,False
RPM-2005-03-10:170:1,RPM-2005-03-10,1,neutral,1,neutral,neutral,False
RPM-2005-03-10:171:1,RPM-2005-03-10,1,neutral,1,neutral,neutral,False
RPM-2005-03-10:172:1,RPM-2005-03-10,1,neutral,1,neutral,neutral,False
RPM-2005-03-10:173:1,RPM-2005-03-10,1,neutral,1,neutral,neutral,False
RPM-2005-03-10:174:1,RPM-2005-03-10,1,neutral,1,neutral,neutral,False
RPM-2005-03-10:175:1,RPM-2005-03-10,1,neutral,0,neutral,neutral,False
RPM-2005-03-10:176:1,RPM-2005-03-10,1,neutral,0,neutral,neutral,False
RPM-2005-03-10:177:1,RPM-2005-03-10,1,neutral,0,neutral,neutral,False
RPM-2005-03-10:178:1,RPM-2005-03-10,1,hawkish,1,hawkish,hawkish,False
RPM-2005-03-10:178:2,RPM-2005-03-10,1,neutral,0,neutral,neutral,False
RPM-2005-03-10:179:1,RPM-2005-03-10,1,neutral,1,neutral,neutral,False
RPM-2005-03-10:181:1,RPM-2005-03-10,1,neutral,1,neutral,neutral,False
RPM-2005-03-10:182:1,RPM-2005-03-10,1,neutral,1,neutral,neutral,False
RPM-2005-03-10:183:1,RPM-2005-03-10,1,neutral,1,neutral,neutral,False
RPM-2005-03-10:184:1,RPM-2005-03-10,1,neutral,1,neutral,neutral,False
RPM-2005-03-10:185:1,RPM-2005-03-10,1,dovish,1,dovish,dovish,False
RPM-2005-03-10:186:1,RPM-2005-03-10,1,neutral,1,neutral,neutral,False
RPM-2005-03-10:187:1,RPM-2005-03-10,1,neutral,1,neutral,neutral,False
RPM-2005-03-10:188:1,RPM-2005-03-10,1,neutral,1,neutral,neutral,False
RPM-2005-03-10:189:1,RPM-2005-03-10,1,neutral,1,neutral,neutral,False
RPM-2005-03-10:190:1,RPM-2005-03-10,1,hawkish,1,neutral,neutral,False
RPM-2005-03-10:191:1,RPM-2005-03-10,1,neutral,1,neutral,neutral,False
RPM-2005-03-10:192:1,RPM-2005-03-10,1,hawkish,1,hawkish,neutral,True
RPM-2005-03-10:193:1,RPM-2005-03-10,1,neutral,1,neutral,neutral,False
RPM-2005-03-10:194:1,RPM-2005-03-10,1,neutral,0,neutral,neutral,False
RPM-2005-03-10:195:1,RPM-2005-03-10,1,neutral,0,neutral,neutral,False
RPM-2005-03-10:196:1,RPM-2005-03-10,1,neutral,1,neutral,neutral,False
RPM-2005-03-10:197:1,RPM-2005-03-10,1,neutral,1,neutral,hawkish,True
RPM-2005-03-10:198:1,RPM-2005-03-10,1,hawkish,1,hawkish,hawkish,False
RPM-2005-03-10:199:1,RPM-2005-03-10,1,neutral,0,neutral,neutral,False
RPM-2005-03-10:200:1,RPM-2005-03-10,1,hawkish,1,hawkish,hawkish,False
RPM-2006-05-11:657:2,RPM-2006-05-11,1,neutral,1,neutral,neutral,False
RPM-2006-05-11:661:1,RPM-2006-05-11,1,neutral,1,neutral,neutral,False
RPM-2006-05-11:671:1,RPM-2006-05-11,1,dovish,1,hawkish,hawkish,False
RPM-2006-05-11:672:1,RPM-2006-05-11,1,dovish,1,dovish,hawkish,True
RPM-2006-05-11:673:1,RPM-2006-05-11,1,dovish,1,dovish,dovish,False
RPM-2006-05-11:674:1,RPM-2006-05-11,1,hawkish,1,hawkish,hawkish,False
RPM-2006-08-10:789:1,RPM-2006-08-10,1,neutral,1,neutral,neutral,False
RPM-2006-08-10:807:1,RPM-2006-08-10,1,neutral,0,neutral,neutral,False
RPM-2006-08-10:816:1,RPM-2006-08-10,1,neutral,0,neutral,neutral,False
RPM-2006-08-10:818:1,RPM-2006-08-10,1,neutral,0,neutral,neutral,False
RPM-2006-08-10:820:1,RPM-2006-08-10,1,neutral,1,neutral,neutral,False
RPM-2006-08-10:826:1,RPM-2006-08-10,1,hawkish,1,hawkish,hawkish,False
RPM-2007-06-14:1278:1,RPM-2007-06-14,1,neutral,1,neutral,neutral,False
RPM-2007-06-14:1305:1,RPM-2007-06-14,1,hawkish,1,hawkish,hawkish,False
RPM-2007-07-12:1314:2,RPM-2007-07-12,1,neutral,1,neutral,neutral,False
RPM-2007-07-12:1324:1,RPM-2007-07-12,1,neutral,1,neutral,neutral,False
RPM-2007-07-12:1325:3,RPM-2007-07-12,1,neutral,1,neutral,neutral,False
RPM-2007-07-12:1329:1,RPM-2007-07-12,1,neutral,1,neutral,neutral,False
RPM-2007-07-12:1332:1,RPM-2007-07-12,1,neutral,1,neutral,neutral,False
RPM-2007-07-12:1335:2,RPM-2007-07-12,1,neutral,1,neutral,neutral,False
RPM-2008-06-10:1869:7,RPM-2008-06-10,1,neutral,1,neutral,neutral,False
RPM-2008-06-10:1873:4,RPM-2008-06-10,1,neutral,1,neutral,neutral,False
RPM-2008-06-10:1874:1,RPM-2008-06-10,1,neutral,1,neutral,neutral,False
RPM-2008-06-10:1879:1,RPM-2008-06-10,1,neutral,1,neutral,neutral,False
RPM-2008-06-10:1889:3,RPM-2008-06-10,1,neutral,1,neutral,neutral,False
RPM-2008-06-10:1902:1,RPM-2008-06-10,1,hawkish,1,hawkish,hawkish,False
RPM-2008-07-10:1916:2,RPM-2008-07-10,1,neutral,1,neutral,neutral,False
RPM-2008-07-10:1917:3,RPM-2008-07-10,1,neutral,1,neutral,neutral,False
RPM-2008-07-10:1923:7,RPM-2008-07-10,1,neutral,1,neutral,neutral,False
RPM-2008-07-10:1945:1,RPM-2008-07-10,1,neutral,1,neutral,neutral,False
RPM-2008-07-10:1948:2,RPM-2008-07-10,1,neutral,1,neutral,neutral,False
RPM-2008-07-10:1953:1,RPM-2008-07-10,1,neutral,1,neutral,neutral,False
RPM-2008-07-10:1975:1,RPM-2008-07-10,1,neutral,1,neutral,hawkish,True
RPM-2008-12-11:2177:2,RPM-2008-12-11,1,neutral,1,neutral,neutral,False
RPM-2008-12-11:2206:3,RPM-2008-12-11,1,neutral,1,neutral,neutral,False
RPM-2008-12-11:2217:1,RPM-2008-12-11,1,neutral,1,neutral,neutral,False
RPM-2008-12-11:2221:2,RPM-2008-12-11,1,neutral,1,neutral,neutral,False
RPM-2008-12-11:2229:1,RPM-2008-12-11,1,neutral,1,neutral,neutral,False
RPM-2008-12-11:2232:1,RPM-2008-12-11,1,neutral,1,neutral,neutral,False
RPM-2008-12-11:2237:4,RPM-2008-12-11,1,neutral,0,neutral,neutral,False
RPM-2008-12-11:2238:1,RPM-2008-12-11,1,dovish,1,dovish,dovish,False
RPM-2008-12-11:2249:1,RPM-2008-12-11,1,neutral,1,dovish,dovish,False
RPM-2008-12-11:2251:1,RPM-2008-12-11,1,dovish,1,dovish,dovish,False
RPM-2009-09-08:2705:7,RPM-2009-09-08,1,neutral,0,neutral,neutral,False
RPM-2009-09-08:2706:1,RPM-2009-09-08,1,neutral,0,neutral,neutral,False
RPM-2010-08-12:3286:3,RPM-2010-08-12,1,neutral,1,neutral,neutral,False
RPM-2010-08-12:3302:1,RPM-2010-08-12,1,neutral,1,neutral,neutral,False
RPM-2010-08-12:3303:3,RPM-2010-08-12,1,neutral,1,neutral,neutral,False
RPM-2010-08-12:3308:2,RPM-2010-08-12,1,neutral,1,neutral,neutral,False
RPM-2010-08-12:3310:4,RPM-2010-08-12,1,neutral,1,neutral,neutral,False
RPM-2010-08-12:3337:1,RPM-2010-08-12,1,hawkish,1,neutral,neutral,False
RPM-2012-11-13:5207:3,RPM-2012-11-13,1,neutral,0,neutral,neutral,False
RPM-2012-11-13:5215:1,RPM-2012-11-13,1,neutral,1,dovish,dovish,False
RPM-2013-08-13:5718:1,RPM-2013-08-13,1,neutral,0,neutral,neutral,False
RPM-2013-08-13:5727:2,RPM-2013-08-13,1,neutral,1,neutral,neutral,False
RPM-2013-08-13:5738:2,RPM-2013-08-13,1,neutral,0,neutral,neutral,False
RPM-2013-08-13:5748:1,RPM-2013-08-13,1,neutral,1,dovish,neutral,True
RPM-2013-08-13:5752:2,RPM-2013-08-13,1,neutral,0,neutral,neutral,False
RPM-2014-10-16:6451:2,RPM-2014-10-16,1,neutral,1,neutral,neutral,False
RPM-2014-10-16:6452:1,RPM-2014-10-16,1,neutral,1,neutral,neutral,False
RPM-2014-10-16:6484:1,RPM-2014-10-16,1,dovish,1,dovish,dovish,False
RPM-2015-05-14:6760:1,RPM-2015-05-14,1,neutral,1,neutral,neutral,False
RPM-2015-05-14:6762:1,RPM-2015-05-14,1,neutral,0,neutral,neutral,False
RPM-2015-05-14:6769:2,RPM-2015-05-14,1,neutral,1,neutral,neutral,False
RPM-2015-05-14:6772:1,RPM-2015-05-14,1,neutral,1,neutral,neutral,False
RPM-2015-05-14:6773:1,RPM-2015-05-14,1,neutral,1,neutral,neutral,False
RPM-2015-05-14:6774:1,RPM-2015-05-14,1,neutral,1,neutral,neutral,False
RPM-2015-05-14:6800:1,RPM-2015-05-14,1,neutral,0,neutral,neutral,False
RPM-2015-05-14:6804:1,RPM-2015-05-14,1,neutral,1,dovish,dovish,False
RPM-2005-04-07:207:10,RPM-2005-04-07,2,neutral,0,neutral,neutral,False
RPM-2006-01-12:527:1,RPM-2006-01-12,2,neutral,0,neutral,neutral,False
RPM-2006-01-12:571:1,RPM-2006-01-12,2,hawkish,1,hawkish,hawkish,False
RPM-2006-10-12:941:1,RPM-2006-10-12,2,neutral,1,dovish,dovish,False
RPM-2007-10-11:1505:1,RPM-2007-10-11,2,neutral,1,neutral,neutral,False
RPM-2008-09-04:2048:1,RPM-2008-09-04,2,neutral,0,neutral,neutral,False
RPM-2008-09-04:2083:1,RPM-2008-09-04,2,neutral,1,neutral,neutral,False
RPM-2008-09-04:2088:1,RPM-2008-09-04,2,hawkish,1,hawkish,dovish,True
RPM-2009-07-09:2608:4,RPM-2009-07-09,2,neutral,1,neutral,neutral,False
RPM-2009-07-09:2644:2,RPM-2009-07-09,2,dovish,1,dovish,dovish,False
RPM-2009-10-13:2714:1,RPM-2009-10-13,2,neutral,0,neutral,neutral,False
RPM-2009-10-13:2725:5,RPM-2009-10-13,2,neutral,1,neutral,neutral,False
RPM-2009-10-13:2742:1,RPM-2009-10-13,2,neutral,1,neutral,neutral,False
RPM-2009-12-15:2809:1,RPM-2009-12-15,2,neutral,1,neutral,neutral,False
RPM-2009-12-15:2821:1,RPM-2009-12-15,2,neutral,1,neutral,neutral,False
RPM-2009-12-15:2823:2,RPM-2009-12-15,2,neutral,1,neutral,neutral,False
RPM-2009-12-15:2829:1,RPM-2009-12-15,2,neutral,1,neutral,neutral,False
RPM-2010-09-16:3372:1,RPM-2010-09-16,2,neutral,1,neutral,neutral,False
RPM-2010-09-16:3388:2,RPM-2010-09-16,2,neutral,1,neutral,neutral,False
RPM-2010-09-16:3422:1,RPM-2010-09-16,2,neutral,0,neutral,neutral,False
RPM-2011-01-13:3695:1,RPM-2011-01-13,2,neutral,1,neutral,neutral,False
RPM-2012-03-15:4713:1,RPM-2012-03-15,2,neutral,1,neutral,neutral,False
RPM-2012-03-15:4719:6,RPM-2012-03-15,2,neutral,1,neutral,neutral,False
RPM-2013-11-19:5864:1,RPM-2013-11-19,2,neutral,1,neutral,neutral,False
RPM-2013-11-19:5873:1,RPM-2013-11-19,2,neutral,1,neutral,neutral,False
RPM-2015-01-15:6562:1,RPM-2015-01-15,2,neutral,1,neutral,neutral,False
RPM-2015-01-15:6584:1,RPM-2015-01-15,2,neutral,0,neutral,neutral,False
RPM-2015-01-15:6586:3,RPM-2015-01-15,2,neutral,0,neutral,neutral,False
RPM-2005-04-07:201:1,RPM-2005-04-07,2,neutral,0,neutral,neutral,False
RPM-2005-04-07:202:2,RPM-2005-04-07,2,neutral,1,neutral,neutral,False
RPM-2005-04-07:202:3,RPM-2005-04-07,2,neutral,0,neutral,neutral,False
RPM-2005-04-07:203:1,RPM-2005-04-07,2,neutral,1,neutral,neutral,False
RPM-2005-04-07:203:2,RPM-2005-04-07,2,neutral,1,neutral,neutral,False
RPM-2005-04-07:203:3,RPM-2005-04-07,2,neutral,1,neutral,neutral,False
RPM-2005-04-07:203:4,RPM-2005-04-07,2,neutral,1,neutral,neutral,False
RPM-2005-04-07:204:1,RPM-2005-04-07,2,neutral,0,neutral,neutral,False
RPM-2005-04-07:204:2,RPM-2005-04-07,2,neutral,1,neutral,neutral,False
RPM-2005-04-07:204:3,RPM-2005-04-07,2,neutral,1,neutral,neutral,False
RPM-2005-04-07:205:1,RPM-2005-04-07,2,neutral,1,neutral,neutral,False
RPM-2005-04-07:205:3,RPM-2005-04-07,2,neutral,1,neutral,neutral,False
RPM-2005-04-07:205:4,RPM-2005-04-07,2,neutral,1,neutral,neutral,False
RPM-2005-04-07:205:5,RPM-2005-04-07,2,neutral,1,neutral,neutral,False
RPM-2005-04-07:206:1,RPM-2005-04-07,2,neutral,1,neutral,neutral,False
RPM-2005-04-07:206:2,RPM-2005-04-07,2,neutral,1,neutral,neutral,False
RPM-2005-04-07:206:3,RPM-2005-04-07,2,neutral,1,neutral,neutral,False
RPM-2005-04-07:206:4,RPM-2005-04-07,2,neutral,0,neutral,neutral,False
RPM-2005-04-07:206:5,RPM-2005-04-07,2,neutral,1,neutral,neutral,False
RPM-2005-04-07:207:1,RPM-2005-04-07,2,neutral,1,neutral,neutral,False
RPM-2005-04-07:207:11,RPM-2005-04-07,2,neutral,1,neutral,neutral,False
RPM-2005-04-07:207:12,RPM-2005-04-07,2,neutral,1,neutral,neutral,False
RPM-2005-04-07:207:2,RPM-2005-04-07,2,neutral,1,neutral,neutral,False
RPM-2005-04-07:207:3,RPM-2005-04-07,2,neutral,1,neutral,neutral,False
RPM-2005-04-07:207:4,RPM-2005-04-07,2,neutral,1,neutral,neutral,False
RPM-2005-04-07:207:5,RPM-2005-04-07,2,neutral,1,neutral,neutral,False
RPM-2005-04-07:207:6,RPM-2005-04-07,2,neutral,1,neutral,neutral,False
RPM-2005-04-07:207:7,RPM-2005-04-07,2,neutral,1,neutral,neutral,False
RPM-2005-04-07:207:8,RPM-2005-04-07,2,neutral,1,neutral,neutral,False
RPM-2005-04-07:207:9,RPM-2005-04-07,2,neutral,1,neutral,neutral,False
RPM-2005-04-07:208:1,RPM-2005-04-07,2,neutral,1,neutral,neutral,False
RPM-2005-04-07:209:1,RPM-2005-04-07,2,neutral,1,neutral,neutral,False
RPM-2005-04-07:210:1,RPM-2005-04-07,2,neutral,1,neutral,neutral,False
RPM-2005-04-07:210:2,RPM-2005-04-07,2,neutral,1,neutral,neutral,False
RPM-2005-04-07:210:3,RPM-2005-04-07,2,neutral,1,neutral,neutral,False
RPM-2005-04-07:211:1,RPM-2005-04-07,2,neutral,1,neutral,neutral,False
RPM-2005-04-07:212:1,RPM-2005-04-07,2,neutral,0,neutral,neutral,False
RPM-2005-04-07:212:2,RPM-2005-04-07,2,neutral,1,neutral,neutral,False
RPM-2005-04-07:212:3,RPM-2005-04-07,2,neutral,1,neutral,neutral,False
RPM-2005-04-07:212:4,RPM-2005-04-07,2,neutral,1,neutral,neutral,False
RPM-2005-04-07:212:5,RPM-2005-04-07,2,neutral,1,neutral,neutral,False
RPM-2005-04-07:213:1,RPM-2005-04-07,2,neutral,1,neutral,neutral,False
RPM-2005-04-07:213:2,RPM-2005-04-07,2,neutral,1,neutral,neutral,False
RPM-2005-04-07:213:3,RPM-2005-04-07,2,neutral,1,neutral,neutral,False
RPM-2005-04-07:214:1,RPM-2005-04-07,2,neutral,0,neutral,neutral,False
RPM-2005-04-07:214:2,RPM-2005-04-07,2,neutral,0,neutral,neutral,False
RPM-2005-04-07:214:3,RPM-2005-04-07,2,neutral,0,neutral,neutral,False
RPM-2005-04-07:214:4,RPM-2005-04-07,2,hawkish,1,hawkish,hawkish,False
RPM-2005-04-07:214:5,RPM-2005-04-07,2,neutral,0,neutral,neutral,False
RPM-2005-04-07:215:1,RPM-2005-04-07,2,dovish,1,hawkish,hawkish,False
RPM-2005-04-07:216:1,RPM-2005-04-07,2,hawkish,1,hawkish,hawkish,False
RPM-2005-04-07:217:1,RPM-2005-04-07,2,hawkish,1,hawkish,hawkish,False
RPM-2005-04-07:217:2,RPM-2005-04-07,2,hawkish,1,hawkish,hawkish,False
RPM-2005-04-07:218:1,RPM-2005-04-07,2,hawkish,1,hawkish,hawkish,False
RPM-2005-04-07:219:1,RPM-2005-04-07,2,hawkish,1,hawkish,hawkish,False
RPM-2005-04-07:219:2,RPM-2005-04-07,2,hawkish,1,hawkish,hawkish,False
RPM-2005-04-07:220:1,RPM-2005-04-07,2,neutral,0,neutral,neutral,False
RPM-2005-09-08:390:1,RPM-2005-09-08,2,hawkish,1,hawkish,hawkish,False
RPM-2005-09-08:391:1,RPM-2005-09-08,2,neutral,0,neutral,neutral,False
RPM-2006-01-12:533:1,RPM-2006-01-12,2,neutral,1,hawkish,hawkish,False
RPM-2006-01-12:553:1,RPM-2006-01-12,2,neutral,1,neutral,neutral,False
RPM-2006-01-12:564:1,RPM-2006-01-12,2,neutral,1,neutral,neutral,False
RPM-2006-01-12:567:1,RPM-2006-01-12,2,neutral,1,neutral,neutral,False
RPM-2006-10-12:897:1,RPM-2006-10-12,2,neutral,0,neutral,neutral,False
RPM-2006-10-12:906:1,RPM-2006-10-12,2,neutral,1,neutral,neutral,False
RPM-2006-10-12:919:1,RPM-2006-10-12,2,neutral,1,neutral,neutral,False
RPM-2006-10-12:922:1,RPM-2006-10-12,2,neutral,1,neutral,neutral,False
RPM-2006-10-12:936:1,RPM-2006-10-12,2,dovish,1,dovish,dovish,False
RPM-2007-10-11:1497:1,RPM-2007-10-11,2,neutral,1,neutral,neutral,False
RPM-2007-10-11:1502:1,RPM-2007-10-11,2,neutral,1,neutral,neutral,False
RPM-2007-10-11:1503:3,RPM-2007-10-11,2,neutral,1,neutral,neutral,False
RPM-2007-10-11:1504:2,RPM-2007-10-11,2,neutral,1,neutral,neutral,False
RPM-2007-10-11:1507:1,RPM-2007-10-11,2,neutral,1,neutral,neutral,False
RPM-2007-10-11:1508:3,RPM-2007-10-11,2,neutral,0,neutral,neutral,False
RPM-2007-10-11:1519:1,RPM-2007-10-11,2,neutral,1,hawkish,hawkish,False
RPM-2008-09-04:2050:3,RPM-2008-09-04,2,neutral,1,neutral,neutral,False
RPM-2008-09-04:2067:1,RPM-2008-09-04,2,neutral,1,neutral,neutral,False
RPM-2008-09-04:2073:1,RPM-2008-09-04,2,neutral,1,neutral,neutral,False
RPM-2008-09-04:2086:1,RPM-2008-09-04,2,hawkish,1,hawkish,hawkish,False
RPM-2008-09-04:2094:1,RPM-2008-09-04,2,hawkish,1,hawkish,hawkish,False
RPM-2008-09-04:2095:1,RPM-2008-09-04,2,hawkish,1,hawkish,hawkish,False
RPM-2008-09-04:2099:1,RPM-2008-09-04,2,hawkish,1,hawkish,hawkish,False
RPM-2008-09-04:2100:1,RPM-2008-09-04,2,neutral,0,neutral,neutral,False
RPM-2009-07-09:2629:3,RPM-2009-07-09,2,neutral,1,neutral,neutral,False
RPM-2009-07-09:2637:2,RPM-2009-07-09,2,neutral,1,neutral,neutral,False
RPM-2009-10-13:2715:1,RPM-2009-10-13,2,neutral,0,neutral,neutral,False
RPM-2009-10-13:2718:1,RPM-2009-10-13,2,neutral,1,neutral,neutral,False
RPM-2009-10-13:2726:2,RPM-2009-10-13,2,neutral,1,neutral,neutral,False
RPM-2009-10-13:2728:1,RPM-2009-10-13,2,neutral,0,neutral,neutral,False
RPM-2009-10-13:2729:1,RPM-2009-10-13,2,neutral,1,neutral,neutral,False
RPM-2009-10-13:2734:2,RPM-2009-10-13,2,neutral,1,neutral,neutral,False
RPM-2009-10-13:2747:1,RPM-2009-10-13,2,neutral,0,neutral,neutral,False
RPM-2009-10-13:2757:2,RPM-2009-10-13,2,dovish,1,dovish,dovish,False
RPM-2009-10-13:2758:1,RPM-2009-10-13,2,dovish,1,hawkish,hawkish,False
RPM-2009-12-15:2828:1,RPM-2009-12-15,2,neutral,1,neutral,neutral,False
RPM-2010-09-16:3345:1,RPM-2010-09-16,2,neutral,0,neutral,neutral,False
RPM-2010-09-16:3346:1,RPM-2010-09-16,2,neutral,0,neutral,neutral,False
RPM-2010-09-16:3354:3,RPM-2010-09-16,2,neutral,1,neutral,neutral,False
RPM-2010-09-16:3374:1,RPM-2010-09-16,2,neutral,1,neutral,neutral,False
RPM-2010-09-16:3389:1,RPM-2010-09-16,2,neutral,1,neutral,neutral,False
RPM-2010-09-16:3395:4,RPM-2010-09-16,2,neutral,1,neutral,neutral,False
RPM-2010-09-16:3409:2,RPM-2010-09-16,2,neutral,1,neutral,neutral,False
RPM-2011-01-13:3651:1,RPM-2011-01-13,2,neutral,1,neutral,neutral,False
RPM-2011-01-13:3656:3,RPM-2011-01-13,2,neutral,1,neutral,neutral,False
RPM-2011-01-13:3659:1,RPM-2011-01-13,2,neutral,0,neutral,neutral,False
RPM-2011-01-13:3672:1,RPM-2011-01-13,2,neutral,1,neutral,neutral,False
RPM-2011-01-13:3698:1,RPM-2011-01-13,2,neutral,1,neutral,neutral,False
RPM-2011-01-13:3717:1,RPM-2011-01-13,2,neutral,0,neutral,neutral,False
RPM-2012-03-15:4681:1,RPM-2012-03-15,2,neutral,1,neutral,neutral,False
RPM-2012-03-15:4689:2,RPM-2012-03-15,2,neutral,1,neutral,neutral,False
RPM-2012-03-15:4697:1,RPM-2012-03-15,2,neutral,1,neutral,neutral,False
RPM-2012-03-15:4701:1,RPM-2012-03-15,2,neutral,1,neutral,neutral,False
RPM-2012-03-15:4706:2,RPM-2012-03-15,2,neutral,1,neutral,neutral,False
RPM-2012-03-15:4720:1,RPM-2012-03-15,2,neutral,0,neutral,neutral,False
RPM-2012-03-15:4721:1,RPM-2012-03-15,2,neutral,1,hawkish,dovish,True
RPM-2013-11-19:5861:1,RPM-2013-11-19,2,neutral,1,neutral,neutral,False
RPM-2013-11-19:5866:1,RPM-2013-11-19,2,neutral,1,neutral,neutral,False
RPM-2013-11-19:5872:1,RPM-2013-11-19,2,neutral,0,neutral,neutral,False
RPM-2013-11-19:5884:3,RPM-2013-11-19,2,neutral,0,neutral,neutral,False
RPM-2013-11-19:5900:1,RPM-2013-11-19,2,dovish,1,dovish,dovish,False
RPM-2013-11-19:5901:1,RPM-2013-11-19,2,dovish,1,dovish,dovish,False
RPM-2014-09-11:6397:1,RPM-2014-09-11,2,neutral,1,neutral,neutral,False
RPM-2014-09-11:6405:1,RPM-2014-09-11,2,neutral,1,neutral,neutral,False
RPM-2014-09-11:6406:1,RPM-2014-09-11,2,neutral,1,neutral,neutral,False
RPM-2014-09-11:6414:1,RPM-2014-09-11,2,neutral,1,neutral,neutral,False
RPM-2014-09-11:6415:3,RPM-2014-09-11,2,neutral,1,neutral,neutral,False
RPM-2014-09-11:6423:1,RPM-2014-09-11,2,neutral,0,neutral,neutral,False
RPM-2014-09-11:6437:1,RPM-2014-09-11,2,dovish,1,dovish,dovish,False
RPM-2015-01-15:6550:1,RPM-2015-01-15,2,neutral,0,neutral,neutral,False
RPM-2015-01-15:6585:1,RPM-2015-01-15,2,neutral,1,dovish,dovish,False
RPM-2015-01-15:6592:1,RPM-2015-01-15,2,neutral,0,neutral,neutral,False
RPM-2005-01-11:24:1,RPM-2005-01-11,3,neutral,1,neutral,neutral,False
RPM-2005-01-11:45:1,RPM-2005-01-11,3,neutral,1,neutral,neutral,False
RPM-2005-01-11:48:1,RPM-2005-01-11,3,neutral,1,neutral,neutral,False
RPM-2005-10-11:405:1,RPM-2005-10-11,3,neutral,0,neutral,neutral,False
RPM-2005-10-11:436:1,RPM-2005-10-11,3,neutral,0,neutral,neutral,False
RPM-2006-09-07:835:1,RPM-2006-09-07,3,neutral,1,neutral,neutral,False
RPM-2006-09-07:857:1,RPM-2006-09-07,3,neutral,1,neutral,neutral,False
RPM-2006-09-07:873:1,RPM-2006-09-07,3,dovish,1,dovish,dovish,False
RPM-2006-12-14:1017:1,RPM-2006-12-14,3,neutral,1,dovish,dovish,False
RPM-2007-01-11:1030:1,RPM-2007-01-11,3,neutral,1,neutral,neutral,False
RPM-2007-01-11:1047:5,RPM-2007-01-11,3,neutral,0,neutral,neutral,False
RPM-2007-01-11:1049:3,RPM-2007-01-11,3,dovish,1,neutral,dovish,True
RPM-2008-01-10:1619:2,RPM-2008-01-10,3,neutral,1,neutral,neutral,False
RPM-2008-01-10:1628:2,RPM-2008-01-10,3,neutral,0,neutral,neutral,False
RPM-2009-08-13:2659:1,RPM-2009-08-13,3,neutral,1,neutral,neutral,False
RPM-2010-06-15:3137:1,RPM-2010-06-15,3,neutral,1,neutral,neutral,False
RPM-2010-06-15:3166:1,RPM-2010-06-15,3,neutral,1,neutral,neutral,False
RPM-2010-06-15:3199:1,RPM-2010-06-15,3,hawkish,1,hawkish,hawkish,False
RPM-2011-08-18:4224:2,RPM-2011-08-18,3,neutral,1,neutral,neutral,False
RPM-2011-08-18:4263:1,RPM-2011-08-18,3,neutral,1,neutral,neutral,False
RPM-2011-08-18:4272:1,RPM-2011-08-18,3,dovish,1,hawkish,hawkish,False
RPM-2013-01-17:5306:1,RPM-2013-01-17,3,neutral,1,neutral,neutral,False
RPM-2014-03-13:6057:1,RPM-2014-03-13,3,neutral,0,neutral,neutral,False
RPM-2014-03-13:6075:1,RPM-2014-03-13,3,neutral,0,neutral,neutral,False
RPM-2014-03-13:6103:2,RPM-2014-03-13,3,neutral,1,neutral,neutral,False
RPM-2014-08-14:6389:3,RPM-2014-08-14,3,dovish,1,dovish,dovish,False
RPM-2015-03-19:6680:1,RPM-2015-03-19,3,neutral,0,neutral,neutral,False
RPM-2015-03-19:6681:1,RPM-2015-03-19,3,dovish,1,dovish,dovish,False
RPM-2005-01-11:10:1,RPM-2005-01-11,3,neutral,1,neutral,neutral,False
RPM-2005-01-11:11:1,RPM-2005-01-11,3,neutral,1,neutral,neutral,False
RPM-2005-01-11:12:1,RPM-2005-01-11,3,neutral,1,neutral,neutral,False
RPM-2005-01-11:13:1,RPM-2005-01-11,3,neutral,1,neutral,neutral,False
RPM-2005-01-11:14:1,RPM-2005-01-11,3,neutral,1,neutral,neutral,False
RPM-2005-01-11:15:1,RPM-2005-01-11,3,neutral,1,neutral,neutral,False
RPM-2005-01-11:16:1,RPM-2005-01-11,3,neutral,1,neutral,neutral,False
RPM-2005-01-11:17:1,RPM-2005-01-11,3,neutral,1,neutral,neutral,False
RPM-2005-01-11:18:1,RPM-2005-01-11,3,neutral,1,neutral,neutral,False
RPM-2005-01-11:19:1,RPM-2005-01-11,3,neutral,1,neutral,neutral,False
RPM-2005-01-11:1:1,RPM-2005-01-11,3,neutral,0,neutral,neutral,False
RPM-2005-01-11:20:1,RPM-2005-01-11,3,neutral,1,neutral,neutral,False
RPM-2005-01-11:21:1,RPM-2005-01-11,3,neutral,1,neutral,neutral,False
RPM-2005-01-11:22:1,RPM-2005-01-11,3,neutral,1,neutral,neutral,False
RPM-2005-01-11:23:1,RPM-2005-01-11,3,neutral,1,neutral,neutral,False
RPM-2005-01-11:25:1,RPM-2005-01-11,3,neutral,1,neutral,neutral,False
RPM-2005-01-11:26:1,RPM-2005-01-11,3,neutral,1,neutral,neutral,False
RPM-2005-01-11:27:1,RPM-2005-01-11,3,neutral,1,neutral,neutral,False
RPM-2005-01-11:28:1,RPM-2005-01-11,3,neutral,0,neutral,neutral,False
RPM-2005-01-11:28:2,RPM-2005-01-11,3,neutral,0,neutral,neutral,False
RPM-2005-01-11:29:1,RPM-2005-01-11,3,neutral,1,neutral,neutral,False
RPM-2005-01-11:2:1,RPM-2005-01-11,3,neutral,0,neutral,neutral,False
RPM-2005-01-11:30:1,RPM-2005-01-11,3,neutral,1,neutral,neutral,False
RPM-2005-01-11:31:1,RPM-2005-01-11,3,neutral,1,neutral,neutral,False
RPM-2005-01-11:32:1,RPM-2005-01-11,3,neutral,1,neutral,neutral,False
RPM-2005-01-11:33:1,RPM-2005-01-11,3,neutral,1,neutral,neutral,False
RPM-2005-01-11:34:1,RPM-2005-01-11,3,neutral,1,neutral,neutral,False
RPM-2005-01-11:35:1,RPM-2005-01-11,3,neutral,1,neutral,neutral,False
RPM-2005-01-11:36:1,RPM-2005-01-11,3,neutral,1,neutral,neutral,False
RPM-2005-01-11:37:1,RPM-2005-01-11,3,neutral,0,neutral,neutral,False
RPM-2005-01-11:38:1,RPM-2005-01-11,3,hawkish,1,hawkish,hawkish,False
RPM-2005-01-11:39:1,RPM-2005-01-11,3,hawkish,1,hawkish,hawkish,False
RPM-2005-01-11:3:1,RPM-2005-01-11,3,neutral,1,neutral,neutral,False
RPM-2005-01-11:40:1,RPM-2005-01-11,3,neutral,0,neutral,neutral,False
RPM-2005-01-11:41:1,RPM-2005-01-11,3,hawkish,1,hawkish,hawkish,False
RPM-2005-01-11:42:1,RPM-2005-01-11,3,neutral,1,dovish,dovish,False
RPM-2005-01-11:43:1,RPM-2005-01-11,3,neutral,1,neutral,neutral,False
RPM-2005-01-11:44:1,RPM-2005-01-11,3,neutral,1,neutral,neutral,False
RPM-2005-01-11:46:1,RPM-2005-01-11,3,hawkish,1,neutral,neutral,False
RPM-2005-01-11:47:1,RPM-2005-01-11,3,neutral,0,neutral,neutral,False
RPM-2005-01-11:49:1,RPM-2005-01-11,3,neutral,0,neutral,neutral,False
RPM-2005-01-11:4:1,RPM-2005-01-11,3,neutral,1,neutral,neutral,False
RPM-2005-01-11:50:1,RPM-2005-01-11,3,hawkish,1,hawkish,hawkish,False
RPM-2005-01-11:51:1,RPM-2005-01-11,3,hawkish,1,hawkish,hawkish,False
RPM-2005-01-11:52:1,RPM-2005-01-11,3,hawkish,1,hawkish,hawkish,False
RPM-2005-01-11:53:1,RPM-2005-01-11,3,hawkish,1,hawkish,hawkish,False
RPM-2005-01-11:54:1,RPM-2005-01-11,3,hawkish,1,hawkish,hawkish,False
RPM-2005-01-11:55:1,RPM-2005-01-11,3,neutral,1,neutral,neutral,False
RPM-2005-01-11:56:1,RPM-2005-01-11,3,hawkish,1,neutral,neutral,False
RPM-2005-01-11:57:1,RPM-2005-01-11,3,hawkish,1,hawkish,hawkish,False
RPM-2005-01-11:5:1,RPM-2005-01-11,3,hawkish,1,hawkish,hawkish,False
RPM-2005-01-11:6:1,RPM-2005-01-11,3,neutral,0,neutral,neutral,False
RPM-2005-01-11:7:1,RPM-2005-01-11,3,neutral,1,neutral,neutral,False
RPM-2005-01-11:8:1,RPM-2005-01-11,3,neutral,1,neutral,neutral,False
RPM-2005-01-11:9:1,RPM-2005-01-11,3,neutral,1,neutral,neutral,False
RPM-2005-10-11:437:1,RPM-2005-10-11,3,neutral,0,neutral,neutral,False
RPM-2006-09-07:838:1,RPM-2006-09-07,3,neutral,1,neutral,neutral,False
RPM-2006-09-07:866:1,RPM-2006-09-07,3,neutral,0,neutral,neutral,False
RPM-2006-09-07:867:1,RPM-2006-09-07,3,dovish,1,hawkish,hawkish,False
RPM-2006-12-14:1001:1,RPM-2006-12-14,3,neutral,1,neutral,neutral,False
RPM-2006-12-14:1003:4,RPM-2006-12-14,3,neutral,1,neutral,neutral,False
RPM-2006-12-14:1010:5,RPM-2006-12-14,3,neutral,1,neutral,neutral,False
RPM-2006-12-14:1014:3,RPM-2006-12-14,3,neutral,1,neutral,neutral,False
RPM-2006-12-14:1019:1,RPM-2006-12-14,3,hawkish,1,dovish,dovish,False
RPM-2006-12-14:1021:1,RPM-2006-12-14,3,neutral,0,neutral,neutral,False
RPM-2006-12-14:989:1,RPM-2006-12-14,3,neutral,0,neutral,neutral,False
RPM-2007-01-11:1023:1,RPM-2007-01-11,3,neutral,0,neutral,neutral,False
RPM-2007-01-11:1043:1,RPM-2007-01-11,3,neutral,1,neutral,neutral,False
RPM-2007-01-11:1045:1,RPM-2007-01-11,3,neutral,1,neutral,neutral,False
RPM-2007-01-11:1047:3,RPM-2007-01-11,3,neutral,0,neutral,neutral,False
RPM-2007-01-11:1050:1,RPM-2007-01-11,3,dovish,1,dovish,dovish,False
RPM-2007-01-11:1054:1,RPM-2007-01-11,3,hawkish,1,hawkish,hawkish,False
RPM-2007-01-11:1057:1,RPM-2007-01-11,3,dovish,1,hawkish,hawkish,False
RPM-2007-01-11:1058:1,RPM-2007-01-11,3,neutral,0,neutral,neutral,False
RPM-2008-01-10:1618:1,RPM-2008-01-10,3,neutral,1,neutral,neutral,False
RPM-2008-01-10:1628:1,RPM-2008-01-10,3,neutral,0,neutral,neutral,False
RPM-2008-01-10:1629:1,RPM-2008-01-10,3,hawkish,1,hawkish,hawkish,False
RPM-2008-01-10:1636:1,RPM-2008-01-10,3,hawkish,1,hawkish,hawkish,False
RPM-2008-01-10:1637:1,RPM-2008-01-10,3,hawkish,1,hawkish,hawkish,False
RPM-2009-08-13:2656:1,RPM-2009-08-13,3,neutral,0,neutral,neutral,False
RPM-2009-08-13:2660:1,RPM-2009-08-13,3,neutral,1,neutral,neutral,False
RPM-2009-08-13:2665:1,RPM-2009-08-13,3,neutral,1,neutral,neutral,False
RPM-2009-08-13:2668:1,RPM-2009-08-13,3,neutral,1,neutral,neutral,False
RPM-2009-08-13:2674:3,RPM-2009-08-13,3,neutral,1,neutral,neutral,False
RPM-2009-08-13:2674:5,RPM-2009-08-13,3,neutral,1,neutral,neutral,False
RPM-2009-08-13:2677:1,RPM-2009-08-13,3,neutral,1,neutral,neutral,False
RPM-2009-08-13:2679:1,RPM-2009-08-13,3,neutral,1,neutral,neutral,False
RPM-2009-08-13:2680:3,RPM-2009-08-13,3,neutral,0,neutral,neutral,False
RPM-2009-08-13:2681:1,RPM-2009-08-13,3,dovish,1,dovish,dovish,False
RPM-2009-08-13:2688:1,RPM-2009-08-13,3,dovish,1,dovish,dovish,False
RPM-2010-06-15:3132:2,RPM-2010-06-15,3,neutral,1,neutral,neutral,False
RPM-2010-06-15:3134:1,RPM-2010-06-15,3,neutral,1,neutral,neutral,False
RPM-2010-06-15:3135:1,RPM-2010-06-15,3,neutral,1,neutral,neutral,False
RPM-2010-06-15:3147:1,RPM-2010-06-15,3,neutral,1,neutral,neutral,False
RPM-2010-06-15:3151:1,RPM-2010-06-15,3,neutral,1,neutral,neutral,False
RPM-2010-06-15:3188:1,RPM-2010-06-15,3,neutral,1,neutral,neutral,False
RPM-2010-06-15:3192:1,RPM-2010-06-15,3,neutral,1,neutral,neutral,False
RPM-2011-08-18:4216:1,RPM-2011-08-18,3,neutral,0,neutral,neutral,False
RPM-2011-08-18:4234:2,RPM-2011-08-18,3,neutral,1,neutral,neutral,False
RPM-2011-08-18:4252:2,RPM-2011-08-18,3,neutral,1,neutral,neutral,False
RPM-2011-08-18:4267:2,RPM-2011-08-18,3,neutral,0,neutral,neutral,False
RPM-2011-08-18:4267:3,RPM-2011-08-18,3,neutral,0,neutral,neutral,False
RPM-2011-08-18:4280:1,RPM-2011-08-18,3,neutral,1,hawkish,hawkish,False
RPM-2012-04-17:4743:1,RPM-2012-04-17,3,neutral,1,neutral,neutral,False
RPM-2012-04-17:4749:1,RPM-2012-04-17,3,neutral,1,neutral,neutral,False
RPM-2012-04-17:4770:1,RPM-2012-04-17,3,neutral,1,neutral,neutral,False
RPM-2012-04-17:4771:1,RPM-2012-04-17,3,neutral,1,neutral,neutral,False
RPM-2012-04-17:4778:3,RPM-2012-04-17,3,neutral,0,neutral,neutral,False
RPM-2012-04-17:4779:1,RPM-2012-04-17,3,neutral,0,neutral,neutral,False
RPM-2012-04-17:4788:2,RPM-2012-04-17,3,neutral,1,neutral,neutral,False
RPM-2012-04-17:4790:2,RPM-2012-04-17,3,neutral,1,dovish,dovish,False
RPM-2013-01-17:5279:2,RPM-2013-01-17,3,neutral,1,neutral,neutral,False
RPM-2013-01-17:5283:1,RPM-2013-01-17,3,neutral,1,neutral,neutral,False
RPM-2013-01-17:5302:1,RPM-2013-01-17,3,neutral,1,neutral,neutral,False
RPM-2013-01-17:5322:1,RPM-2013-01-17,3,neutral,1,neutral,neutral,False
RPM-2014-03-13:6063:1,RPM-2014-03-13,3,neutral,1,neutral,neutral,False
RPM-2014-03-13:6087:1,RPM-2014-03-13,3,neutral,1,neutral,neutral,False
RPM-2014-03-13:6093:2,RPM-2014-03-13,3,neutral,0,neutral,neutral,False
RPM-2014-03-13:6112:1,RPM-2014-03-13,3,neutral,1,neutral,neutral,False
RPM-2014-07-15:6319:3,RPM-2014-07-15,3,neutral,1,neutral,neutral,False
RPM-2014-07-15:6325:1,RPM-2014-07-15,3,dovish,1,neutral,neutral,False
RPM-2014-07-15:6337:1,RPM-2014-07-15,3,neutral,0,neutral,neutral,False
RPM-2014-07-15:6340:1,RPM-2014-07-15,3,dovish,1,dovish,dovish,False
RPM-2014-07-15:6340:3,RPM-2014-07-15,3,dovish,1,dovish,dovish,False
RPM-2014-07-15:6341:1,RPM-2014-07-15,3,neutral,0,neutral,neutral,False
RPM-2014-08-14:6368:3,RPM-2014-08-14,3,neutral,1,neutral,neutral,False
RPM-2014-08-14:6369:1,RPM-2014-08-14,3,neutral,1,neutral,neutral,False
RPM-2014-08-14:6386:1,RPM-2014-08-14,3,dovish,1,dovish,dovish,False
RPM-2015-03-19:6664:1,RPM-2015-03-19,3,neutral,1,neutral,neutral,False
RPM-2015-03-19:6671:1,RPM-2015-03-19,3,neutral,1,neutral,neutral,False
RPM-2015-03-19:6682:1,RPM-2015-03-19,3,neutral,0,neutral,neutral,False
RPM-2005-11-10:479:1,RPM-2005-11-10,4,neutral,1,neutral,neutral,False
RPM-2005-11-10:500:1,RPM-2005-11-10,4,hawkish,1,hawkish,hawkish,False
RPM-2005-11-10:503:2,RPM-2005-11-10,4,neutral,0,neutral,neutral,False
RPM-2006-03-16:601:2,RPM-2006-03-16,4,neutral,1,neutral,neutral,False
RPM-2007-05-10:1233:2,RPM-2007-05-10,4,neutral,1,neutral,neutral,False
RPM-2007-05-10:1241:1,RPM-2007-05-10,4,neutral,1,neutral,neutral,False
RPM-2007-05-10:1261:2,RPM-2007-05-10,4,neutral,1,hawkish,hawkish,False
RPM-2008-02-07:1649:2,RPM-2008-02-07,4,neutral,1,neutral,neutral,False
RPM-2008-02-07:1672:1,RPM-2008-02-07,4,dovish,1,hawkish,hawkish,False
RPM-2008-03-13:1716:1,RPM-2008-03-13,4,neutral,1,neutral,neutral,False
RPM-2008-03-13:1718:12,RPM-2008-03-13,4,neutral,1,neutral,neutral,False
RPM-2008-03-13:1724:1,RPM-2008-03-13,4,neutral,0,neutral,neutral,False
RPM-2008-08-14:2011:1,RPM-2008-08-14,4,neutral,1,neutral,neutral,False
RPM-2008-08-14:2017:1,RPM-2008-08-14,4,neutral,1,neutral,neutral,False
RPM-2008-08-14:2045:1,RPM-2008-08-14,4,hawkish,1,hawkish,hawkish,False
RPM-2009-05-07:2517:1,RPM-2009-05-07,4,neutral,1,neutral,neutral,False
RPM-2009-05-07:2519:1,RPM-2009-05-07,4,neutral,1,neutral,neutral,False
RPM-2009-05-07:2528:2,RPM-2009-05-07,4,neutral,1,neutral,neutral,False
RPM-2009-05-07:2532:2,RPM-2009-05-07,4,neutral,1,neutral,neutral,False
RPM-2012-01-12:4528:1,RPM-2012-01-12,4,neutral,1,neutral,neutral,False
RPM-2012-01-12:4537:2,RPM-2012-01-12,4,neutral,1,neutral,neutral,False
RPM-2012-01-12:4559:1,RPM-2012-01-12,4,neutral,1,neutral,neutral,False
RPM-2012-02-14:4615:1,RPM-2012-02-14,4,neutral,1,neutral,neutral,False
RPM-2012-02-14:4640:1,RPM-2012-02-14,4,neutral,0,neutral,neutral,False
RPM-2012-06-14:4862:1,RPM-2012-06-14,4,neutral,1,neutral,neutral,False
RPM-2012-06-14:4885:3,RPM-2012-06-14,4,neutral,0,neutral,neutral,False
RPM-2012-08-16:4989:1,RPM-2012-08-16,4,neutral,1,neutral,neutral,False
RPM-2012-08-16:5008:1,RPM-2012-08-16,4,neutral,1,neutral,neutral,False
RPM-2013-03-14:5443:1,RPM-2013-03-14,4,neutral,1,dovish,dovish,False
RPM-2013-06-13:5612:1,RPM-2013-06-13,4,neutral,1,neutral,neutral,False
RPM-2013-06-13:5620:1,RPM-2013-06-13,4,neutral,0,neutral,neutral,False
RPM-2013-06-13:5630:1,RPM-2013-06-13,4,dovish,1,dovish,dovish,False
RPM-2013-06-13:5631:1,RPM-2013-06-13,4,neutral,0,neutral,neutral,False
RPM-2013-06-13:5635:1,RPM-2013-06-13,4,neutral,0,neutral,neutral,False
RPM-2015-04-16:6699:1,RPM-2015-04-16,4,neutral,1,neutral,neutral,False
RPM-2015-06-11:6810:1,RPM-2015-06-11,4,neutral,0,neutral,neutral,False
RPM-2015-06-11:6857:2,RPM-2015-06-11,4,neutral,1,dovish,dovish,False
RPM-2015-10-15:7075:1,RPM-2015-10-15,4,neutral,1,neutral,neutral,False
RPM-2015-10-15:7093:1,RPM-2015-10-15,4,neutral,0,neutral,neutral,False
RPM-2015-10-15:7107:1,RPM-2015-10-15,4,neutral,0,neutral,neutral,False
RPM-2015-12-17:7207:1,RPM-2015-12-17,4,hawkish,1,neutral,neutral,False
RPM-2015-12-17:7210:1,RPM-2015-12-17,4,hawkish,1,dovish,dovish,False
RPM-2015-12-17:7211:1,RPM-2015-12-17,4,neutral,0,neutral,neutral,False
RPM-2005-07-12:296:1,RPM-2005-07-12,4,neutral,0,neutral,neutral,False
RPM-2005-07-12:297:1,RPM-2005-07-12,4,neutral,0,neutral,neutral,False
RPM-2005-07-12:308:1,RPM-2005-07-12,4,hawkish,1,hawkish,hawkish,False
RPM-2005-11-10:474:1,RPM-2005-11-10,4,neutral,1,neutral,neutral,False
RPM-2005-11-10:482:1,RPM-2005-11-10,4,neutral,1,neutral,neutral,False
RPM-2005-11-10:491:1,RPM-2005-11-10,4,neutral,0,neutral,neutral,False
RPM-2005-11-10:492:1,RPM-2005-11-10,4,hawkish,1,hawkish,hawkish,False
RPM-2005-11-10:499:1,RPM-2005-11-10,4,hawkish,1,hawkish,hawkish,False
RPM-2005-11-10:503:1,RPM-2005-11-10,4,hawkish,1,hawkish,hawkish,False
RPM-2006-03-16:614:1,RPM-2006-03-16,4,neutral,0,neutral,neutral,False
RPM-2006-03-16:614:3,RPM-2006-03-16,4,neutral,0,neutral,neutral,False
RPM-2006-03-16:619:1,RPM-2006-03-16,4,neutral,0,neutral,neutral,False
RPM-2006-03-16:621:1,RPM-2006-03-16,4,dovish,1,hawkish,hawkish,False
RPM-2006-03-16:625:1,RPM-2006-03-16,4,hawkish,1,hawkish,hawkish,False
RPM-2007-05-10:1223:1,RPM-2007-05-10,4,neutral,0,neutral,neutral,False
RPM-2007-05-10:1226:1,RPM-2007-05-10,4,neutral,1,neutral,neutral,False
RPM-2007-05-10:1227:1,RPM-2007-05-10,4,neutral,1,neutral,neutral,False
RPM-2007-05-10:1227:2,RPM-2007-05-10,4,neutral,1,neutral,neutral,False
RPM-2007-05-10:1246:1,RPM-2007-05-10,4,neutral,1,neutral,neutral,False
RPM-2007-05-10:1251:2,RPM-2007-05-10,4,neutral,0,neutral,neutral,False
RPM-2007-05-10:1251:3,RPM-2007-05-10,4,neutral,0,neutral,neutral,False
RPM-2007-05-10:1251:5,RPM-2007-05-10,4,neutral,0,neutral,neutral,False
RPM-2007-05-10:1254:1,RPM-2007-05-10,4,hawkish,1,hawkish,hawkish,False
RPM-2007-05-10:1260:1,RPM-2007-05-10,4,neutral,1,hawkish,dovish,True
RPM-2007-05-10:1261:1,RPM-2007-05-10,4,hawkish,1,hawkish,hawkish,False
RPM-2008-02-07:1644:1,RPM-2008-02-07,4,neutral,0,neutral,neutral,False
RPM-2008-02-07:1648:1,RPM-2008-02-07,4,neutral,1,neutral,neutral,False
RPM-2008-02-07:1648:2,RPM-2008-02-07,4,neutral,1,neutral,neutral,False
RPM-2008-02-07:1652:4,RPM-2008-02-07,4,neutral,1,neutral,neutral,False
RPM-2008-02-07:1674:1,RPM-2008-02-07,4,neutral,1,neutral,neutral,False
RPM-2008-02-07:1684:1,RPM-2008-02-07,4,hawkish,1,hawkish,hawkish,False
RPM-2008-03-13:1694:1,RPM-2008-03-13,4,neutral,1,neutral,neutral,False
RPM-2008-03-13:1703:1,RPM-2008-03-13,4,neutral,1,neutral,neutral,False
RPM-2008-03-13:1709:1,RPM-2008-03-13,4,neutral,1,neutral,neutral,False
RPM-2008-03-13:1711:1,RPM-2008-03-13,4,neutral,1,neutral,neutral,False
RPM-2008-03-13:1719:1,RPM-2008-03-13,4,neutral,1,neutral,neutral,False
RPM-2008-03-13:1721:1,RPM-2008-03-13,4,neutral,1,hawkish,hawkish,False
RPM-2008-03-13:1731:1,RPM-2008-03-13,4,dovish,1,dovish,dovish,False
RPM-2008-03-13:1731:2,RPM-2008-03-13,4,hawkish,1,dovish,dovish,False
RPM-2008-03-13:1737:2,RPM-2008-03-13,4,hawkish,1,neutral,neutral,False
RPM-2008-03-13:1739:1,RPM-2008-03-13,4,neutral,1,neutral,neutral,False
RPM-2008-08-14:1980:1,RPM-2008-08-14,4,neutral,0,neutral,neutral,False
RPM-2008-08-14:1994:1,RPM-2008-08-14,4,neutral,1,neutral,neutral,False
RPM-2008-08-14:1994:4,RPM-2008-08-14,4,neutral,1,neutral,neutral,False
RPM-2008-08-14:2016:2,RPM-2008-08-14,4,neutral,1,neutral,neutral,False
RPM-2008-08-14:2026:1,RPM-2008-08-14,4,neutral,1,neutral,neutral,False
RPM-2008-08-14:2027:1,RPM-2008-08-14,4,neutral,1,neutral,neutral,False
RPM-2008-08-14:2041:1,RPM-2008-08-14,4,hawkish,1,hawkish,hawkish,False
RPM-2008-08-14:2042:1,RPM-2008-08-14,4,hawkish,1,hawkish,hawkish,False
RPM-2008-08-14:2044:1,RPM-2008-08-14,4,hawkish,1,hawkish,hawkish,False
RPM-2009-05-07:2505:1,RPM-2009-05-07,4,neutral,0,neutral,neutral,False
RPM-2009-05-07:2525:1,RPM-2009-05-07,4,neutral,1,neutral,neutral,False
RPM-2009-05-07:2529:2,RPM-2009-05-07,4,neutral,1,neutral,neutral,False
RPM-2009-05-07:2530:1,RPM-2009-05-07,4,neutral,1,neutral,neutral,False
RPM-2009-05-07:2532:1,RPM-2009-05-07,4,neutral,1,neutral,neutral,False
RPM-2009-05-07:2532:5,RPM-2009-05-07,4,neutral,1,neutral,neutral,False
RPM-2009-05-07:2534:1,RPM-2009-05-07,4,neutral,1,neutral,neutral,False
RPM-2009-05-07:2535:2,RPM-2009-05-07,4,neutral,1,neutral,neutral,False
RPM-2009-05-07:2537:8,RPM-2009-05-07,4,neutral,1,neutral,neutral,False
RPM-2009-05-07:2538:1,RPM-2009-05-07,4,neutral,1,neutral,neutral,False
RPM-2009-05-07:2541:2,RPM-2009-05-07,4,neutral,0,neutral,neutral,False
RPM-2009-05-07:2550:1,RPM-2009-05-07,4,dovish,1,dovish,dovish,False
RPM-2012-01-12:4520:1,RPM-2012-01-12,4,neutral,0,neutral,neutral,False
RPM-2012-01-12:4525:1,RPM-2012-01-12,4,neutral,1,neutral,neutral,False
RPM-2012-01-12:4531:2,RPM-2012-01-12,4,neutral,1,neutral,neutral,False
RPM-2012-01-12:4555:3,RPM-2012-01-12,4,neutral,1,neutral,neutral,False
RPM-2012-02-14:4577:1,RPM-2012-02-14,4,neutral,1,neutral,neutral,False
RPM-2012-02-14:4584:1,RPM-2012-02-14,4,neutral,1,neutral,neutral,False
RPM-2012-02-14:4586:1,RPM-2012-02-14,4,neutral,1,neutral,neutral,False
RPM-2012-02-14:4611:1,RPM-2012-02-14,4,neutral,1,neutral,neutral,False
RPM-2012-02-14:4620:1,RPM-2012-02-14,4,neutral,1,neutral,neutral,False
RPM-2012-02-14:4628:1,RPM-2012-02-14,4,neutral,1,neutral,neutral,False
RPM-2012-02-14:4633:1,RPM-2012-02-14,4,neutral,1,neutral,neutral,False
RPM-2012-02-14:4648:1,RPM-2012-02-14,4,neutral,1,neutral,dovish,True
RPM-2012-06-14:4863:1,RPM-2012-06-14,4,neutral,0,neutral,neutral,False
RPM-2012-06-14:4890:1,RPM-2012-06-14,4,neutral,0,neutral,neutral,False
RPM-2012-06-14:4897:1,RPM-2012-06-14,4,neutral,1,neutral,dovish,True
RPM-2012-08-16:4976:1,RPM-2012-08-16,4,neutral,1,neutral,neutral,False
RPM-2012-08-16:5012:1,RPM-2012-08-16,4,neutral,1,neutral,neutral,False
RPM-2012-08-16:5030:1,RPM-2012-08-16,4,neutral,0,neutral,neutral,False
RPM-2012-08-16:5039:2,RPM-2012-08-16,4,neutral,0,neutral,neutral,False
RPM-2013-03-14:5412:2,RPM-2013-03-14,4,neutral,1,neutral,neutral,False
RPM-2013-03-14:5421:1,RPM-2013-03-14,4,neutral,1,neutral,neutral,False
RPM-2013-03-14:5430:1,RPM-2013-03-14,4,neutral,1,neutral,neutral,False
RPM-2013-06-13:5578:2,RPM-2013-06-13,4,neutral,1,neutral,neutral,False
RPM-2013-06-13:5599:1,RPM-2013-06-13,4,neutral,1,neutral,neutral,False
RPM-2013-06-13:5626:1,RPM-2013-06-13,4,neutral,1,neutral,neutral,False
RPM-2013-06-13:5632:1,RPM-2013-06-13,4,dovish,1,dovish,dovish,False
RPM-2015-04-16:6696:1,RPM-2015-04-16,4,neutral,1,neutral,neutral,False
RPM-2015-04-16:6698:1,RPM-2015-04-16,4,neutral,1,neutral,neutral,False
RPM-2015-04-16:6706:1,RPM-2015-04-16,4,neutral,1,neutral,neutral,False
RPM-2015-04-16:6737:1,RPM-2015-04-16,4,neutral,1,neutral,neutral,False
RPM-2015-04-16:6741:3,RPM-2015-04-16,4,neutral,0,neutral,neutral,False
RPM-2015-04-16:6744:2,RPM-2015-04-16,4,dovish,1,dovish,dovish,False
RPM-2015-06-11:6824:1,RPM-2015-06-11,4,neutral,0,neutral,neutral,False
RPM-2015-06-11:6839:2,RPM-2015-06-11,4,neutral,1,neutral,neutral,False
RPM-2015-06-11:6854:1,RPM-2015-06-11,4,dovish,1,dovish,dovish,False
RPM-2015-06-11:6856:1,RPM-2015-06-11,4,neutral,1,dovish,dovish,False
RPM-2015-10-15:7058:5,RPM-2015-10-15,4,neutral,1,neutral,neutral,False
RPM-2015-10-15:7063:2,RPM-2015-10-15,4,neutral,1,neutral,neutral,False
RPM-2015-10-15:7068:1,RPM-2015-10-15,4,neutral,1,neutral,neutral,False
RPM-2015-10-15:7080:1,RPM-2015-10-15,4,neutral,1,neutral,neutral,False
RPM-2015-10-15:7097:1,RPM-2015-10-15,4,neutral,1,neutral,neutral,False
RPM-2015-10-15:7097:2,RPM-2015-10-15,4,neutral,0,neutral,neutral,False
RPM-2015-10-15:7097:3,RPM-2015-10-15,4,neutral,0,neutral,neutral,False
RPM-2015-10-15:7103:1,RPM-2015-10-15,4,neutral,0,neutral,neutral,False
RPM-2015-10-15:7110:1,RPM-2015-10-15,4,hawkish,1,hawkish,hawkish,False
RPM-2015-12-17:7162:1,RPM-2015-12-17,4,neutral,1,neutral,neutral,False
RPM-2015-12-17:7163:1,RPM-2015-12-17,4,neutral,1,neutral,neutral,False
RPM-2015-12-17:7169:1,RPM-2015-12-17,4,neutral,1,neutral,neutral,False
RPM-2015-12-17:7175:1,RPM-2015-12-17,4,neutral,1,neutral,neutral,False
RPM-2015-12-17:7191:1,RPM-2015-12-17,4,neutral,1,neutral,neutral,False
RPM-2015-12-17:7192:1,RPM-2015-12-17,4,neutral,1,neutral,neutral,False
RPM-2015-12-17:7194:2,RPM-2015-12-17,4,neutral,1,neutral,neutral,False
RPM-2015-12-17:7211:2,RPM-2015-12-17,4,dovish,1,dovish,dovish,False
RPM-2015-12-17:7212:1,RPM-2015-12-17,4,hawkish,1,dovish,dovish,False
RPM-2006-02-09:587:9,RPM-2006-02-09,5,neutral,0,neutral,neutral,False
RPM-2006-07-13:745:6,RPM-2006-07-13,5,neutral,1,neutral,neutral,False
RPM-2006-07-13:761:1,RPM-2006-07-13,5,neutral,1,neutral,neutral,False
RPM-2007-02-08:1087:1,RPM-2007-02-08,5,neutral,1,neutral,neutral,False
RPM-2007-02-08:1103:1,RPM-2007-02-08,5,neutral,0,neutral,neutral,False
RPM-2007-12-13:1577:1,RPM-2007-12-13,5,neutral,1,neutral,neutral,False
RPM-2007-12-13:1582:2,RPM-2007-12-13,5,neutral,1,neutral,neutral,False
RPM-2007-12-13:1587:2,RPM-2007-12-13,5,neutral,1,neutral,neutral,False
RPM-2007-12-13:1590:1,RPM-2007-12-13,5,neutral,1,neutral,neutral,False
RPM-2007-12-13:1594:2,RPM-2007-12-13,5,neutral,1,neutral,neutral,False
RPM-2007-12-13:1596:1,RPM-2007-12-13,5,neutral,1,neutral,neutral,False
RPM-2007-12-13:1608:3,RPM-2007-12-13,5,neutral,0,neutral,neutral,False
RPM-2008-05-08:1808:1,RPM-2008-05-08,5,neutral,1,neutral,neutral,False
RPM-2008-05-08:1841:1,RPM-2008-05-08,5,neutral,0,neutral,neutral,False
RPM-2010-02-11:2911:2,RPM-2010-02-11,5,neutral,1,neutral,neutral,False
RPM-2010-02-11:2918:2,RPM-2010-02-11,5,neutral,1,neutral,neutral,False
RPM-2010-02-11:2933:1,RPM-2010-02-11,5,neutral,1,neutral,neutral,False
RPM-2010-02-11:2947:4,RPM-2010-02-11,5,neutral,1,neutral,neutral,False
RPM-2010-02-11:2957:3,RPM-2010-02-11,5,neutral,0,neutral,neutral,False
RPM-2010-04-15:3042:1,RPM-2010-04-15,5,neutral,1,neutral,neutral,False
RPM-2010-04-15:3044:3,RPM-2010-04-15,5,neutral,1,neutral,neutral,False
RPM-2010-04-15:3051:4,RPM-2010-04-15,5,neutral,1,neutral,neutral,False
RPM-2010-10-14:3439:3,RPM-2010-10-14,5,neutral,1,neutral,neutral,False
RPM-2010-10-14:3467:1,RPM-2010-10-14,5,neutral,1,neutral,neutral,False
RPM-2010-10-14:3476:2,RPM-2010-10-14,5,neutral,1,neutral,neutral,False
RPM-2010-10-14:3476:3,RPM-2010-10-14,5,neutral,1,neutral,neutral,False
RPM-2010-10-14:3493:1,RPM-2010-10-14,5,neutral,0,neutral,neutral,False
RPM-2011-11-15:4413:2,RPM-2011-11-15,5,neutral,1,neutral,neutral,False
RPM-2011-11-15:4419:1,RPM-2011-11-15,5,neutral,1,neutral,neutral,False
RPM-2011-11-15:4428:1,RPM-2011-11-15,5,neutral,1,neutral,neutral,False
RPM-2011-11-15:4433:2,RPM-2011-11-15,5,neutral,1,neutral,neutral,False
RPM-2011-11-15:4434:1,RPM-2011-11-15,5,neutral,1,neutral,neutral,False
RPM-2011-11-15:4444:3,RPM-2011-11-15,5,neutral,0,neutral,neutral,False
RPM-2011-11-15:4456:2,RPM-2011-11-15,5,neutral,0,neutral,neutral,False
RPM-2012-05-17:4812:1,RPM-2012-05-17,5,neutral,1,neutral,neutral,False
RPM-2012-05-17:4825:1,RPM-2012-05-17,5,neutral,1,neutral,neutral,False
RPM-2012-09-13:5044:1,RPM-2012-09-13,5,neutral,1,neutral,neutral,False
RPM-2012-09-13:5084:2,RPM-2012-09-13,5,neutral,1,neutral,dovish,True
RPM-2014-01-16:5977:1,RPM-2014-01-16,5,neutral,1,neutral,neutral,False
RPM-2014-01-16:5987:1,RPM-2014-01-16,5,neutral,1,neutral,neutral,False
RPM-2014-01-16:5991:2,RPM-2014-01-16,5,neutral,0,neutral,neutral,False
RPM-2014-01-16:6006:3,RPM-2014-01-16,5,dovish,1,dovish,dovish,False
RPM-2014-05-15:6181:1,RPM-2014-05-15,5,neutral,0,neutral,neutral,False
RPM-2015-08-13:6955:1,RPM-2015-08-13,5,neutral,1,neutral,neutral,False
RPM-2015-08-13:6962:1,RPM-2015-08-13,5,neutral,0,neutral,neutral,False
RPM-2015-08-13:6969:1,RPM-2015-08-13,5,dovish,1,dovish,dovish,False
RPM-2015-09-15:6980:1,RPM-2015-09-15,5,neutral,0,neutral,neutral,False
RPM-2015-09-15:7045:1,RPM-2015-09-15,5,hawkish,1,dovish,dovish,False
RPM-2006-02-09:581:2,RPM-2006-02-09,5,neutral,1,neutral,neutral,False
RPM-2006-02-09:582:1,RPM-2006-02-09,5,neutral,1,neutral,neutral,False
RPM-2006-02-09:583:1,RPM-2006-02-09,5,neutral,1,neutral,neutral,False
RPM-2006-02-09:587:10,RPM-2006-02-09,5,neutral,0,neutral,neutral,False
RPM-2006-02-09:595:1,RPM-2006-02-09,5,neutral,0,neutral,neutral,False
RPM-2006-07-13:745:4,RPM-2006-07-13,5,neutral,1,neutral,neutral,False
RPM-2006-07-13:752:1,RPM-2006-07-13,5,neutral,1,neutral,neutral,False
RPM-2006-07-13:758:1,RPM-2006-07-13,5,neutral,1,neutral,neutral,False
RPM-2006-07-13:762:2,RPM-2006-07-13,5,neutral,1,neutral,neutral,False
RPM-2006-07-13:769:2,RPM-2006-07-13,5,neutral,1,neutral,neutral,False
RPM-2006-07-13:770:1,RPM-2006-07-13,5,neutral,0,neutral,neutral,False
RPM-2006-07-13:770:3,RPM-2006-07-13,5,neutral,0,neutral,neutral,False
RPM-2006-07-13:772:1,RPM-2006-07-13,5,hawkish,1,hawkish,hawkish,False
RPM-2006-07-13:774:1,RPM-2006-07-13,5,neutral,1,hawkish,hawkish,False
RPM-2006-07-13:775:1,RPM-2006-07-13,5,dovish,1,dovish,dovish,False
RPM-2006-07-13:779:1,RPM-2006-07-13,5,hawkish,1,hawkish,hawkish,False
RPM-2006-07-13:780:3,RPM-2006-07-13,5,hawkish,1,hawkish,hawkish,False
RPM-2006-07-13:780:4,RPM-2006-07-13,5,hawkish,1,hawkish,hawkish,False
RPM-2007-02-08:1066:1,RPM-2007-02-08,5,neutral,1,neutral,neutral,False
RPM-2007-02-08:1074:1,RPM-2007-02-08,5,neutral,1,neutral,neutral,False
RPM-2007-02-08:1083:1,RPM-2007-02-08,5,neutral,1,neutral,neutral,False
RPM-2007-02-08:1090:4,RPM-2007-02-08,5,neutral,1,hawkish,dovish,True
RPM-2007-02-08:1102:1,RPM-2007-02-08,5,hawkish,1,neutral,hawkish,True
RPM-2007-03-15:1105:1,RPM-2007-03-15,5,neutral,0,neutral,neutral,False
RPM-2007-03-15:1117:1,RPM-2007-03-15,5,neutral,1,neutral,neutral,False
RPM-2007-03-15:1123:1,RPM-2007-03-15,5,neutral,1,neutral,neutral,False
RPM-2007-03-15:1133:1,RPM-2007-03-15,5,neutral,1,neutral,neutral,False
RPM-2007-03-15:1134:1,RPM-2007-03-15,5,neutral,1,neutral,neutral,False
RPM-2007-03-15:1149:1,RPM-2007-03-15,5,dovish,1,neutral,neutral,False
RPM-2007-03-15:1156:1,RPM-2007-03-15,5,neutral,0,neutral,neutral,False
RPM-2007-03-15:1161:1,RPM-2007-03-15,5,dovish,1,dovish,dovish,False
RPM-2007-03-15:1165:1,RPM-2007-03-15,5,hawkish,1,hawkish,hawkish,False
RPM-2007-03-15:1167:1,RPM-2007-03-15,5,hawkish,1,neutral,neutral,False
RPM-2007-12-13:1596:2,RPM-2007-12-13,5,neutral,1,neutral,neutral,False
RPM-2007-12-13:1602:1,RPM-2007-12-13,5,neutral,1,hawkish,hawkish,False
RPM-2007-12-13:1607:2,RPM-2007-12-13,5,dovish,1,dovish,hawkish,True
RPM-2007-12-13:1611:1,RPM-2007-12-13,5,hawkish,1,hawkish,hawkish,False
RPM-2007-12-13:1613:1,RPM-2007-12-13,5,hawkish,1,hawkish,hawkish,False
RPM-2007-12-13:1614:1,RPM-2007-12-13,5,hawkish,1,hawkish,hawkish,False
RPM-2008-05-08:1786:1,RPM-2008-05-08,5,neutral,0,neutral,neutral,False
RPM-2008-05-08:1789:1,RPM-2008-05-08,5,neutral,1,neutral,neutral,False
RPM-2008-05-08:1818:4,RPM-2008-05-08,5,neutral,1,neutral,neutral,False
RPM-2008-05-08:1828:2,RPM-2008-05-08,5,neutral,1,neutral,neutral,False
RPM-2008-05-08:1837:1,RPM-2008-05-08,5,neutral,1,neutral,neutral,False
RPM-2008-05-08:1848:1,RPM-2008-05-08,5,dovish,1,dovish,dovish,False
RPM-2010-02-11:2897:1,RPM-2010-02-11,5,neutral,1,neutral,neutral,False
RPM-2010-02-11:2915:1,RPM-2010-02-11,5,neutral,1,neutral,neutral,False
RPM-2010-02-11:2915:4,RPM-2010-02-11,5,neutral,1,neutral,neutral,False
RPM-2010-02-11:2931:3,RPM-2010-02-11,5,neutral,1,neutral,neutral,False
RPM-2010-02-11:2932:1,RPM-2010-02-11,5,neutral,1,neutral,neutral,False
RPM-2010-02-11:2943:1,RPM-2010-02-11,5,neutral,1,neutral,neutral,False
RPM-2010-02-11:2958:2,RPM-2010-02-11,5,neutral,0,neutral,neutral,False
RPM-2010-02-11:2962:2,RPM-2010-02-11,5,neutral,0,neutral,neutral,False
RPM-2010-04-15:3063:2,RPM-2010-04-15,5,neutral,1,neutral,neutral,False
RPM-2010-04-15:3065:1,RPM-2010-04-15,5,neutral,1,neutral,neutral,False
RPM-2010-04-15:3076:1,RPM-2010-04-15,5,hawkish,1,hawkish,hawkish,False
RPM-2010-10-14:3434:3,RPM-2010-10-14,5,neutral,1,neutral,neutral,False
RPM-2010-10-14:3435:1,RPM-2010-10-14,5,neutral,1,neutral,neutral,False
RPM-2010-10-14:3449:4,RPM-2010-10-14,5,neutral,1,neutral,neutral,False
RPM-2010-10-14:3476:5,RPM-2010-10-14,5,neutral,0,neutral,neutral,False
RPM-2010-10-14:3491:1,RPM-2010-10-14,5,hawkish,1,dovish,dovish,False
RPM-2010-10-14:3492:1,RPM-2010-10-14,5,hawkish,1,hawkish,hawkish,False
RPM-2011-09-15:4314:2,RPM-2011-09-15,5,neutral,1,neutral,neutral,False
RPM-2011-09-15:4319:1,RPM-2011-09-15,5,neutral,1,neutral,neutral,False
RPM-2011-09-15:4329:1,RPM-2011-09-15,5,dovish,1,dovish,dovish,False
RPM-2011-09-15:4332:1,RPM-2011-09-15,5,dovish,1,dovish,dovish,False
RPM-2011-09-15:4333:1,RPM-2011-09-15,5,dovish,1,neutral,neutral,False
RPM-2011-11-15:4410:1,RPM-2011-11-15,5,neutral,1,neutral,neutral,False
RPM-2011-11-15:4420:1,RPM-2011-11-15,5,neutral,1,neutral,neutral,False
RPM-2011-11-15:4433:3,RPM-2011-11-15,5,neutral,1,neutral,neutral,False
RPM-2011-11-15:4437:3,RPM-2011-11-15,5,neutral,1,neutral,neutral,False
RPM-2011-11-15:4438:1,RPM-2011-11-15,5,neutral,0,neutral,neutral,False
RPM-2012-05-17:4793:1,RPM-2012-05-17,5,neutral,0,neutral,neutral,False
RPM-2012-05-17:4822:1,RPM-2012-05-17,5,neutral,1,neutral,neutral,False
RPM-2012-09-13:5060:1,RPM-2012-09-13,5,neutral,1,neutral,neutral,False
RPM-2012-09-13:5068:1,RPM-2012-09-13,5,neutral,1,neutral,neutral,False
RPM-2012-09-13:5075:1,RPM-2012-09-13,5,neutral,1,neutral,neutral,False
RPM-2012-09-13:5086:1,RPM-2012-09-13,5,neutral,0,neutral,neutral,False
RPM-2012-09-13:5089:1,RPM-2012-09-13,5,neutral,1,dovish,dovish,False
RPM-2014-01-16:5968:1,RPM-2014-01-16,5,neutral,1,neutral,neutral,False
RPM-2014-01-16:5971:1,RPM-2014-01-16,5,neutral,0,neutral,neutral,False
RPM-2014-01-16:5972:1,RPM-2014-01-16,5,neutral,1,neutral,neutral,False
RPM-2014-01-16:5975:1,RPM-2014-01-16,5,neutral,1,neutral,neutral,False
RPM-2014-01-16:5990:1,RPM-2014-01-16,5,neutral,1,neutral,neutral,False
RPM-2014-01-16:5999:1,RPM-2014-01-16,5,neutral,0,neutral,neutral,False
RPM-2014-05-15:6189:1,RPM-2014-05-15,5,neutral,1,neutral,neutral,False
RPM-2014-05-15:6193:1,RPM-2014-05-15,5,neutral,1,neutral,neutral,False
RPM-2014-05-15:6195:3,RPM-2014-05-15,5,neutral,1,neutral,neutral,False
RPM-2014-05-15:6202:1,RPM-2014-05-15,5,neutral,1,neutral,neutral,False
RPM-2014-05-15:6207:1,RPM-2014-05-15,5,neutral,1,neutral,neutral,False
RPM-2014-05-15:6212:1,RPM-2014-05-15,5,neutral,1,neutral,neutral,False
RPM-2014-05-15:6214:1,RPM-2014-05-15,5,neutral,1,neutral,neutral,False
RPM-2014-05-15:6218:1,RPM-2014-05-15,5,neutral,1,neutral,neutral,False
RPM-2014-05-15:6220:1,RPM-2014-05-15,5,neutral,1,neutral,neutral,False
RPM-2014-05-15:6221:1,RPM-2014-05-15,5,neutral,0,neutral,neutral,False
RPM-2014-05-15:6229:1,RPM-2014-05-15,5,neutral,0,neutral,neutral,False
RPM-2014-05-15:6233:1,RPM-2014-05-15,5,neutral,1,neutral,neutral,False
RPM-2014-05-15:6234:1,RPM-2014-05-15,5,dovish,1,dovish,dovish,False
RPM-2015-02-12:6620:1,RPM-2015-02-12,5,neutral,1,neutral,neutral,False
RPM-2015-02-12:6624:1,RPM-2015-02-12,5,neutral,1,neutral,neutral,False
RPM-2015-08-13:6921:1,RPM-2015-08-13,5,neutral,0,neutral,neutral,False
RPM-2015-08-13:6925:1,RPM-2015-08-13,5,neutral,1,neutral,neutral,False
RPM-2015-08-13:6937:1,RPM-2015-08-13,5,neutral,1,neutral,neutral,False
RPM-2015-08-13:6965:1,RPM-2015-08-13,5,dovish,1,hawkish,neutral,True
RPM-2015-09-15:6990:1,RPM-2015-09-15,5,neutral,1,neutral,neutral,False
RPM-2015-09-15:6996:1,RPM-2015-09-15,5,neutral,1,neutral,neutral,False
RPM-2015-09-15:7003:2,RPM-2015-09-15,5,neutral,0,neutral,neutral,False
RPM-2015-09-15:7011:1,RPM-2015-09-15,5,neutral,1,neutral,neutral,False
RPM-2015-09-15:7015:1,RPM-2015-09-15,5,neutral,1,neutral,neutral,False
RPM-2015-09-15:7021:1,RPM-2015-09-15,5,neutral,1,neutral,neutral,False
