caso_id,intervencion_id,meeting_id,etiqueta,confianza,es_relevante,frase_justificante,nota,estado_revision,uso_propuesto,metodo,etiquetador,fecha_anotacion,version_codebook,ronda,tipo_referencia,n_caracteres,n_palabras,sha256_texto,flag_cotejo_fuente,incorporado_a_train,duplicado_de
E001,RPM-2009-02-12:2373:1,RPM-2009-02-12,dovish,alta,1,"vota por bajar la Tasa de Política Monetaria en 250 puntos base para dejarla en un nivel de 4,75% anual",R1. Voto explícito por recorte de 250 pb. La normalización descrita implica bajar y la disponibilidad a otro monto por consenso no cambia el signo.,anotada,hd_alta_confianza,ia_lectura_integra,agente_Arena,2026-09-17,v2,meta_hd_300_ia_tanda03,anotacion_ia_no_gold_humano,6664,1074,3e7260cc7de9da743e9ed844664b4e5c7666d964084d0d2b96368a9b285c0673,False,0,
E002,RPM-2009-01-08:2298:1,RPM-2009-01-08,dovish,alta,1,el Presidente señor José De Gregorio vota por reducir la Tasa de Política Monetaria en 100 puntos base,R1/R7. Respalda un recorte actual y el inicio de un ciclo de relajamiento. La mención a deshacer alzas anteriores no es una recomendación de alza.,anotada,hd_alta_confianza,ia_lectura_integra,agente_Arena,2026-09-17,v2,meta_hd_300_ia_tanda03,anotacion_ia_no_gold_humano,3495,561,95bacbc916fb35f1d7cf087ff61a5eed03acc427cb80577b6a7ff905562ce73b,False,0,
E003,RPM-2013-11-19:5887:1,RPM-2013-11-19,dovish,alta,1,recomendar en esta oportunidad la opción de reducir la Tasa de Política Monetaria en 25 puntos base,R5/R1. Presenta alternativas pero concluye con una recomendación inequívoca de recorte; no se etiqueta solo por las expectativas de mercado.,anotada,hd_alta_confianza,ia_lectura_integra,agente_Arena,2026-09-17,v2,meta_hd_300_ia_tanda03,anotacion_ia_no_gold_humano,4040,626,7ca52e44ff2fbddb1f501e401f5c76f5e3f3b6efac2ecd2ac32fe729c020da2a,False,0,
E004,RPM-2015-10-15:7106:1,RPM-2015-10-15,hawkish,alta,1,"su voto es por subir la TPM a 3,25%",R1. Vota por subir y justifica comenzar a retirar el estímulo. La flexibilidad comunicacional no elimina el alza respaldada.,anotada,hd_alta_confianza,ia_lectura_integra,agente_Arena,2026-09-17,v2,meta_hd_300_ia_tanda03,anotacion_ia_no_gold_humano,4068,668,5907fbab9db595e8d98a214b3e6598c054f9d239821b3b5311552d279eb66975,False,0,
E005,RPM-2006-07-13:778:1,RPM-2006-07-13,hawkish,alta,1,"el Consejero señor Manuel Marfán vota por subir la tasa de política monetaria a 5,25%","R1. Tras argumentos a favor de mantener, resuelve votar un alza. Pedir una normalización futura más lenta no equivale a bajar.",anotada,hd_alta_confianza,ia_lectura_integra,agente_Arena,2026-09-17,v2,meta_hd_300_ia_tanda03,anotacion_ia_no_gold_humano,4969,822,67d4f85c573030ddc523c5f9ec84beb92ebcefacfb5e109adc71bc681c54426d,False,0,
E006,RPM-2015-09-15:7037:1,RPM-2015-09-15,hawkish,alta,1,"el staff favorece la opción de mantener la tasa en 3%, incluyendo un claro sesgo al alza",R5/R7. Mantención actual con orientación explícita de alzas próximas y retiro anticipado del estímulo. No convertir mantener en neutral automáticamente.,anotada,hd_alta_confianza,ia_lectura_integra,agente_Arena,2026-09-17,v2,meta_hd_300_ia_tanda03,anotacion_ia_no_gold_humano,6667,1086,5d7c93427e03f72cc21df92caf9c71f4dab268cb3f7b26ef372b0b9666dbc2a1,False,0,
E007,RPM-2008-05-08:1839:1,RPM-2008-05-08,neutral,alta,1,"no sería apropiado incorporar un sesgo, cualquiera sea la decisión de política que se adopte","R5/R9. Expone mantener/subir sujetos a distinta ponderación de riesgos, sin resolver una preferencia propia; recomienda no incorporar sesgo. No tomar el escenario preventivo como adhesión H.",anotada,neutral_fuera_enriquecimiento_hd,ia_lectura_integra,agente_Arena,2026-09-17,v2,meta_hd_300_ia_tanda03,anotacion_ia_no_gold_humano,7350,1169,e77c9ed8509518c7dfbfd877a74404187969d1fe5c5ec0a74eb6a313567230c8,False,0,
E008,RPM-2010-07-15:3272:1,RPM-2010-07-15,hawkish,alta,1,"su voto es por subir la TPM en 50 puntos base, para llevarla a 1,50%",R1. Alza de 50 pb explícita. Descartar acelerar aún más el ritmo por riesgos externos no modifica la dirección.,anotada,hd_alta_confianza,ia_lectura_integra,agente_Arena,2026-09-17,v2,meta_hd_300_ia_tanda03,anotacion_ia_no_gold_humano,4161,675,d72efc4e2107354725a85dd10247190d6192f623a760e3ed2f4abe6f36fb9261,False,0,
E009,RPM-2013-09-12:5802:1,RPM-2013-09-12,dovish,alta,1,"recomendar la opción de mantener la TPM en 5% anual en esta oportunidad, junto con continuar con el sesgo a la baja","R5/R7. La dirección es D, pero la intervención repite casi la misma plantilla que C35 (RPM-2013-08-13:5742:1). Jaccard de trigramas 0,80645, por debajo del filtro automático 0,85; excluir manualmente de la meta para no inflar variedad.",duplicado_cercano_no_incorporar,duplicado_cercano_no_incorporar,ia_lectura_integra,agente_Arena,2026-09-17,v2,meta_hd_300_ia_tanda03,anotacion_ia_no_gold_humano,545,90,0aeca804838bc821c714ba09995bcb7d4fd9ba14d4c00615c452304625a6eace,False,0,RPM-2013-08-13:5742:1
E010,RPM-2014-08-14:6375:1,RPM-2014-08-14,dovish,media,1,el mayor impulso monetario es coherente con una proyección de crecimiento notoriamente inferior a la contemplada en dicho Informe,"R4/R5. Argumentación favorable a mayor impulso y al recorte de 25 pb, pero el texto presenta tres alternativas sin conclusión explícita de recomendación. Lectura D media, reservada y fuera del contador.",anotada,reserva_hd_media,ia_lectura_integra,agente_Arena,2026-09-17,v2,meta_hd_300_ia_tanda03,anotacion_ia_no_gold_humano,5601,930,a559677455b77b58f5b25e57339943498069fe066ffd990aab26a46b11ba561c,False,0,
E011,RPM-2005-07-12:309:2,RPM-2005-07-12,hawkish,alta,1,"En consecuencia, su voto es por aumentar la tasa de política monetaria en 25 pb.",R1. Voto explícito de alza; rechazar un ajuste mayor no convierte la normalización pausada en D.,anotada,hd_alta_confianza,ia_lectura_integra,agente_Arena,2026-09-17,v2,meta_hd_300_ia_tanda03,anotacion_ia_no_gold_humano,3313,511,61e1a96358dd36851878570574fa4362c2ca39e56f3a41813feae4d4a89fcf8d,False,0,
E012,RPM-2006-10-12:932:1,RPM-2006-10-12,neutral,baja,1,"Todo esto apunta a que el
período de mantención podría durar más que lo proyectado en el IPoM de septiembre.","R5/R9. Descarta subir ahora y cuestiona el sesgo al alza, pero conserva como referencia una mantención prolongada seguida de alzas y deja en evaluación el lenguaje. No forzar D por menor ritmo de endurecimiento ni H por relato del escenario. Duda excluida.",duda_no_incorporar,duda_no_incorporar,ia_lectura_integra,agente_Arena,2026-09-17,v2,meta_hd_300_ia_tanda03,anotacion_ia_no_gold_humano,6781,1092,5e03614b79decbc7898fd21a0d7104190c04239922dd81b254b7ed77ea4b1012,True,0,
E013,RPM-2007-07-12:1352:1,RPM-2007-07-12,hawkish,alta,1,"por unanimidad acordó aumentar la tasa de interés de política monetaria en 25 puntos base a 5,25% anual","R1/R6. Acuerdo institucional actual de alza, con continuidad de retiro del estímulo. No es una recapitulación de otra reunión.",anotada,hd_alta_confianza,ia_lectura_integra,agente_Arena,2026-09-17,v2,meta_hd_300_ia_tanda03,anotacion_ia_no_gold_humano,2511,398,6e52d8527d614457f8109e1347a09bc8a0bcb1810460cc995084d6e7ebcf52a9,False,0,
E014,RPM-2012-01-12:4571:1,RPM-2012-01-12,dovish,alta,1,"expresa su inclinación, en esta oportunidad, por bajar la TPM en 25 puntos base, hasta 5%","R1. Prefiere y vota un recorte, aun admitiendo pausas futuras y menos precisión sobre la trayectoria.",anotada,hd_alta_confianza,ia_lectura_integra,agente_Arena,2026-09-17,v2,meta_hd_300_ia_tanda03,anotacion_ia_no_gold_humano,4594,758,a2af3180cebd218c756201d40c8b4807e6e56a9855d39b709d6c64930a1ddb5e,False,0,
E015,RPM-2011-12-13:4512:1,RPM-2011-12-13,dovish,media,1,"vota por mantener la TPM y agrega que, en principio, no se opondría a incluir un sesgo a la baja","R4/R7. Apertura explícita a sesgo a la baja y discusión de menor expansividad efectiva. La aceptación es atenuada, no una recomendación firme; confianza media y reserva.",anotada,reserva_hd_media,ia_lectura_integra,agente_Arena,2026-09-17,v2,meta_hd_300_ia_tanda03,anotacion_ia_no_gold_humano,3970,642,c1a29b3726fa2ee4e5befab5a8e115e02770a8ee3ffba0f9a68cd963d985b945,False,0,
E016,RPM-2011-12-13:4508:1,RPM-2011-12-13,dovish,alta,1,"vota en esta oportunidad por mantener la tasa en 5,25% e introducir un sesgo a la baja",R1/R7. Respalda orientación expansiva futura pese a mantener hoy; explica por qué la estrechez financiera motiva el sesgo.,anotada,hd_alta_confianza,ia_lectura_integra,agente_Arena,2026-09-17,v2,meta_hd_300_ia_tanda03,anotacion_ia_no_gold_humano,5245,853,7b478669dc5143014e3c7ca6ad09eed1819ed0413ecda50ee23c9eaf10c01ba7,False,0,
E017,RPM-2014-02-18:6043:1,RPM-2014-02-18,dovish,alta,1,considera más prudente recomendar al Consejo bajar la TPM en 25 puntos base en esta oportunidad,R5/R1. Recorte de 25 pb y senda de bajas adicionales respaldada. Preferir esa magnitud a 50 pb no cambia la dirección.,anotada,hd_alta_confianza,ia_lectura_integra,agente_Arena,2026-09-17,v2,meta_hd_300_ia_tanda03,anotacion_ia_no_gold_humano,2715,470,da9a51aadf56a06b680a143e414a3069970e83822143c26d8e53b8fa05b8cd2d,False,0,
E018,RPM-2005-07-12:309:1,RPM-2005-07-12,hawkish,alta,1,"vota por subir la tasa de política monetaria en 25 puntos base, hasta 3,5% anual",R1. Elige alza de 25 pb; la discusión de no acelerar a 50 pb no es apoyo a una baja.,anotada,hd_alta_confianza,ia_lectura_integra,agente_Arena,2026-09-17,v2,meta_hd_300_ia_tanda03,anotacion_ia_no_gold_humano,2185,364,ee0bdf4c746dd36bce8ded009563903d1ff7445fa175bab8098983e5d7e64fe7,False,0,
E019,RPM-2012-01-12:4572:1,RPM-2012-01-12,dovish,alta,1,"acordó reducir la tasa de interés de política monetaria en 25 puntos base, hasta 5,0% anual","R1/R6. Acuerdo actual de recorte. El cierre del comunicado conserva flexibilidad, pero no anula la decisión D.",anotada,hd_alta_confianza,ia_lectura_integra,agente_Arena,2026-09-17,v2,meta_hd_300_ia_tanda03,anotacion_ia_no_gold_humano,1987,310,71961059bdbbbb1f1bdaab195d1f18673e3c91f87bf93c26c8a63962dad6956d,False,0,
E020,RPM-2008-12-11:2253:1,RPM-2008-12-11,dovish,alta,1,vota por mantener la Tasa de Política Monetaria y ser muy claro en un sesgo a la baja en el Comunicado,"R1/R7. Defiende anunciar un ciclo de relajamiento y aumento del impulso vía bajas futuras. Mantener hoy es una decisión de oportunidad, no neutralidad de la dirección respaldada.",anotada,hd_alta_confianza,ia_lectura_integra,agente_Arena,2026-09-17,v2,meta_hd_300_ia_tanda03,anotacion_ia_no_gold_humano,6197,1047,afe5d4ec1a541c1f2c16b9e35c5eb1d526ed4d82240c7590535dd54b8d857f09,False,0,
