fold,etapa,termino,df_train,reuniones_train,coef_contraste,contraste
1,A,agrega,368,99,0.9694231655028978,relevante_vs_irrelevante
1,A,alza,254,93,1.3893791932127122,relevante_vs_irrelevante
1,A,ano,331,99,1.4048266756926127,relevante_vs_irrelevante
1,A,anual,146,77,0.9684777012691402,relevante_vs_irrelevante
1,A,base,242,85,0.8021091175627865,relevante_vs_irrelevante
1,A,cambio,242,94,0.8113810965997099,relevante_vs_irrelevante
1,A,como,399,110,0.9913610771939049,relevante_vs_irrelevante
1,A,con,614,116,1.7875977557235936,relevante_vs_irrelevante
1,A,consumo,166,73,0.9666844236948818,relevante_vs_irrelevante
1,A,crecimiento,324,103,1.2697350927798792,relevante_vs_irrelevante
1,A,cuanto,188,84,1.035856726776201,relevante_vs_irrelevante
1,A,del,792,117,1.1841858237363176,relevante_vs_irrelevante
1,A,en,909,117,2.3012769776798927,relevante_vs_irrelevante
1,A,es,585,114,1.0227106933846264,relevante_vs_irrelevante
1,A,este,415,106,1.1823996848117355,relevante_vs_irrelevante
1,A,ha,468,113,1.005850498663665,relevante_vs_irrelevante
1,A,inflacion,380,105,1.4949390680111931,relevante_vs_irrelevante
1,A,lo,656,113,1.388246186613246,relevante_vs_irrelevante
1,A,los,728,117,1.2502178911225763,relevante_vs_irrelevante
1,A,mas,516,110,1.4796838986786187,relevante_vs_irrelevante
1,A,petroleo,169,69,1.0222153201664401,relevante_vs_irrelevante
1,A,proyeccion,143,66,1.1093057304851563,relevante_vs_irrelevante
1,A,puntos,205,78,1.1031867574491319,relevante_vs_irrelevante
1,A,que,1025,118,2.690485098958898,relevante_vs_irrelevante
1,A,se,898,118,1.3658392177330432,relevante_vs_irrelevante
1,A,senala,484,104,1.0915025034559873,relevante_vs_irrelevante
1,A,si,419,105,0.6551517696067373,relevante_vs_irrelevante
1,A,sobre,352,110,0.6250256633637714,relevante_vs_irrelevante
1,A,su,471,114,0.8964715097323097,relevante_vs_irrelevante
1,A,tambien,368,103,0.7289836336660781,relevante_vs_irrelevante
1,A,tasa,381,108,2.318880965916707,relevante_vs_irrelevante
1,A,tipo,161,83,1.1541449570367819,relevante_vs_irrelevante
1,A,un,660,116,1.7107940224108875,relevante_vs_irrelevante
1,A,una,607,115,1.0756567388582896,relevante_vs_irrelevante
2,A,agrega,374,101,0.9816319613685772,relevante_vs_irrelevante
2,A,alza,250,94,1.3956357529239396,relevante_vs_irrelevante
2,A,ano,329,101,1.194141305987652,relevante_vs_irrelevante
2,A,anual,153,82,0.990248433228478,relevante_vs_irrelevante
2,A,base,237,84,0.798729720286532,relevante_vs_irrelevante
2,A,cambio,247,93,0.7729758346721735,relevante_vs_irrelevante
2,A,como,401,109,0.9532146502230345,relevante_vs_irrelevante
2,A,con,625,115,1.778815454057011,relevante_vs_irrelevante
2,A,consumo,163,73,1.0718615746974272,relevante_vs_irrelevante
2,A,crecimiento,331,103,1.0922607965972926,relevante_vs_irrelevante
2,A,cuanto,193,87,1.0143113324856077,relevante_vs_irrelevante
2,A,del,790,116,0.7486519023279401,relevante_vs_irrelevante
2,A,en,920,116,2.0543621147258575,relevante_vs_irrelevante
2,A,es,590,113,1.099640106888796,relevante_vs_irrelevante
2,A,este,415,105,1.0149165393707003,relevante_vs_irrelevante
2,A,ha,465,113,0.8733902478324189,relevante_vs_irrelevante
2,A,inflacion,375,104,1.2940332993875716,relevante_vs_irrelevante
2,A,lo,670,112,1.528673518587812,relevante_vs_irrelevante
2,A,los,746,116,1.5404414098113928,relevante_vs_irrelevante
2,A,mas,529,109,1.4435106602626897,relevante_vs_irrelevante
2,A,petroleo,163,68,0.8615120188431207,relevante_vs_irrelevante
2,A,proyeccion,141,67,1.0833754275463712,relevante_vs_irrelevante
2,A,puntos,204,79,1.1228623909345172,relevante_vs_irrelevante
2,A,que,1028,117,2.556269576802733,relevante_vs_irrelevante
2,A,se,898,117,1.293350879620608,relevante_vs_irrelevante
2,A,senala,491,104,1.1125450353842747,relevante_vs_irrelevante
2,A,si,419,105,0.6438259574462372,relevante_vs_irrelevante
2,A,sobre,361,108,1.0498168776628634,relevante_vs_irrelevante
2,A,su,472,114,0.7871557021173015,relevante_vs_irrelevante
2,A,tambien,363,104,0.5982736152703118,relevante_vs_irrelevante
2,A,tasa,400,108,2.444295012154334,relevante_vs_irrelevante
2,A,tipo,170,80,1.1815630963822448,relevante_vs_irrelevante
2,A,un,664,115,1.5864654940419674,relevante_vs_irrelevante
2,A,una,620,115,1.170703734386954,relevante_vs_irrelevante
3,A,agrega,378,100,1.0976063639560434,relevante_vs_irrelevante
3,A,alza,254,93,1.3618679274501075,relevante_vs_irrelevante
3,A,ano,329,100,1.3160697185727916,relevante_vs_irrelevante
3,A,anual,151,78,1.1135264990348746,relevante_vs_irrelevante
3,A,base,230,82,0.7032339852156863,relevante_vs_irrelevante
3,A,cambio,248,94,0.8626523011214113,relevante_vs_irrelevante
3,A,como,397,109,1.018462688521654,relevante_vs_irrelevante
3,A,con,624,116,1.6971712723413872,relevante_vs_irrelevante
3,A,consumo,161,68,1.071910883713006,relevante_vs_irrelevante
3,A,crecimiento,324,102,1.2076037425792157,relevante_vs_irrelevante
3,A,cuanto,194,89,0.9932691279638238,relevante_vs_irrelevante
3,A,del,795,117,1.229333101949725,relevante_vs_irrelevante
3,A,en,918,117,2.672875988816225,relevante_vs_irrelevante
3,A,es,592,114,0.8811166989826,relevante_vs_irrelevante
3,A,este,407,107,0.9333972958646356,relevante_vs_irrelevante
3,A,ha,453,113,0.9198093749824077,relevante_vs_irrelevante
3,A,inflacion,376,104,1.4601929574336117,relevante_vs_irrelevante
3,A,lo,665,113,1.2567079416995695,relevante_vs_irrelevante
3,A,los,738,117,1.264761689860592,relevante_vs_irrelevante
3,A,mas,516,110,1.4343465577012127,relevante_vs_irrelevante
3,A,petroleo,180,72,1.0465639054960048,relevante_vs_irrelevante
3,A,proyeccion,141,67,1.0731829366553742,relevante_vs_irrelevante
3,A,puntos,199,78,1.0352603882177938,relevante_vs_irrelevante
3,A,que,1031,117,2.443478749957186,relevante_vs_irrelevante
3,A,se,896,117,1.2449236373759214,relevante_vs_irrelevante
3,A,senala,495,105,1.227426237854837,relevante_vs_irrelevante
3,A,si,420,107,0.6956182922656968,relevante_vs_irrelevante
3,A,sobre,371,109,0.66468956695708,relevante_vs_irrelevante
3,A,su,475,114,0.9929770809387842,relevante_vs_irrelevante
3,A,tambien,365,103,0.7504953557863192,relevante_vs_irrelevante
3,A,tasa,385,109,2.1235214386714247,relevante_vs_irrelevante
3,A,tipo,170,82,1.2722225455883578,relevante_vs_irrelevante
3,A,un,663,116,1.7255861395502377,relevante_vs_irrelevante
3,A,una,608,115,0.9256380216042838,relevante_vs_irrelevante
4,A,agrega,374,95,1.0917529445267178,relevante_vs_irrelevante
4,A,alza,245,90,1.2855909397774927,relevante_vs_irrelevante
4,A,ano,327,97,1.5135944579284482,relevante_vs_irrelevante
4,A,anual,148,74,0.8989440553089968,relevante_vs_irrelevante
4,A,base,239,80,0.7586454488728384,relevante_vs_irrelevante
4,A,cambio,246,92,0.9228420305509393,relevante_vs_irrelevante
4,A,como,394,105,1.1766494581336413,relevante_vs_irrelevante
4,A,con,622,112,1.5016986616094217,relevante_vs_irrelevante
4,A,consumo,168,74,1.0715540258888934,relevante_vs_irrelevante
4,A,crecimiento,321,101,1.1363953503306874,relevante_vs_irrelevante
4,A,cuanto,190,84,1.0518628656064892,relevante_vs_irrelevante
4,A,del,791,113,1.016833474194083,relevante_vs_irrelevante
4,A,en,921,113,2.0195658429663106,relevante_vs_irrelevante
4,A,es,593,110,1.2165931879958298,relevante_vs_irrelevante
4,A,este,421,104,0.9609301854922604,relevante_vs_irrelevante
4,A,ha,453,109,1.0423382061215716,relevante_vs_irrelevante
4,A,inflacion,378,101,1.3915240467888308,relevante_vs_irrelevante
4,A,lo,665,109,1.266752814902795,relevante_vs_irrelevante
4,A,los,744,113,1.393633907343717,relevante_vs_irrelevante
4,A,mas,522,105,1.3818008599971052,relevante_vs_irrelevante
4,A,petroleo,171,66,1.0201217098062496,relevante_vs_irrelevante
4,A,proyeccion,141,67,0.9400277011799818,relevante_vs_irrelevante
4,A,puntos,207,74,1.085669560713843,relevante_vs_irrelevante
4,A,que,1029,114,2.821315902440883,relevante_vs_irrelevante
4,A,se,904,114,1.3083879149309987,relevante_vs_irrelevante
4,A,senala,498,101,1.7559465836663524,relevante_vs_irrelevante
4,A,si,423,101,1.5542097426713444,relevante_vs_irrelevante
4,A,sobre,365,106,0.7181983968475375,relevante_vs_irrelevante
4,A,su,461,110,1.0054662110826873,relevante_vs_irrelevante
4,A,tambien,370,101,0.8108101512677308,relevante_vs_irrelevante
4,A,tasa,388,104,2.458846579659631,relevante_vs_irrelevante
4,A,tipo,166,81,1.1610199881033703,relevante_vs_irrelevante
4,A,un,663,112,1.6303301996578405,relevante_vs_irrelevante
4,A,una,607,111,1.3884410568537995,relevante_vs_irrelevante
5,A,agrega,362,97,0.927334575777934,relevante_vs_irrelevante
5,A,alza,239,89,1.2414150743630152,relevante_vs_irrelevante
5,A,ano,329,97,1.2703243593112268,relevante_vs_irrelevante
5,A,anual,148,77,0.8516755922547796,relevante_vs_irrelevante
5,A,base,239,82,1.0830287558558556,relevante_vs_irrelevante
5,A,cambio,240,91,1.0897759667846285,relevante_vs_irrelevante
5,A,como,383,105,0.9098668130035737,relevante_vs_irrelevante
5,A,con,608,113,1.8803801595890557,relevante_vs_irrelevante
5,A,consumo,149,67,0.9281621092793074,relevante_vs_irrelevante
5,A,crecimiento,317,101,1.1958516806606008,relevante_vs_irrelevante
5,A,cuanto,180,82,1.0381948399452419,relevante_vs_irrelevante
5,A,del,781,113,0.9738645644955873,relevante_vs_irrelevante
5,A,en,917,113,2.3724498083256713,relevante_vs_irrelevante
5,A,es,586,110,1.1058194115273117,relevante_vs_irrelevante
5,A,este,411,103,0.9927839884602583,relevante_vs_irrelevante
5,A,ha,454,109,0.8105010945438208,relevante_vs_irrelevante
5,A,inflacion,373,103,1.4912558279680166,relevante_vs_irrelevante
5,A,lo,654,109,1.2188494884600236,relevante_vs_irrelevante
5,A,los,729,113,1.2779169092547678,relevante_vs_irrelevante
5,A,mas,514,106,1.4817591929491252,relevante_vs_irrelevante
5,A,petroleo,171,67,0.9338157120310925,relevante_vs_irrelevante
5,A,proyeccion,135,64,1.0616110443602567,relevante_vs_irrelevante
5,A,puntos,213,80,1.094311298108757,relevante_vs_irrelevante
5,A,que,1026,114,2.7996419924263525,relevante_vs_irrelevante
5,A,se,893,114,1.4425138960366466,relevante_vs_irrelevante
5,A,senala,498,102,1.1986107173839136,relevante_vs_irrelevante
5,A,si,407,102,0.9680868065545535,relevante_vs_irrelevante
5,A,sobre,356,107,0.641978439276072,relevante_vs_irrelevante
5,A,su,462,110,0.8843179222604468,relevante_vs_irrelevante
5,A,tambien,360,101,0.9374381304974447,relevante_vs_irrelevante
5,A,tasa,396,106,2.381004271853698,relevante_vs_irrelevante
5,A,tipo,164,81,1.1936728458728014,relevante_vs_irrelevante
5,A,un,655,112,1.5092516392062936,relevante_vs_irrelevante
5,A,una,604,111,0.8734286427615856,relevante_vs_irrelevante
1,A,00,40,29,1.334495257096199,irrelevante_vs_relevante
1,A,16,49,33,1.4209539890658716,irrelevante_vs_relevante
1,A,agradece,80,57,1.072395216106922,irrelevante_vs_relevante
1,A,aprueba,23,23,1.1817403304805802,irrelevante_vs_relevante
1,A,comentarios,70,43,2.513706619425971,irrelevante_vs_relevante
1,A,concede,29,24,1.1616080204120462,irrelevante_vs_relevante
1,A,consejo,157,78,1.3163673940594784,irrelevante_vs_relevante
1,A,consulta,98,57,0.9802658397754854,irrelevante_vs_relevante
1,A,continuacion,95,66,1.5470683162881578,irrelevante_vs_relevante
1,A,corbo,99,28,2.5117610677775692,irrelevante_vs_relevante
1,A,don,68,34,1.8797732371054834,irrelevante_vs_relevante
1,A,ellas,28,22,1.1849560254461882,irrelevante_vs_relevante
1,A,felipe,29,21,1.1491925423392577,irrelevante_vs_relevante
1,A,fija,29,21,1.1186078535824378,irrelevante_vs_relevante
1,A,horas,93,58,2.773664744629999,irrelevante_vs_relevante
1,A,larrain,23,16,1.1356592266901715,irrelevante_vs_relevante
1,A,levanta,24,23,1.1584335784192255,irrelevante_vs_relevante
1,A,mediana,8,8,0.5879182662436846,irrelevante_vs_relevante
1,A,monetaria,458,109,1.1680716730068175,irrelevante_vs_relevante
1,A,ofrece,61,46,2.006119801760489,irrelevante_vs_relevante
1,A,opciones,143,74,1.085267055454113,irrelevante_vs_relevante
1,A,opiniones,12,10,1.0672235493999307,irrelevante_vs_relevante
1,A,palabra,96,67,3.270538329785395,irrelevante_vs_relevante
1,A,politica,494,112,1.1063214560781789,irrelevante_vs_relevante
1,A,presidente,318,107,3.813849127232742,irrelevante_vs_relevante
1,A,reanuda,19,19,1.5003024126941524,irrelevante_vs_relevante
1,A,reunion,299,98,1.4175883802001368,irrelevante_vs_relevante
1,A,rodrigo,173,78,1.1250871973640555,irrelevante_vs_relevante
1,A,senor,1032,118,1.7079814552811943,irrelevante_vs_relevante
1,A,sesion,97,58,3.426191132807393,irrelevante_vs_relevante
1,A,soto,86,49,1.3695207812746493,irrelevante_vs_relevante
1,A,vergara,117,51,1.070538381627027,irrelevante_vs_relevante
1,A,vittorio,77,27,2.04827774526516,irrelevante_vs_relevante
2,A,00,43,31,1.3847790715902972,irrelevante_vs_relevante
2,A,16,53,36,1.7618785659606588,irrelevante_vs_relevante
2,A,agradece,80,56,1.2086974528983463,irrelevante_vs_relevante
2,A,aprueba,21,21,1.100720445179794,irrelevante_vs_relevante
2,A,comentarios,69,41,1.7641057702438443,irrelevante_vs_relevante
2,A,concede,27,23,1.1789615492983632,irrelevante_vs_relevante
2,A,consejo,150,74,1.3278983605735488,irrelevante_vs_relevante
2,A,consulta,98,61,0.7608539654096046,irrelevante_vs_relevante
2,A,continuacion,93,63,1.54576963436277,irrelevante_vs_relevante
2,A,corbo,101,27,2.852911279461273,irrelevante_vs_relevante
2,A,don,68,33,1.997900048934239,irrelevante_vs_relevante
2,A,ellas,26,21,1.3639230491619578,irrelevante_vs_relevante
2,A,felipe,28,22,0.7572727437508106,irrelevante_vs_relevante
2,A,fija,31,22,1.1176843607969456,irrelevante_vs_relevante
2,A,horas,92,56,2.8442082033429634,irrelevante_vs_relevante
2,A,larrain,21,16,0.7262037933361829,irrelevante_vs_relevante
2,A,levanta,22,21,1.0782451918209806,irrelevante_vs_relevante
2,A,mediana,8,8,1.1250212085066937,irrelevante_vs_relevante
2,A,monetaria,466,109,1.0311085341263637,irrelevante_vs_relevante
2,A,ofrece,62,48,2.2490427547186007,irrelevante_vs_relevante
2,A,opciones,138,74,1.2050516681735062,irrelevante_vs_relevante
2,A,opiniones,12,10,1.0927237857435788,irrelevante_vs_relevante
2,A,palabra,95,68,3.4600164696737683,irrelevante_vs_relevante
2,A,politica,508,111,0.9496008425149031,irrelevante_vs_relevante
2,A,presidente,309,107,3.574790309883643,irrelevante_vs_relevante
2,A,reanuda,20,20,1.5183421068521163,irrelevante_vs_relevante
2,A,reunion,286,97,1.1261836055251817,irrelevante_vs_relevante
2,A,rodrigo,169,76,1.1855314961119936,irrelevante_vs_relevante
2,A,senor,1036,117,1.44544388697828,irrelevante_vs_relevante
2,A,sesion,95,55,3.6210132954863785,irrelevante_vs_relevante
2,A,soto,77,45,1.0814653055768033,irrelevante_vs_relevante
2,A,vergara,116,50,1.050153481179946,irrelevante_vs_relevante
2,A,vittorio,77,26,2.2167789324649427,irrelevante_vs_relevante
3,A,00,39,28,1.339100440268551,irrelevante_vs_relevante
3,A,16,49,33,1.5097333759016436,irrelevante_vs_relevante
3,A,agradece,76,53,1.1694764582294626,irrelevante_vs_relevante
3,A,aprueba,20,20,1.1244349632837105,irrelevante_vs_relevante
3,A,comentarios,74,44,2.552315052361176,irrelevante_vs_relevante
3,A,concede,26,21,1.1622600570745951,irrelevante_vs_relevante
3,A,consejo,147,75,1.1919130777252354,irrelevante_vs_relevante
3,A,consulta,100,58,0.8134304800983946,irrelevante_vs_relevante
3,A,continuacion,93,63,1.7797678552043028,irrelevante_vs_relevante
3,A,corbo,101,27,2.3299266404271513,irrelevante_vs_relevante
3,A,don,66,32,1.986120689007573,irrelevante_vs_relevante
3,A,ellas,28,22,1.2896056751213418,irrelevante_vs_relevante
3,A,felipe,27,21,1.1454459625999194,irrelevante_vs_relevante
3,A,fija,29,20,0.9529159628997455,irrelevante_vs_relevante
3,A,horas,89,53,2.8217202124661926,irrelevante_vs_relevante
3,A,larrain,21,16,1.1295347274783616,irrelevante_vs_relevante
3,A,levanta,20,20,1.1244349632837105,irrelevante_vs_relevante
3,A,mediana,8,8,1.205323686570538,irrelevante_vs_relevante
3,A,monetaria,456,108,1.3188703505796995,irrelevante_vs_relevante
3,A,ofrece,64,48,2.246458037932985,irrelevante_vs_relevante
3,A,opciones,135,74,1.1135125708676983,irrelevante_vs_relevante
3,A,opiniones,12,10,1.136869138250462,irrelevante_vs_relevante
3,A,palabra,95,65,3.469802808398931,irrelevante_vs_relevante
3,A,politica,495,110,1.1938673735235674,irrelevante_vs_relevante
3,A,presidente,316,104,3.607303937835695,irrelevante_vs_relevante
3,A,reanuda,17,17,1.4650822092031024,irrelevante_vs_relevante
3,A,reunion,289,96,1.4393523347798598,irrelevante_vs_relevante
3,A,rodrigo,158,70,1.0517378879403554,irrelevante_vs_relevante
3,A,senor,1040,117,1.6326884362912648,irrelevante_vs_relevante
3,A,sesion,88,52,3.596076337715588,irrelevante_vs_relevante
3,A,soto,83,48,1.4262229761196255,irrelevante_vs_relevante
3,A,vergara,105,46,1.0153302995556197,irrelevante_vs_relevante
3,A,vittorio,79,26,2.099460264948215,irrelevante_vs_relevante
4,A,00,42,29,1.3698470592153964,irrelevante_vs_relevante
4,A,16,51,34,1.491643577793125,irrelevante_vs_relevante
4,A,agradece,66,49,1.0995261241146994,irrelevante_vs_relevante
4,A,aprueba,21,21,1.1877244278202852,irrelevante_vs_relevante
4,A,comentarios,73,42,2.545359335024279,irrelevante_vs_relevante
4,A,concede,26,22,1.1661480729382594,irrelevante_vs_relevante
4,A,consejo,157,74,1.229679538053456,irrelevante_vs_relevante
4,A,consulta,101,56,1.3442056060361918,irrelevante_vs_relevante
4,A,continuacion,88,61,1.7809084527182895,irrelevante_vs_relevante
4,A,corbo,105,27,2.537906069373349,irrelevante_vs_relevante
4,A,don,69,32,2.0380499264033496,irrelevante_vs_relevante
4,A,ellas,24,20,0.8997752769897936,irrelevante_vs_relevante
4,A,felipe,26,19,1.0614764126767442,irrelevante_vs_relevante
4,A,fija,28,19,1.086505437713435,irrelevante_vs_relevante
4,A,horas,91,53,2.818303462050062,irrelevante_vs_relevante
4,A,larrain,19,13,1.038434523530273,irrelevante_vs_relevante
4,A,levanta,22,21,1.1678134125401791,irrelevante_vs_relevante
4,A,mediana,9,9,1.130788986163113,irrelevante_vs_relevante
4,A,monetaria,463,105,0.9053001172426955,irrelevante_vs_relevante
4,A,ofrece,59,42,2.1444218380355915,irrelevante_vs_relevante
4,A,opciones,136,72,1.309601276349886,irrelevante_vs_relevante
4,A,opiniones,10,8,1.1090185399906336,irrelevante_vs_relevante
4,A,palabra,89,62,3.1836200222488342,irrelevante_vs_relevante
4,A,politica,502,108,0.8300155163304619,irrelevante_vs_relevante
4,A,presidente,315,102,3.724458996446994,irrelevante_vs_relevante
4,A,reanuda,18,18,1.5482063302593239,irrelevante_vs_relevante
4,A,reunion,295,95,1.542284621180645,irrelevante_vs_relevante
4,A,rodrigo,159,70,1.1537236916024964,irrelevante_vs_relevante
4,A,senor,1025,114,1.5770098370897594,irrelevante_vs_relevante
4,A,sesion,90,51,3.617760255792979,irrelevante_vs_relevante
4,A,soto,82,46,1.4698129414368348,irrelevante_vs_relevante
4,A,vergara,105,45,1.1345251744613103,irrelevante_vs_relevante
4,A,vittorio,78,26,1.8305182771597255,irrelevante_vs_relevante
5,A,00,44,31,1.4261851465013708,irrelevante_vs_relevante
5,A,16,56,37,1.604542265216655,irrelevante_vs_relevante
5,A,agradece,74,52,1.0378519668219686,irrelevante_vs_relevante
5,A,aprueba,21,21,1.123788472423309,irrelevante_vs_relevante
5,A,comentarios,76,45,2.469324133834826,irrelevante_vs_relevante
5,A,concede,22,19,1.0880996606451998,irrelevante_vs_relevante
5,A,consejo,147,73,1.3538351978914462,irrelevante_vs_relevante
5,A,consulta,102,56,0.9226643152825733,irrelevante_vs_relevante
5,A,continuacion,87,60,1.6942716010672425,irrelevante_vs_relevante
5,A,corbo,105,27,2.7188803186084667,irrelevante_vs_relevante
5,A,don,67,31,2.02187196066181,irrelevante_vs_relevante
5,A,ellas,28,22,1.1587240198688387,irrelevante_vs_relevante
5,A,felipe,29,21,1.2196003790592862,irrelevante_vs_relevante
5,A,fija,33,24,1.2067281401687355,irrelevante_vs_relevante
5,A,horas,92,52,2.8316328798933843,irrelevante_vs_relevante
5,A,larrain,23,16,1.17843166211824,irrelevante_vs_relevante
5,A,levanta,22,21,1.102272371085179,irrelevante_vs_relevante
5,A,mediana,7,7,1.1031509321999604,irrelevante_vs_relevante
5,A,monetaria,467,106,1.2004488306320005,irrelevante_vs_relevante
5,A,ofrece,67,49,2.151393444354815,irrelevante_vs_relevante
5,A,opciones,142,71,1.1781203446183262,irrelevante_vs_relevante
5,A,opiniones,11,9,1.0813369758562865,irrelevante_vs_relevante
5,A,palabra,94,64,3.384483529883343,irrelevante_vs_relevante
5,A,politica,508,109,1.0970752944155664,irrelevante_vs_relevante
5,A,presidente,310,101,3.746142677262204,irrelevante_vs_relevante
5,A,reanuda,20,20,1.6032412046167248,irrelevante_vs_relevante
5,A,reunion,299,96,1.4852191309977512,irrelevante_vs_relevante
5,A,rodrigo,161,70,0.62060075872626,irrelevante_vs_relevante
5,A,senor,1031,114,1.486907328336751,irrelevante_vs_relevante
5,A,sesion,93,51,3.482361623398825,irrelevante_vs_relevante
5,A,soto,72,41,0.692174521073308,irrelevante_vs_relevante
5,A,vergara,104,45,0.4738806974360369,irrelevante_vs_relevante
5,A,vittorio,80,26,2.055292707896513,irrelevante_vs_relevante
1,B,25 anual,19,17,0.8012999694065891,dovish_vs_resto
1,B,baja,218,90,0.9987999836998356,dovish_vs_resto
1,B,bajar,32,27,1.2601513021511495,dovish_vs_resto
1,B,bajar la,20,16,1.4298507818205453,dovish_vs_resto
1,B,bajar la tasa,18,14,1.2794363644399884,dovish_vs_resto
1,B,bajar la tasa de,10,8,0.766029437659093,dovish_vs_resto
1,B,bajas,45,34,0.5385169866643904,dovish_vs_resto
1,B,de tasas,105,60,0.8374781599077885,dovish_vs_resto
1,B,en consecuencia,80,47,0.8166337985762037,dovish_vs_resto
1,B,en un,180,86,0.698366488485342,dovish_vs_resto
1,B,estimulo,62,40,0.6341828389237246,dovish_vs_resto
1,B,la inflacion,305,101,0.7028390470629077,dovish_vs_resto
1,B,la politica,187,82,0.5896709144086488,dovish_vs_resto
1,B,la politica monetaria,167,76,0.5970185431011843,dovish_vs_resto
1,B,la tasa,348,105,1.1490977361280665,dovish_vs_resto
1,B,la tasa de,302,100,0.8557822795344896,dovish_vs_resto
1,B,la tasa en,35,26,0.7545429126338377,dovish_vs_resto
1,B,la tpm,102,64,0.7608258231025069,dovish_vs_resto
1,B,le,172,63,0.6705439099477777,dovish_vs_resto
1,B,mantener,165,83,1.3201368723643472,dovish_vs_resto
1,B,mantener la,133,73,0.9485332493372451,dovish_vs_resto
1,B,mantener la tasa,102,61,1.0069963679484033,dovish_vs_resto
1,B,mantenerse,19,18,0.8033767596005164,dovish_vs_resto
1,B,monetaria,354,102,0.8520057062431925,dovish_vs_resto
1,B,politica,387,105,0.8988336239223376,dovish_vs_resto
1,B,politica monetaria,347,102,0.8081810658066757,dovish_vs_resto
1,B,politica monetaria en,184,83,0.7241494413585849,dovish_vs_resto
1,B,por mantener,43,33,0.6496243080443477,dovish_vs_resto
1,B,por mantener la,40,31,0.5760809617721165,dovish_vs_resto
1,B,rebajar,3,3,0.9059489322011945,dovish_vs_resto
1,B,rebajar la,3,3,0.9059489322011945,dovish_vs_resto
1,B,rebajar la tasa,3,3,0.8397754596126793,dovish_vs_resto
1,B,rebajar la tasa de,3,3,0.8397754596126793,dovish_vs_resto
1,B,recorte,22,19,0.8620496354610938,dovish_vs_resto
1,B,reduccion de,47,35,0.7768455144539377,dovish_vs_resto
1,B,reducir,44,38,0.7192518587277045,dovish_vs_resto
1,B,reducir la,24,22,0.7891611585688834,dovish_vs_resto
1,B,reducir la tasa,9,9,1.0416330304144836,dovish_vs_resto
1,B,reducir la tasa de,9,9,1.0416330304144836,dovish_vs_resto
1,B,sesgo,69,42,0.7492331597592565,dovish_vs_resto
1,B,su,460,113,0.7480161823763105,dovish_vs_resto
1,B,su decision,5,5,0.733970223760557,dovish_vs_resto
1,B,tasa,380,108,0.9901312832529043,dovish_vs_resto
1,B,tasas,278,97,0.8177334763458954,dovish_vs_resto
1,B,tpm,111,65,0.7894222036205822,dovish_vs_resto
1,B,votacion,19,16,0.8840811372995343,dovish_vs_resto
2,B,25 anual,19,17,0.8269379380968989,dovish_vs_resto
2,B,baja,218,89,0.8404913228633799,dovish_vs_resto
2,B,bajar,33,28,1.1913091588548461,dovish_vs_resto
2,B,bajar la,18,14,1.4149755584541623,dovish_vs_resto
2,B,bajar la tasa,16,12,1.2485843820907616,dovish_vs_resto
2,B,bajar la tasa de,9,7,0.8300075976625403,dovish_vs_resto
2,B,bajas,41,31,0.8913643856748784,dovish_vs_resto
2,B,de tasas,95,56,0.7581721633048992,dovish_vs_resto
2,B,en consecuencia,82,51,0.9132874078469018,dovish_vs_resto
2,B,en un,178,80,0.8854028960382128,dovish_vs_resto
2,B,estimulo,63,40,0.4550319336192995,dovish_vs_resto
2,B,la inflacion,304,100,0.638988870708635,dovish_vs_resto
2,B,la politica,188,81,0.8560080617502521,dovish_vs_resto
2,B,la politica monetaria,169,76,0.8657874085120935,dovish_vs_resto
2,B,la tasa,364,107,1.0101669384006757,dovish_vs_resto
2,B,la tasa de,316,102,0.7106679228878363,dovish_vs_resto
2,B,la tasa en,32,23,0.8500369463031556,dovish_vs_resto
2,B,la tpm,95,61,0.6196232344398503,dovish_vs_resto
2,B,le,173,64,0.9184041405956005,dovish_vs_resto
2,B,mantener,175,83,1.0727733436434979,dovish_vs_resto
2,B,mantener la,142,74,0.8337839058010912,dovish_vs_resto
2,B,mantener la tasa,111,64,0.8863965938119838,dovish_vs_resto
2,B,mantenerse,21,19,0.5998953434092161,dovish_vs_resto
2,B,monetaria,363,103,0.7821373465052052,dovish_vs_resto
2,B,politica,402,105,0.9812782751183586,dovish_vs_resto
2,B,politica monetaria,356,103,0.8203470933809067,dovish_vs_resto
2,B,politica monetaria en,186,85,0.8335258262658645,dovish_vs_resto
2,B,por mantener,50,38,0.8260118108765069,dovish_vs_resto
2,B,por mantener la,47,36,0.7518503056462684,dovish_vs_resto
2,B,rebajar,3,3,0.8661821025320171,dovish_vs_resto
2,B,rebajar la,3,3,0.8661821025320171,dovish_vs_resto
2,B,rebajar la tasa,3,3,0.7991255600617344,dovish_vs_resto
2,B,rebajar la tasa de,3,3,0.7991255600617344,dovish_vs_resto
2,B,recorte,23,19,0.8953518292088597,dovish_vs_resto
2,B,reduccion de,45,36,0.7012149749713401,dovish_vs_resto
2,B,reducir,40,35,0.7141030027665678,dovish_vs_resto
2,B,reducir la,20,20,0.7406898897420601,dovish_vs_resto
2,B,reducir la tasa,9,9,1.0511321870932964,dovish_vs_resto
2,B,reducir la tasa de,9,9,1.0511321870932964,dovish_vs_resto
2,B,sesgo,69,43,0.7050465325525594,dovish_vs_resto
2,B,su,460,113,0.7657187106928185,dovish_vs_resto
2,B,su decision,4,4,0.7169019442427673,dovish_vs_resto
2,B,tasa,399,108,0.8135002273774814,dovish_vs_resto
2,B,tasas,279,95,0.7656600316187123,dovish_vs_resto
2,B,tpm,102,62,0.6476979191555765,dovish_vs_resto
2,B,votacion,22,19,0.8431271452835569,dovish_vs_resto
3,B,25 anual,17,15,0.5738699092125428,dovish_vs_resto
3,B,baja,211,87,0.6963770717449376,dovish_vs_resto
3,B,bajar,31,27,1.2658709349874597,dovish_vs_resto
3,B,bajar la,18,14,1.5360240349940408,dovish_vs_resto
3,B,bajar la tasa,17,13,1.4127154099771082,dovish_vs_resto
3,B,bajar la tasa de,9,7,0.8738305279550954,dovish_vs_resto
3,B,bajas,42,29,0.7214874407381321,dovish_vs_resto
3,B,de tasas,101,59,0.6605794831590287,dovish_vs_resto
3,B,en consecuencia,80,49,0.8525249418710927,dovish_vs_resto
3,B,en un,179,81,0.6599789001143572,dovish_vs_resto
3,B,estimulo,60,40,0.869304275115385,dovish_vs_resto
3,B,la inflacion,302,99,0.6034508207006541,dovish_vs_resto
3,B,la politica,184,78,0.6529855943086591,dovish_vs_resto
3,B,la politica monetaria,165,73,0.6787758048471925,dovish_vs_resto
3,B,la tasa,352,106,1.0624698319260315,dovish_vs_resto
3,B,la tasa de,304,100,0.7465697363519511,dovish_vs_resto
3,B,la tasa en,32,24,0.8414771230807023,dovish_vs_resto
3,B,la tpm,95,59,0.745488435531101,dovish_vs_resto
3,B,le,184,66,0.8018466290872084,dovish_vs_resto
3,B,mantener,170,83,1.1818809116577247,dovish_vs_resto
3,B,mantener la,137,74,0.9243617527253198,dovish_vs_resto
3,B,mantener la tasa,107,62,0.8576384464475116,dovish_vs_resto
3,B,mantenerse,21,19,0.7494625905164805,dovish_vs_resto
3,B,monetaria,358,103,0.7816190486026893,dovish_vs_resto
3,B,politica,394,105,0.9241612885058027,dovish_vs_resto
3,B,politica monetaria,352,103,0.7173217199494291,dovish_vs_resto
3,B,politica monetaria en,184,83,0.6277244750935111,dovish_vs_resto
3,B,por mantener,49,38,0.8923025545086894,dovish_vs_resto
3,B,por mantener la,46,36,0.8128298037626889,dovish_vs_resto
3,B,rebajar,3,3,0.9605288210794003,dovish_vs_resto
3,B,rebajar la,3,3,0.9605288210794003,dovish_vs_resto
3,B,rebajar la tasa,3,3,0.893547069401203,dovish_vs_resto
3,B,rebajar la tasa de,3,3,0.893547069401203,dovish_vs_resto
3,B,recorte,18,15,0.6516990633612672,dovish_vs_resto
3,B,reduccion de,47,35,0.8637396680687779,dovish_vs_resto
3,B,reducir,41,35,0.6695789994813564,dovish_vs_resto
3,B,reducir la,20,18,0.6167543973578904,dovish_vs_resto
3,B,reducir la tasa,5,5,0.8398195038863956,dovish_vs_resto
3,B,reducir la tasa de,5,5,0.8398195038863956,dovish_vs_resto
3,B,sesgo,69,41,0.6468938612026185,dovish_vs_resto
3,B,su,464,113,0.6172416351468084,dovish_vs_resto
3,B,su decision,5,5,0.7578922841128968,dovish_vs_resto
3,B,tasa,384,109,0.9261703988806071,dovish_vs_resto
3,B,tasas,276,97,0.6436604887169668,dovish_vs_resto
3,B,tpm,101,59,0.8234060427885831,dovish_vs_resto
3,B,votacion,20,17,0.8837460704223389,dovish_vs_resto
4,B,25 anual,17,15,0.6615655106724856,dovish_vs_resto
4,B,baja,211,85,1.0131971673094515,dovish_vs_resto
4,B,bajar,32,28,1.2732058455615043,dovish_vs_resto
4,B,bajar la,17,14,1.503938715999467,dovish_vs_resto
4,B,bajar la tasa,16,13,1.3868785956753142,dovish_vs_resto
4,B,bajar la tasa de,11,9,0.8649625053453114,dovish_vs_resto
4,B,bajas,48,35,0.778840107123945,dovish_vs_resto
4,B,de tasas,96,58,0.7643640685070001,dovish_vs_resto
4,B,en consecuencia,79,46,0.9079345438539325,dovish_vs_resto
4,B,en un,173,76,0.9671499650922792,dovish_vs_resto
4,B,estimulo,66,41,0.5816352753382341,dovish_vs_resto
4,B,la inflacion,303,97,0.817304439943,dovish_vs_resto
4,B,la politica,178,75,0.7500577994977339,dovish_vs_resto
4,B,la politica monetaria,160,71,0.7846911390529522,dovish_vs_resto
4,B,la tasa,353,101,1.1748518265358374,dovish_vs_resto
4,B,la tasa de,304,95,0.8067811291943083,dovish_vs_resto
4,B,la tasa en,33,25,0.78997975038122,dovish_vs_resto
4,B,la tpm,88,56,0.9026150126116123,dovish_vs_resto
4,B,le,173,59,0.7187928723035334,dovish_vs_resto
4,B,mantener,164,80,1.26737703312941,dovish_vs_resto
4,B,mantener la,133,71,0.8728591724338334,dovish_vs_resto
4,B,mantener la tasa,105,62,0.8440552130250334,dovish_vs_resto
4,B,mantenerse,21,19,0.7014367743980714,dovish_vs_resto
4,B,monetaria,361,98,0.847814637725153,dovish_vs_resto
4,B,politica,398,101,0.9290799347804535,dovish_vs_resto
4,B,politica monetaria,353,98,0.8159467420419269,dovish_vs_resto
4,B,politica monetaria en,183,77,0.6474650874717824,dovish_vs_resto
4,B,por mantener,45,36,0.7347861213472138,dovish_vs_resto
4,B,por mantener la,42,34,0.6731342816416692,dovish_vs_resto
4,B,recorte,20,16,0.8020716137492493,dovish_vs_resto
4,B,reduccion de,48,35,0.7709676697012475,dovish_vs_resto
4,B,reducir,43,37,0.698140859851873,dovish_vs_resto
4,B,reducir la,21,19,0.783680331601655,dovish_vs_resto
4,B,reducir la tasa,8,8,1.0231738048052907,dovish_vs_resto
4,B,reducir la tasa de,8,8,1.0231738048052907,dovish_vs_resto
4,B,sesgo,61,39,0.8586643264464653,dovish_vs_resto
4,B,su,455,109,0.8772110710084128,dovish_vs_resto
4,B,su decision,5,5,0.8239889893286096,dovish_vs_resto
4,B,tasa,388,104,0.9835005341862559,dovish_vs_resto
4,B,tasas,278,95,0.7813644663806397,dovish_vs_resto
4,B,tpm,97,57,0.9291276807381763,dovish_vs_resto
4,B,votacion,19,17,1.1353963640924976,dovish_vs_resto
5,B,25 anual,18,16,0.5226768496728531,dovish_vs_resto
5,B,baja,198,85,0.9919825483748745,dovish_vs_resto
5,B,bajar,36,31,1.35645030764984,dovish_vs_resto
5,B,bajar la,19,15,1.6309858312325467,dovish_vs_resto
5,B,bajar la tasa,17,13,1.4712457153733347,dovish_vs_resto
5,B,bajar la tasa de,10,8,0.9412475452103759,dovish_vs_resto
5,B,bajas,42,31,0.6761809550684692,dovish_vs_resto
5,B,de tasas,102,58,0.7355149684489155,dovish_vs_resto
5,B,en consecuencia,75,45,0.6461729723820671,dovish_vs_resto
5,B,en un,177,79,0.8731993291313815,dovish_vs_resto
5,B,estimulo,61,39,0.7942962480182458,dovish_vs_resto
5,B,la inflacion,297,98,0.7131913959539199,dovish_vs_resto
5,B,la politica,193,80,0.7167534422521844,dovish_vs_resto
5,B,la politica monetaria,173,75,0.8009008015935475,dovish_vs_resto
5,B,la tasa,361,103,1.0359789103592651,dovish_vs_resto
5,B,la tasa de,315,98,0.7368198802099228,dovish_vs_resto
5,B,la tasa en,30,21,0.8481797777495628,dovish_vs_resto
5,B,la tpm,97,61,0.6155894705222291,dovish_vs_resto
5,B,le,174,59,0.7497694975087872,dovish_vs_resto
5,B,mantener,170,81,1.1235931416991363,dovish_vs_resto
5,B,mantener la,135,72,0.8152797581995381,dovish_vs_resto
5,B,mantener la tasa,106,61,0.8808874061998824,dovish_vs_resto
5,B,mantenerse,21,19,0.626768371674217,dovish_vs_resto
5,B,monetaria,363,102,0.7979617107185504,dovish_vs_resto
5,B,politica,401,105,0.8740221322846671,dovish_vs_resto
5,B,politica monetaria,356,102,0.7699771608381485,dovish_vs_resto
5,B,politica monetaria en,183,81,0.669667496857447,dovish_vs_resto
5,B,por mantener,43,33,0.8744954585573675,dovish_vs_resto
5,B,por mantener la,40,31,0.8051432556207356,dovish_vs_resto
5,B,rebajar,3,3,0.931242320030576,dovish_vs_resto
5,B,rebajar la,3,3,0.931242320030576,dovish_vs_resto
5,B,rebajar la tasa,3,3,0.8638817301157187,dovish_vs_resto
5,B,rebajar la tasa de,3,3,0.8638817301157187,dovish_vs_resto
5,B,recorte,21,17,0.8402621766798014,dovish_vs_resto
5,B,reduccion de,52,39,0.8013231171588924,dovish_vs_resto
5,B,reducir,41,35,0.8365417558196365,dovish_vs_resto
5,B,reducir la,23,21,0.8496912617097223,dovish_vs_resto
5,B,reducir la tasa,8,8,1.1258874603692486,dovish_vs_resto
5,B,reducir la tasa de,8,8,1.1258874603692486,dovish_vs_resto
5,B,sesgo,63,39,0.8272537179438666,dovish_vs_resto
5,B,su,452,110,0.7750441180908964,dovish_vs_resto
5,B,su decision,4,4,0.8215462856752334,dovish_vs_resto
5,B,tasa,395,106,0.8573588391000705,dovish_vs_resto
5,B,tasas,281,96,0.7232815502229961,dovish_vs_resto
5,B,tpm,105,62,0.6230498106182601,dovish_vs_resto
5,B,votacion,19,16,0.8384991665390169,dovish_vs_resto
1,B,25,166,62,1.703119211312473,hawkish_vs_resto
1,B,25 puntos,125,47,2.0155131932731205,hawkish_vs_resto
1,B,25 puntos base,124,46,2.0206720550016684,hawkish_vs_resto
1,B,25 puntos base en,46,23,1.1428894852645688,hawkish_vs_resto
1,B,alza,254,93,0.9380986137555077,hawkish_vs_resto
1,B,aumentar la,48,26,1.1754009796248122,hawkish_vs_resto
1,B,aumentar la tasa,41,21,1.1585287992590043,hawkish_vs_resto
1,B,aumentar la tasa de,38,20,1.2160765146513492,hawkish_vs_resto
1,B,base,241,85,1.3691976765318858,hawkish_vs_resto
1,B,base en,74,38,1.2100359320654093,hawkish_vs_resto
1,B,de 25,78,37,1.2588366313229278,hawkish_vs_resto
1,B,de 25 puntos,69,34,1.2058805556287504,hawkish_vs_resto
1,B,de 25 puntos base,68,33,1.207468590220043,hawkish_vs_resto
1,B,de politica,329,99,1.4510655796525471,hawkish_vs_resto
1,B,de politica monetaria,298,95,1.3615107843508114,hawkish_vs_resto
1,B,en 25,109,50,1.1707719297382213,hawkish_vs_resto
1,B,en 25 puntos,84,38,1.432122597222568,hawkish_vs_resto
1,B,en 25 puntos base,84,38,1.432122597222568,hawkish_vs_resto
1,B,monetaria,354,102,1.3875887209656557,hawkish_vs_resto
1,B,politica,387,105,1.461310799856131,hawkish_vs_resto
1,B,politica monetaria,347,102,1.4253551677726624,hawkish_vs_resto
1,B,puntos,205,78,1.5266856123630448,hawkish_vs_resto
1,B,puntos base,178,70,1.6869702573149334,hawkish_vs_resto
1,B,puntos base en,71,35,1.1995223566937847,hawkish_vs_resto
1,B,subir,70,41,1.4218135518530115,hawkish_vs_resto
1,B,subir la,48,32,1.3681028740730907,hawkish_vs_resto
1,B,subir la tasa,39,25,1.1263808335218326,hawkish_vs_resto
1,B,subir la tasa de,26,19,1.1671558476128947,hawkish_vs_resto
1,B,tasa de politica,224,81,1.1537797874768296,hawkish_vs_resto
1,B,tasa de politica monetaria,213,79,1.0825908153585895,hawkish_vs_resto
2,B,25,157,61,1.638805161805593,hawkish_vs_resto
2,B,25 puntos,118,45,2.0242182694439115,hawkish_vs_resto
2,B,25 puntos base,117,44,2.0299329827180825,hawkish_vs_resto
2,B,25 puntos base en,41,20,1.1146455610756771,hawkish_vs_resto
2,B,alza,250,94,1.0091926784652099,hawkish_vs_resto
2,B,aumentar la,43,22,1.0509811167530052,hawkish_vs_resto
2,B,aumentar la tasa,36,18,1.0401425111352718,hawkish_vs_resto
2,B,aumentar la tasa de,33,17,1.1059574632638247,hawkish_vs_resto
2,B,base,236,84,1.3606279176005935,hawkish_vs_resto
2,B,base en,70,38,1.172174243997611,hawkish_vs_resto
2,B,de 25,77,36,1.2234763595211184,hawkish_vs_resto
2,B,de 25 puntos,68,32,1.2491571789646478,hawkish_vs_resto
2,B,de 25 puntos base,67,31,1.2511802612256377,hawkish_vs_resto
2,B,de politica,341,100,1.4418797249686262,hawkish_vs_resto
2,B,de politica monetaria,299,94,1.4872811501926642,hawkish_vs_resto
2,B,en 25,104,49,1.1616308594574924,hawkish_vs_resto
2,B,en 25 puntos,77,35,1.388745653718517,hawkish_vs_resto
2,B,en 25 puntos base,77,35,1.388745653718517,hawkish_vs_resto
2,B,monetaria,363,103,1.4375446250190271,hawkish_vs_resto
2,B,politica,402,105,1.3884966466810311,hawkish_vs_resto
2,B,politica monetaria,356,103,1.4335547057511178,hawkish_vs_resto
2,B,puntos,204,79,1.4058941068783106,hawkish_vs_resto
2,B,puntos base,175,70,1.4687901817022713,hawkish_vs_resto
2,B,puntos base en,65,33,1.1400368484013934,hawkish_vs_resto
2,B,subir,65,38,1.3340416219854618,hawkish_vs_resto
2,B,subir la,43,29,1.2717154043488001,hawkish_vs_resto
2,B,subir la tasa,34,22,1.0096066583884538,hawkish_vs_resto
2,B,subir la tasa de,22,16,1.1168587780273678,hawkish_vs_resto
2,B,tasa de politica,226,81,1.1455089063055075,hawkish_vs_resto
2,B,tasa de politica monetaria,213,79,1.1295021779119727,hawkish_vs_resto
3,B,25,151,60,1.7296247579880388,hawkish_vs_resto
3,B,25 puntos,113,44,1.9896344000859876,hawkish_vs_resto
3,B,25 puntos base,113,44,1.9851815349421649,hawkish_vs_resto
3,B,25 puntos base en,38,20,0.8970930006064068,hawkish_vs_resto
3,B,alza,254,93,1.0411438917175841,hawkish_vs_resto
3,B,aumentar la,45,25,0.9233772164690957,hawkish_vs_resto
3,B,aumentar la tasa,38,20,0.8913942574430805,hawkish_vs_resto
3,B,aumentar la tasa de,36,19,0.924832733903574,hawkish_vs_resto
3,B,base,229,82,1.5181849273875634,hawkish_vs_resto
3,B,base en,65,35,1.150057865449024,hawkish_vs_resto
3,B,de 25,70,32,1.2516511385199887,hawkish_vs_resto
3,B,de 25 puntos,62,29,1.2035487598290722,hawkish_vs_resto
3,B,de 25 puntos base,62,29,1.195193011612143,hawkish_vs_resto
3,B,de politica,337,99,1.2974110261691663,hawkish_vs_resto
3,B,de politica monetaria,299,94,1.3339010459957805,hawkish_vs_resto
3,B,en 25,102,50,1.1360034866535935,hawkish_vs_resto
3,B,en 25 puntos,79,38,1.3472292842003686,hawkish_vs_resto
3,B,en 25 puntos base,79,38,1.3472292842003686,hawkish_vs_resto
3,B,monetaria,358,103,1.3853262227256735,hawkish_vs_resto
3,B,politica,394,105,1.2925235104729593,hawkish_vs_resto
3,B,politica monetaria,352,103,1.429410268066543,hawkish_vs_resto
3,B,puntos,199,78,1.5559253647927318,hawkish_vs_resto
3,B,puntos base,168,68,1.6170648840240185,hawkish_vs_resto
3,B,puntos base en,61,31,1.0927642238520532,hawkish_vs_resto
3,B,subir,68,41,1.2868730501396353,hawkish_vs_resto
3,B,subir la,45,30,1.3115637586617728,hawkish_vs_resto
3,B,subir la tasa,37,24,1.0856817344645768,hawkish_vs_resto
3,B,subir la tasa de,25,19,1.0863803011064692,hawkish_vs_resto
3,B,tasa de politica,221,80,1.0663333913351187,hawkish_vs_resto
3,B,tasa de politica monetaria,209,78,0.9974422343036564,hawkish_vs_resto
4,B,25,161,58,1.7945191701747343,hawkish_vs_resto
4,B,25 puntos,121,43,1.967647286884484,hawkish_vs_resto
4,B,25 puntos base,120,42,1.9722883181606297,hawkish_vs_resto
4,B,25 puntos base en,43,19,1.1863190428357504,hawkish_vs_resto
4,B,alza,245,90,1.0690905669117678,hawkish_vs_resto
4,B,aumentar la,44,22,1.0260930985832375,hawkish_vs_resto
4,B,aumentar la tasa,37,18,1.1022322056532636,hawkish_vs_resto
4,B,aumentar la tasa de,34,17,1.171699425108075,hawkish_vs_resto
4,B,base,238,80,1.3982065177848484,hawkish_vs_resto
4,B,base en,73,36,1.2896371435666214,hawkish_vs_resto
4,B,de 25,79,35,1.2644837841992773,hawkish_vs_resto
4,B,de 25 puntos,68,31,1.2117577098122263,hawkish_vs_resto
4,B,de 25 puntos base,67,30,1.2124326874107008,hawkish_vs_resto
4,B,de politica,340,95,1.2862528139379312,hawkish_vs_resto
4,B,de politica monetaria,301,90,1.3612609842704524,hawkish_vs_resto
4,B,en 25,103,49,1.2143621578349846,hawkish_vs_resto
4,B,en 25 puntos,78,36,1.366723951908543,hawkish_vs_resto
4,B,en 25 puntos base,78,36,1.366723951908543,hawkish_vs_resto
4,B,monetaria,361,98,1.3355706792646598,hawkish_vs_resto
4,B,politica,398,101,1.3231122239984576,hawkish_vs_resto
4,B,politica monetaria,353,98,1.3727490152498456,hawkish_vs_resto
4,B,puntos,207,74,1.4884469303219126,hawkish_vs_resto
4,B,puntos base,174,65,1.5772088814280445,hawkish_vs_resto
4,B,puntos base en,68,31,1.24185393749447,hawkish_vs_resto
4,B,subir,60,38,1.156044270403188,hawkish_vs_resto
4,B,subir la,41,27,1.0715309153168247,hawkish_vs_resto
4,B,subir la tasa,33,21,0.8169588275295653,hawkish_vs_resto
4,B,subir la tasa de,21,16,0.7791760253211345,hawkish_vs_resto
4,B,tasa de politica,225,78,0.9564204608485691,hawkish_vs_resto
4,B,tasa de politica monetaria,213,77,1.0009308165856337,hawkish_vs_resto
5,B,25,161,62,1.795369621131047,hawkish_vs_resto
5,B,25 puntos,121,46,1.8989188618308628,hawkish_vs_resto
5,B,25 puntos base,120,45,1.9051853075490381,hawkish_vs_resto
5,B,25 puntos base en,44,22,1.13103050844718,hawkish_vs_resto
5,B,alza,239,89,0.9017225682260457,hawkish_vs_resto
5,B,aumentar la,45,23,1.1550893092481558,hawkish_vs_resto
5,B,aumentar la tasa,38,19,1.123280047272959,hawkish_vs_resto
5,B,aumentar la tasa de,35,18,1.1891030703133811,hawkish_vs_resto
5,B,base,239,82,1.4477340677406039,hawkish_vs_resto
5,B,base en,73,38,1.2559423646590426,hawkish_vs_resto
5,B,de 25,78,34,1.3055869074119926,hawkish_vs_resto
5,B,de 25 puntos,69,32,1.228399455752334,hawkish_vs_resto
5,B,de 25 puntos base,68,31,1.2316277000549782,hawkish_vs_resto
5,B,de politica,346,100,1.359807798056261,hawkish_vs_resto
5,B,de politica monetaria,304,94,1.3874039586348044,hawkish_vs_resto
5,B,en 25,105,51,1.200273498865028,hawkish_vs_resto
5,B,en 25 puntos,80,38,1.3072761585001276,hawkish_vs_resto
5,B,en 25 puntos base,80,38,1.3072761585001276,hawkish_vs_resto
5,B,monetaria,363,102,1.3517413700829115,hawkish_vs_resto
5,B,politica,401,105,1.378363464705061,hawkish_vs_resto
5,B,politica monetaria,356,102,1.3796297134126334,hawkish_vs_resto
5,B,puntos,213,80,1.4663401823470328,hawkish_vs_resto
5,B,puntos base,182,71,1.5451484792395571,hawkish_vs_resto
5,B,puntos base en,70,35,1.2226342896612352,hawkish_vs_resto
5,B,subir,63,38,1.2984173094276243,hawkish_vs_resto
5,B,subir la,39,27,1.2775449667338108,hawkish_vs_resto
5,B,subir la tasa,31,21,1.0418670932624174,hawkish_vs_resto
5,B,subir la tasa de,22,17,1.0576292554419942,hawkish_vs_resto
5,B,tasa de politica,227,80,1.073635076058827,hawkish_vs_resto
5,B,tasa de politica monetaria,213,78,1.0148744060307733,hawkish_vs_resto
1,B,analisis macroeconomico,59,37,0.3760799719788588,neutral_vs_resto
1,B,anos,144,68,0.46864208658112827,neutral_vs_resto
1,B,bancos,59,43,0.37646701915139513,neutral_vs_resto
1,B,caida,157,81,0.2815007366975433,neutral_vs_resto
1,B,china,77,44,0.3748816044735964,neutral_vs_resto
1,B,claudio,60,34,0.45769134266426964,neutral_vs_resto
1,B,claudio soto,59,33,0.4521791740559745,neutral_vs_resto
1,B,consejeros mantener,4,4,0.3634087949960245,neutral_vs_resto
1,B,consejeros mantener la,4,4,0.3634087949960245,neutral_vs_resto
1,B,consulta,84,54,0.7527516307921275,neutral_vs_resto
1,B,consulta si,33,27,0.42103969437504807,neutral_vs_resto
1,B,consumo,166,73,0.33840209012571676,neutral_vs_resto
1,B,de analisis,88,49,0.48338672304814256,neutral_vs_resto
1,B,de analisis macroeconomico,59,37,0.3760799719788588,neutral_vs_resto
1,B,de division estudios senor,54,40,0.38733377715014705,neutral_vs_resto
1,B,division estudios senor,56,42,0.39638578393370216,neutral_vs_resto
1,B,efecto de,41,30,0.3136965852213464,neutral_vs_resto
1,B,el gerente,223,78,0.4157214451834502,neutral_vs_resto
1,B,el gerente de,202,75,0.3165165688446593,neutral_vs_resto
1,B,el gerente de analisis,70,41,0.39776247819735233,neutral_vs_resto
1,B,el gerente de division,111,62,0.28606022978202117,neutral_vs_resto
1,B,el senor claudio,49,29,0.3918863573260399,neutral_vs_resto
1,B,el senor claudio soto,49,29,0.3918863573260399,neutral_vs_resto
1,B,empresas,61,41,0.3335748744343189,neutral_vs_resto
1,B,en anual,29,25,0.585068431926686,neutral_vs_resto
1,B,estudios senor,56,42,0.39638578393370216,neutral_vs_resto
1,B,gerente,257,82,0.5067343653134284,neutral_vs_resto
1,B,gerente de,231,78,0.37657847635471486,neutral_vs_resto
1,B,gerente de analisis,82,46,0.4671238898467974,neutral_vs_resto
1,B,gerente de division,127,64,0.3239272856794353,neutral_vs_resto
1,B,gerente de division estudios,80,53,0.5380526592888883,neutral_vs_resto
1,B,lehmann,61,46,0.5102317450326472,neutral_vs_resto
1,B,monetaria en anual,21,19,0.5542118429094411,neutral_vs_resto
1,B,pib,89,49,0.3695748096044342,neutral_vs_resto
1,B,politica monetaria en anual,21,19,0.5542118429094411,neutral_vs_resto
1,B,promedio,73,44,0.3545529974349364,neutral_vs_resto
1,B,relacion,123,63,0.2639899432436591,neutral_vs_resto
1,B,senor,854,117,0.4950778675409649,neutral_vs_resto
1,B,senor claudio,60,34,0.45769134266426964,neutral_vs_resto
1,B,senor claudio soto,59,33,0.4521791740559745,neutral_vs_resto
1,B,soto,65,36,0.5179979007775477,neutral_vs_resto
2,B,analisis macroeconomico,54,36,0.3749304153393497,neutral_vs_resto
2,B,anos,150,65,0.48535925990656,neutral_vs_resto
2,B,bancos,60,43,0.372530736376537,neutral_vs_resto
2,B,caida,154,82,0.2502439919678147,neutral_vs_resto
2,B,china,80,45,0.4251409253791083,neutral_vs_resto
2,B,claudio,55,32,0.42215116781716044,neutral_vs_resto
2,B,claudio soto,54,31,0.41745190954323697,neutral_vs_resto
2,B,consejeros mantener,5,5,0.41037074965566944,neutral_vs_resto
2,B,consejeros mantener la,5,5,0.41037074965566944,neutral_vs_resto
2,B,consulta,87,57,0.7980411201014417,neutral_vs_resto
2,B,consulta si,35,27,0.4288535303106342,neutral_vs_resto
2,B,consumo,163,73,0.2739886738927394,neutral_vs_resto
2,B,de analisis,89,51,0.5044436968386624,neutral_vs_resto
2,B,de analisis macroeconomico,54,36,0.3749304153393497,neutral_vs_resto
2,B,de division estudios senor,50,38,0.3982467147555196,neutral_vs_resto
2,B,division estudios senor,52,40,0.4065726187405377,neutral_vs_resto
2,B,efecto de,38,31,0.3436426140407473,neutral_vs_resto
2,B,el gerente,226,78,0.46568516999926746,neutral_vs_resto
2,B,el gerente de,205,74,0.3891154276931028,neutral_vs_resto
2,B,el gerente de analisis,70,42,0.41836524182398294,neutral_vs_resto
2,B,el gerente de division,112,60,0.35698351986434695,neutral_vs_resto
2,B,el senor claudio,44,26,0.35136996492769296,neutral_vs_resto
2,B,el senor claudio soto,44,26,0.35136996492769296,neutral_vs_resto
2,B,empresas,64,41,0.36126894723639463,neutral_vs_resto
2,B,en anual,31,27,0.6413088535968472,neutral_vs_resto
2,B,estudios senor,53,41,0.41316624449350325,neutral_vs_resto
2,B,gerente,268,82,0.611254517997267,neutral_vs_resto
2,B,gerente de,236,78,0.46830152756397736,neutral_vs_resto
2,B,gerente de analisis,83,48,0.4883466005140116,neutral_vs_resto
2,B,gerente de division,129,63,0.4220730341481686,neutral_vs_resto
2,B,gerente de division estudios,77,50,0.5319875556313955,neutral_vs_resto
2,B,lehmann,65,47,0.525594122773244,neutral_vs_resto
2,B,monetaria en anual,23,21,0.5965476263067337,neutral_vs_resto
2,B,pib,97,54,0.41834427247280814,neutral_vs_resto
2,B,politica monetaria en anual,23,21,0.5965476263067337,neutral_vs_resto
2,B,promedio,79,49,0.34670838740545684,neutral_vs_resto
2,B,relacion,140,66,0.3319970666876969,neutral_vs_resto
2,B,senor claudio,55,32,0.42215116781716044,neutral_vs_resto
2,B,senor claudio soto,54,31,0.41745190954323697,neutral_vs_resto
2,B,soto,59,33,0.47847006408119075,neutral_vs_resto
3,B,analisis macroeconomico,60,38,0.35323681164600207,neutral_vs_resto
3,B,anos,140,65,0.49179751620916656,neutral_vs_resto
3,B,bancos,57,41,0.35698222138706354,neutral_vs_resto
3,B,caida,160,81,0.3419594770793717,neutral_vs_resto
3,B,china,77,44,0.33977172327032956,neutral_vs_resto
3,B,claudio,58,34,0.4258875481353425,neutral_vs_resto
3,B,claudio soto,57,33,0.42210790981002216,neutral_vs_resto
3,B,consejeros mantener,5,5,0.33997780012165557,neutral_vs_resto
3,B,consejeros mantener la,5,5,0.33997780012165557,neutral_vs_resto
3,B,consulta,87,55,0.8005916956261772,neutral_vs_resto
3,B,consulta si,32,26,0.3894859796066632,neutral_vs_resto
3,B,consumo,161,68,0.3520738993510942,neutral_vs_resto
3,B,de analisis,90,53,0.4681866577362461,neutral_vs_resto
3,B,de analisis macroeconomico,60,38,0.35323681164600207,neutral_vs_resto
3,B,de division estudios senor,54,39,0.3683972863774819,neutral_vs_resto
3,B,division estudios senor,56,41,0.3776969536193996,neutral_vs_resto
3,B,efecto de,42,32,0.39947727132856037,neutral_vs_resto
3,B,el gerente,230,81,0.5470948741569723,neutral_vs_resto
3,B,el gerente de,205,77,0.46805479230752606,neutral_vs_resto
3,B,el gerente de analisis,72,44,0.38746670308915043,neutral_vs_resto
3,B,el gerente de division,114,62,0.4140969550509934,neutral_vs_resto
3,B,el senor claudio,47,29,0.35995737371969067,neutral_vs_resto
3,B,el senor claudio soto,47,29,0.35995737371969067,neutral_vs_resto
3,B,empresas,68,43,0.3809325509111146,neutral_vs_resto
3,B,en anual,31,27,0.5055039052748316,neutral_vs_resto
3,B,estudios senor,57,42,0.38411641747467506,neutral_vs_resto
3,B,gerente,270,86,0.6571507970534683,neutral_vs_resto
3,B,gerente de,234,82,0.5190476810221087,neutral_vs_resto
3,B,gerente de analisis,84,50,0.4522504964378895,neutral_vs_resto
3,B,gerente de division,131,66,0.46007446465420765,neutral_vs_resto
3,B,gerente de division estudios,80,52,0.5108944114067453,neutral_vs_resto
3,B,lehmann,60,44,0.4814815774957697,neutral_vs_resto
3,B,monetaria en anual,22,20,0.47269645104592767,neutral_vs_resto
3,B,pib,95,53,0.4023397901912742,neutral_vs_resto
3,B,politica monetaria en anual,22,20,0.47269645104592767,neutral_vs_resto
3,B,promedio,72,46,0.3551856766351091,neutral_vs_resto
3,B,relacion,130,63,0.41319608113040457,neutral_vs_resto
3,B,senor claudio,58,34,0.4258875481353425,neutral_vs_resto
3,B,senor claudio soto,57,33,0.42210790981002216,neutral_vs_resto
3,B,soto,63,36,0.4894574661886348,neutral_vs_resto
4,B,analisis macroeconomico,65,41,0.3797791202365404,neutral_vs_resto
4,B,anos,151,65,0.48029358413785506,neutral_vs_resto
4,B,bancos,56,40,0.3402680018426371,neutral_vs_resto
4,B,caida,157,82,0.4053546309757531,neutral_vs_resto
4,B,china,72,42,0.32417789452513357,neutral_vs_resto
4,B,claudio,58,33,0.4358338865075147,neutral_vs_resto
4,B,claudio soto,58,33,0.4358338865075147,neutral_vs_resto
4,B,consejeros mantener,4,4,0.37388672577626947,neutral_vs_resto
4,B,consejeros mantener la,4,4,0.37388672577626947,neutral_vs_resto
4,B,consulta,87,52,0.7764013105293993,neutral_vs_resto
4,B,consulta si,34,26,0.41045749429297373,neutral_vs_resto
4,B,consumo,168,74,0.3996046189376692,neutral_vs_resto
4,B,de analisis,96,52,0.4854914483572864,neutral_vs_resto
4,B,de analisis macroeconomico,65,41,0.3797791202365404,neutral_vs_resto
4,B,de division estudios senor,53,39,0.3540088768169578,neutral_vs_resto
4,B,division estudios senor,55,41,0.36336792610511676,neutral_vs_resto
4,B,efecto de,43,31,0.32870500605651665,neutral_vs_resto
4,B,el gerente,236,78,0.43933772417207717,neutral_vs_resto
4,B,el gerente de,214,75,0.3614615019173697,neutral_vs_resto
4,B,el gerente de analisis,79,45,0.41965404256983607,neutral_vs_resto
4,B,el gerente de division,114,60,0.2986162426043175,neutral_vs_resto
4,B,el senor claudio,47,28,0.37229416309717833,neutral_vs_resto
4,B,el senor claudio soto,47,28,0.37229416309717833,neutral_vs_resto
4,B,empresas,70,44,0.34410620251731816,neutral_vs_resto
4,B,en anual,28,25,0.5453670598477408,neutral_vs_resto
4,B,estudios senor,56,42,0.36970978364545937,neutral_vs_resto
4,B,gerente,278,82,0.594559485324835,neutral_vs_resto
4,B,gerente de,246,80,0.4520082904994731,neutral_vs_resto
4,B,gerente de analisis,92,51,0.4860944737713384,neutral_vs_resto
4,B,gerente de division,132,64,0.37092932953356994,neutral_vs_resto
4,B,gerente de division estudios,81,52,0.49290164306539,neutral_vs_resto
4,B,lehmann,63,45,0.5038138518143964,neutral_vs_resto
4,B,monetaria en anual,20,18,0.5184641836033629,neutral_vs_resto
4,B,pib,94,51,0.30602043178730315,neutral_vs_resto
4,B,politica monetaria en anual,20,18,0.5184641836033629,neutral_vs_resto
4,B,promedio,80,47,0.3842193048623722,neutral_vs_resto
4,B,relacion,134,61,0.3354502092497075,neutral_vs_resto
4,B,senor,863,113,0.4735559371022001,neutral_vs_resto
4,B,senor claudio,58,33,0.4358338865075147,neutral_vs_resto
4,B,senor claudio soto,58,33,0.4358338865075147,neutral_vs_resto
4,B,soto,62,35,0.4960342809724376,neutral_vs_resto
5,B,analisis macroeconomico,59,36,0.3725040864378014,neutral_vs_resto
5,B,anos,144,64,0.4528022057056753,neutral_vs_resto
5,B,bancos,57,40,0.4043517583645422,neutral_vs_resto
5,B,caida,155,79,0.23627789972379176,neutral_vs_resto
5,B,china,76,44,0.3829468843825769,neutral_vs_resto
5,B,claudio,51,29,0.421676838311172,neutral_vs_resto
5,B,claudio soto,50,28,0.41698800487460863,neutral_vs_resto
5,B,consejeros mantener,5,5,0.3754081111808706,neutral_vs_resto
5,B,consejeros mantener la,5,5,0.3754081111808706,neutral_vs_resto
5,B,consulta,88,52,0.7876517508713285,neutral_vs_resto
5,B,consulta si,34,26,0.4081437219548001,neutral_vs_resto
5,B,consumo,149,67,0.2963437237222864,neutral_vs_resto
5,B,de analisis,92,50,0.49777172190927943,neutral_vs_resto
5,B,de analisis macroeconomico,59,36,0.3725040864378014,neutral_vs_resto
5,B,de division estudios senor,53,37,0.3404686124517261,neutral_vs_resto
5,B,division estudios senor,54,38,0.3474268496960035,neutral_vs_resto
5,B,efecto de,41,30,0.341398639074628,neutral_vs_resto
5,B,el gerente,226,76,0.4428214442625365,neutral_vs_resto
5,B,el gerente de,206,72,0.3590651935909531,neutral_vs_resto
5,B,el gerente de analisis,76,42,0.4269013684423356,neutral_vs_resto
5,B,el gerente de division,110,59,0.27296602649165447,neutral_vs_resto
5,B,el senor claudio,39,23,0.3487815528195683,neutral_vs_resto
5,B,el senor claudio soto,39,23,0.3487815528195683,neutral_vs_resto
5,B,empresas,62,42,0.3917950163194174,neutral_vs_resto
5,B,en anual,28,24,0.6842525434769384,neutral_vs_resto
5,B,estudios senor,55,39,0.35370607340594123,neutral_vs_resto
5,B,gerente,269,81,0.5764097419994448,neutral_vs_resto
5,B,gerente de,238,77,0.4425454153554649,neutral_vs_resto
5,B,gerente de analisis,88,48,0.48709496629098387,neutral_vs_resto
5,B,gerente de division,129,63,0.35236043148393814,neutral_vs_resto
5,B,gerente de division estudios,78,49,0.5125174306404047,neutral_vs_resto
5,B,lehmann,65,47,0.5379427176767935,neutral_vs_resto
5,B,monetaria en anual,20,18,0.6726903549925589,neutral_vs_resto
5,B,pib,96,51,0.3123542128923383,neutral_vs_resto
5,B,politica monetaria en anual,20,18,0.6726903549925589,neutral_vs_resto
5,B,promedio,75,43,0.28843719738359075,neutral_vs_resto
5,B,relacion,130,60,0.36564298995112243,neutral_vs_resto
5,B,senor,861,113,0.500325204776833,neutral_vs_resto
5,B,senor claudio,51,29,0.421676838311172,neutral_vs_resto
5,B,senor claudio soto,50,28,0.41698800487460863,neutral_vs_resto
5,B,soto,55,31,0.4751792412018414,neutral_vs_resto
1,B,25,166,62,1.2305021831728606,hawkish_vs_dovish
1,B,25 puntos,125,47,1.8330705397750184,hawkish_vs_dovish
1,B,25 puntos base,124,46,1.8342480828062175,hawkish_vs_dovish
1,B,25 puntos base en,46,23,1.0914781457040634,hawkish_vs_dovish
1,B,alza,254,93,0.9368174000954963,hawkish_vs_dovish
1,B,alza de,97,50,0.766420511803185,hawkish_vs_dovish
1,B,alza de 25,20,13,0.8397854239409611,hawkish_vs_dovish
1,B,aumentar,78,41,1.1361840637599494,hawkish_vs_dovish
1,B,aumentar la,48,26,1.233381576030021,hawkish_vs_dovish
1,B,aumentar la tasa,41,21,1.22578384601287,hawkish_vs_dovish
1,B,aumentar la tasa de,38,20,1.3345230192241013,hawkish_vs_dovish
1,B,aumentos,79,49,0.996419953435209,hawkish_vs_dovish
1,B,base en,74,38,1.1552813228925296,hawkish_vs_dovish
1,B,de 25,78,37,1.2713669007368653,hawkish_vs_dovish
1,B,de 25 puntos,69,34,1.267261737198901,hawkish_vs_dovish
1,B,de 25 puntos base,68,33,1.2645850608772737,hawkish_vs_dovish
1,B,elevar,28,19,1.0573220132359338,hawkish_vs_dovish
1,B,elevar la,20,14,0.9963256530763565,hawkish_vs_dovish
1,B,elevar la tasa de,14,10,0.8900344101462996,hawkish_vs_dovish
1,B,en 25 puntos,84,38,1.2391139942732448,hawkish_vs_dovish
1,B,en 25 puntos base,84,38,1.2391139942732448,hawkish_vs_dovish
1,B,informe de politica,85,35,0.8711361683450987,hawkish_vs_dovish
1,B,neutral,59,31,0.8121880337692533,hawkish_vs_dovish
1,B,proceso,72,48,0.8196537883904056,hawkish_vs_dovish
1,B,puntos,205,78,0.9536045801357729,hawkish_vs_dovish
1,B,puntos base,178,70,1.0640883071285492,hawkish_vs_dovish
1,B,puntos base en,71,35,1.1231859575197498,hawkish_vs_dovish
1,B,subir,70,41,1.3956241212857363,hawkish_vs_dovish
1,B,subir la,48,32,1.355983677691033,hawkish_vs_dovish
1,B,subir la tasa,39,25,1.0917651050502286,hawkish_vs_dovish
1,B,subir la tasa de,26,19,1.1732666132575875,hawkish_vs_dovish
1,B,tasa neutral,20,11,0.737707251520634,hawkish_vs_dovish
1,B,un alza,87,52,0.6741197307206117,hawkish_vs_dovish
1,B,un alza de,50,27,0.8795986304396511,hawkish_vs_dovish
2,B,25,157,61,1.1506534875123735,hawkish_vs_dovish
2,B,25 puntos,118,45,1.8445797241947497,hawkish_vs_dovish
2,B,25 puntos base,117,44,1.8459847125568305,hawkish_vs_dovish
2,B,25 puntos base en,41,20,1.091005297568554,hawkish_vs_dovish
2,B,alza,250,94,1.0245231301631064,hawkish_vs_dovish
2,B,alza de,97,48,0.7879778090015299,hawkish_vs_dovish
2,B,alza de 25,18,12,0.7066006862883027,hawkish_vs_dovish
2,B,aumentar,69,37,1.0526393701376766,hawkish_vs_dovish
2,B,aumentar la,43,22,1.1020863490116948,hawkish_vs_dovish
2,B,aumentar la tasa,36,18,1.0991791504684243,hawkish_vs_dovish
2,B,aumentar la tasa de,33,17,1.2201329917382244,hawkish_vs_dovish
2,B,aumentos,81,48,1.1035264823234647,hawkish_vs_dovish
2,B,base en,70,38,1.14869369566847,hawkish_vs_dovish
2,B,de 25,77,36,1.2816810767398046,hawkish_vs_dovish
2,B,de 25 puntos,68,32,1.3512698574421176,hawkish_vs_dovish
2,B,de 25 puntos base,67,31,1.3488759717398993,hawkish_vs_dovish
2,B,elevar,27,19,1.0559500580412455,hawkish_vs_dovish
2,B,elevar la,19,14,0.9982707417974854,hawkish_vs_dovish
2,B,elevar la tasa de,13,10,0.8911208945152005,hawkish_vs_dovish
2,B,en 25 puntos,77,35,1.1562453060349909,hawkish_vs_dovish
2,B,en 25 puntos base,77,35,1.1562453060349909,hawkish_vs_dovish
2,B,informe de politica,77,31,0.8349785021189055,hawkish_vs_dovish
2,B,neutral,63,33,1.1085435832292743,hawkish_vs_dovish
2,B,proceso,75,49,0.8040468517566081,hawkish_vs_dovish
2,B,puntos,204,79,0.8021744171428344,hawkish_vs_dovish
2,B,puntos base,175,70,0.8493850727409248,hawkish_vs_dovish
2,B,puntos base en,65,33,1.08384130465581,hawkish_vs_dovish
2,B,subir,65,38,1.2653994170224594,hawkish_vs_dovish
2,B,subir la,43,29,1.254859512755278,hawkish_vs_dovish
2,B,subir la tasa,34,22,0.9707390137384463,hawkish_vs_dovish
2,B,subir la tasa de,22,16,1.1343466748875526,hawkish_vs_dovish
2,B,tasa neutral,23,12,0.9427099871457865,hawkish_vs_dovish
2,B,un alza,81,50,0.8016444244608376,hawkish_vs_dovish
2,B,un alza de,46,26,0.8783769494506661,hawkish_vs_dovish
3,B,25,151,60,1.3309359891905121,hawkish_vs_dovish
3,B,25 puntos,113,44,1.8676764364817307,hawkish_vs_dovish
3,B,25 puntos base,113,44,1.8627767886268816,hawkish_vs_dovish
3,B,25 puntos base en,38,20,0.8181132408229913,hawkish_vs_dovish
3,B,alza,254,93,1.017189475883799,hawkish_vs_dovish
3,B,alza de,99,49,0.8484513522251689,hawkish_vs_dovish
3,B,alza de 25,18,13,0.8182171285289819,hawkish_vs_dovish
3,B,aumentar,74,40,0.8358872754563671,hawkish_vs_dovish
3,B,aumentar la,45,25,0.9539293484806624,hawkish_vs_dovish
3,B,aumentar la tasa,38,20,0.9329154183354209,hawkish_vs_dovish
3,B,aumentar la tasa de,36,19,1.0350786427116283,hawkish_vs_dovish
3,B,aumentos,83,50,0.8708401609669094,hawkish_vs_dovish
3,B,base en,65,35,1.0995351412881371,hawkish_vs_dovish
3,B,de 25,70,32,1.2896497909559779,hawkish_vs_dovish
3,B,de 25 puntos,62,29,1.2763532521228522,hawkish_vs_dovish
3,B,de 25 puntos base,62,29,1.2671591214891125,hawkish_vs_dovish
3,B,elevar,26,19,1.0512348195779047,hawkish_vs_dovish
3,B,elevar la,18,13,1.0222434471469726,hawkish_vs_dovish
3,B,elevar la tasa de,12,9,0.9089819250239939,hawkish_vs_dovish
3,B,en 25 puntos,79,38,1.1679195980858559,hawkish_vs_dovish
3,B,en 25 puntos base,79,38,1.1679195980858559,hawkish_vs_dovish
3,B,informe de politica,79,31,0.9355027191692025,hawkish_vs_dovish
3,B,neutral,54,30,1.071928307478535,hawkish_vs_dovish
3,B,proceso,70,47,0.7555714896024293,hawkish_vs_dovish
3,B,puntos,199,78,1.0099267111124204,hawkish_vs_dovish
3,B,puntos base,168,68,1.0406244857275013,hawkish_vs_dovish
3,B,puntos base en,61,31,1.0140931346880713,hawkish_vs_dovish
3,B,subir,68,41,1.2672980968396421,hawkish_vs_dovish
3,B,subir la,45,30,1.3283784307122106,hawkish_vs_dovish
3,B,subir la tasa,37,24,1.0842425081544718,hawkish_vs_dovish
3,B,subir la tasa de,25,19,1.1373546038229543,hawkish_vs_dovish
3,B,tasa neutral,17,9,0.9179268813769912,hawkish_vs_dovish
3,B,un alza,81,49,0.7130739196277492,hawkish_vs_dovish
3,B,un alza de,50,29,0.9474167176166692,hawkish_vs_dovish
4,B,25,161,58,1.4073707108933484,hawkish_vs_dovish
4,B,25 puntos,121,43,1.7974425152099243,hawkish_vs_dovish
4,B,25 puntos base,120,42,1.798144557892668,hawkish_vs_dovish
4,B,25 puntos base en,43,19,1.1589112708622489,hawkish_vs_dovish
4,B,alza,245,90,1.1546158049778619,hawkish_vs_dovish
4,B,alza de,88,43,0.9937826877179834,hawkish_vs_dovish
4,B,alza de 25,18,11,0.980602949750871,hawkish_vs_dovish
4,B,aumentar,74,36,0.9696970644725538,hawkish_vs_dovish
4,B,aumentar la,44,22,1.0771007107340551,hawkish_vs_dovish
4,B,aumentar la tasa,37,18,1.1610478306630199,hawkish_vs_dovish
4,B,aumentar la tasa de,34,17,1.2862540683396273,hawkish_vs_dovish
4,B,aumentos,84,48,0.9992519794668456,hawkish_vs_dovish
4,B,base en,73,36,1.2872145043736458,hawkish_vs_dovish
4,B,de 25,79,35,1.3290521866201517,hawkish_vs_dovish
4,B,de 25 puntos,68,31,1.316419215457643,hawkish_vs_dovish
4,B,de 25 puntos base,67,30,1.3130628390027996,hawkish_vs_dovish
4,B,elevar,25,16,0.9745491429488471,hawkish_vs_dovish
4,B,elevar la,18,12,0.9046347835637449,hawkish_vs_dovish
4,B,elevar la tasa de,12,8,0.7748651907091657,hawkish_vs_dovish
4,B,en 25 puntos,78,36,1.139456758533352,hawkish_vs_dovish
4,B,en 25 puntos base,78,36,1.139456758533352,hawkish_vs_dovish
4,B,informe de politica,85,31,0.9064858043117765,hawkish_vs_dovish
4,B,neutral,59,30,0.9348406235300306,hawkish_vs_dovish
4,B,proceso,70,44,0.974005892323933,hawkish_vs_dovish
4,B,puntos,207,74,0.9191898042412942,hawkish_vs_dovish
4,B,puntos base,174,65,0.9745188870776385,hawkish_vs_dovish
4,B,puntos base en,68,31,1.205456861497809,hawkish_vs_dovish
4,B,subir,60,38,1.1325095328486086,hawkish_vs_dovish
4,B,subir la,41,27,1.1214498606609113,hawkish_vs_dovish
4,B,subir la tasa,33,21,0.8429148245527978,hawkish_vs_dovish
4,B,subir la tasa de,21,16,0.8582549163873183,hawkish_vs_dovish
4,B,tasa neutral,22,11,1.0330301017436876,hawkish_vs_dovish
4,B,un alza,79,49,1.0002045577095293,hawkish_vs_dovish
4,B,un alza de,45,25,0.9149124333100365,hawkish_vs_dovish
5,B,25,161,62,1.3888568587656138,hawkish_vs_dovish
5,B,25 puntos,121,46,1.6265600856209361,hawkish_vs_dovish
5,B,25 puntos base,120,45,1.6281513551212807,hawkish_vs_dovish
5,B,25 puntos base en,44,22,1.0685722333133982,hawkish_vs_dovish
5,B,alza,239,89,0.9465437952681004,hawkish_vs_dovish
5,B,alza de,91,45,0.8705085679988231,hawkish_vs_dovish
5,B,alza de 25,20,13,0.7984293886712428,hawkish_vs_dovish
5,B,aumentar,76,39,1.1343336381711198,hawkish_vs_dovish
5,B,aumentar la,45,23,1.2265016260969719,hawkish_vs_dovish
5,B,aumentar la tasa,38,19,1.1735450413233572,hawkish_vs_dovish
5,B,aumentar la tasa de,35,18,1.2940813332804968,hawkish_vs_dovish
5,B,aumentos,88,51,1.013479203239184,hawkish_vs_dovish
5,B,base en,73,38,1.1806223970821061,hawkish_vs_dovish
5,B,de 25,78,34,1.357588817234936,hawkish_vs_dovish
5,B,de 25 puntos,69,32,1.2994808263431925,hawkish_vs_dovish
5,B,de 25 puntos base,68,31,1.298074433569549,hawkish_vs_dovish
5,B,elevar,27,19,1.1580079275127644,hawkish_vs_dovish
5,B,elevar la,20,14,1.0786830847213278,hawkish_vs_dovish
5,B,elevar la tasa de,14,10,0.9725435369317471,hawkish_vs_dovish
5,B,en 25 puntos,80,38,0.9948647869751728,hawkish_vs_dovish
5,B,en 25 puntos base,80,38,0.9948647869751728,hawkish_vs_dovish
5,B,informe de politica,84,31,0.9540012435467938,hawkish_vs_dovish
5,B,neutral,57,29,1.0039060047393888,hawkish_vs_dovish
5,B,proceso,75,48,0.7933325722674198,hawkish_vs_dovish
5,B,puntos,213,80,0.8060284408228937,hawkish_vs_dovish
5,B,puntos base,182,71,0.8642146678005289,hawkish_vs_dovish
5,B,puntos base en,70,35,1.1278333214580463,hawkish_vs_dovish
5,B,subir,63,38,1.2635679296342617,hawkish_vs_dovish
5,B,subir la,39,27,1.2988421512772697,hawkish_vs_dovish
5,B,subir la tasa,31,21,1.015717589775893,hawkish_vs_dovish
5,B,subir la tasa de,22,17,1.0596235210644092,hawkish_vs_dovish
5,B,tasa neutral,21,11,0.9008149215451486,hawkish_vs_dovish
5,B,un alza,79,49,0.6815827665673476,hawkish_vs_dovish
5,B,un alza de,43,23,0.9505058390030101,hawkish_vs_dovish
1,B,25 anual,19,17,0.7565666283862182,dovish_vs_hawkish
1,B,baja,218,90,1.235806457377236,dovish_vs_hawkish
1,B,bajar,32,27,1.2708456454605654,dovish_vs_hawkish
1,B,bajar la,20,16,1.4031624845620618,dovish_vs_hawkish
1,B,bajar la tasa,18,14,1.2513511588812345,dovish_vs_hawkish
1,B,bajar la tasa de,10,8,0.7820920010693682,dovish_vs_hawkish
1,B,bajas,45,34,0.5923390855217334,dovish_vs_hawkish
1,B,condiciones,146,71,0.6083655788828388,dovish_vs_hawkish
1,B,cual,148,78,0.7987852554339618,dovish_vs_hawkish
1,B,de mantenerse,10,9,0.8006526685406659,dovish_vs_hawkish
1,B,el senor ministro,58,20,0.7599160996848163,dovish_vs_hawkish
1,B,en 25 anual,10,8,0.7530909194931055,dovish_vs_hawkish
1,B,en consecuencia,80,47,0.7221647209626754,dovish_vs_hawkish
1,B,en solo,3,3,0.7542074731424735,dovish_vs_hawkish
1,B,la baja,148,78,0.7029370836224706,dovish_vs_hawkish
1,B,las tasas,163,74,0.7025389070988901,dovish_vs_hawkish
1,B,mantener,165,83,1.2080125142119398,dovish_vs_hawkish
1,B,mantener la,133,73,0.9901927672333856,dovish_vs_hawkish
1,B,mantener la tasa,102,61,1.1333792637599394,dovish_vs_hawkish
1,B,mantener la tasa de,88,56,0.8581298056379004,dovish_vs_hawkish
1,B,mantenerse,19,18,0.8267094893031984,dovish_vs_hawkish
1,B,monetaria en 50,16,10,0.6291284826656065,dovish_vs_hawkish
1,B,politica monetaria en 50,16,10,0.6291284826656065,dovish_vs_hawkish
1,B,por mantener,43,33,0.6630330195081624,dovish_vs_hawkish
1,B,por mantener la,40,31,0.5689967615310655,dovish_vs_hawkish
1,B,presidente senor rodrigo,41,29,0.6918643468542318,dovish_vs_hawkish
1,B,presidente senor rodrigo vergara,41,29,0.6918643468542318,dovish_vs_hawkish
1,B,rebajar,3,3,0.8984541738509704,dovish_vs_hawkish
1,B,rebajar la,3,3,0.8984541738509704,dovish_vs_hawkish
1,B,rebajar la tasa,3,3,0.8365650727989151,dovish_vs_hawkish
1,B,rebajar la tasa de,3,3,0.8365650727989151,dovish_vs_hawkish
1,B,recorte,22,19,0.9464112598394747,dovish_vs_hawkish
1,B,reduccion de,47,35,0.8559702254935859,dovish_vs_hawkish
1,B,reducir,44,38,0.652416849291351,dovish_vs_hawkish
1,B,reducir la tasa,9,9,1.0075361152755127,dovish_vs_hawkish
1,B,reducir la tasa de,9,9,1.0075361152755127,dovish_vs_hawkish
1,B,sesgo,69,42,0.5607143305619511,dovish_vs_hawkish
1,B,su decision,5,5,0.7259739330982162,dovish_vs_hawkish
1,B,tasas,278,97,0.9365388034709992,dovish_vs_hawkish
1,B,un recorte,19,17,0.7360040327861395,dovish_vs_hawkish
1,B,votacion,19,16,0.5585809362700919,dovish_vs_hawkish
2,B,200 puntos,3,3,0.6366736981976461,dovish_vs_hawkish
2,B,200 puntos base,3,3,0.6366736981976461,dovish_vs_hawkish
2,B,25 anual,19,17,0.7981484316102219,dovish_vs_hawkish
2,B,baja,218,89,1.0595268094010628,dovish_vs_hawkish
2,B,bajar,33,28,1.1876772284437545,dovish_vs_hawkish
2,B,bajar la,18,14,1.3425132174553316,dovish_vs_hawkish
2,B,bajar la tasa,16,12,1.1735185555230143,dovish_vs_hawkish
2,B,bajar la tasa de,9,7,0.7995389304354587,dovish_vs_hawkish
2,B,bajas,41,31,0.95190271430921,dovish_vs_hawkish
2,B,condiciones,151,69,0.7990195152543329,dovish_vs_hawkish
2,B,cual,145,79,0.580220252549071,dovish_vs_hawkish
2,B,de mantenerse,10,9,0.70657228020421,dovish_vs_hawkish
2,B,el senor ministro,73,23,0.533388250845825,dovish_vs_hawkish
2,B,en 25 anual,11,9,0.7445076010903416,dovish_vs_hawkish
2,B,en consecuencia,82,51,0.7973001309749582,dovish_vs_hawkish
2,B,en solo,3,3,0.7142589520565971,dovish_vs_hawkish
2,B,la baja,147,75,0.7810608773354142,dovish_vs_hawkish
2,B,las tasas,163,69,0.7105550938977107,dovish_vs_hawkish
2,B,mantener,175,83,1.0082928777450215,dovish_vs_hawkish
2,B,mantener la,142,74,0.9223824260584887,dovish_vs_hawkish
2,B,mantener la tasa,111,64,1.0464336130703973,dovish_vs_hawkish
2,B,mantener la tasa de,98,58,0.6900522787459643,dovish_vs_hawkish
2,B,mantenerse,21,19,0.6358472285361246,dovish_vs_hawkish
2,B,monetaria en 50,12,10,0.8289770966400507,dovish_vs_hawkish
2,B,politica monetaria en 50,12,10,0.8289770966400507,dovish_vs_hawkish
2,B,por mantener,50,38,0.7860612642749039,dovish_vs_hawkish
2,B,por mantener la,47,36,0.6923228414793214,dovish_vs_hawkish
2,B,presidente senor rodrigo,43,31,0.7374153533903713,dovish_vs_hawkish
2,B,presidente senor rodrigo vergara,43,31,0.7374153533903713,dovish_vs_hawkish
2,B,rebajar,3,3,0.843254463163977,dovish_vs_hawkish
2,B,rebajar la,3,3,0.843254463163977,dovish_vs_hawkish
2,B,rebajar la tasa,3,3,0.7806479709639036,dovish_vs_hawkish
2,B,rebajar la tasa de,3,3,0.7806479709639036,dovish_vs_hawkish
2,B,recorte,23,19,0.9730385014945633,dovish_vs_hawkish
2,B,reduccion de,45,36,0.7611942091591789,dovish_vs_hawkish
2,B,reducir,40,35,0.6685911184493132,dovish_vs_hawkish
2,B,reducir la tasa,9,9,1.0005162612021687,dovish_vs_hawkish
2,B,reducir la tasa de,9,9,1.0005162612021687,dovish_vs_hawkish
2,B,sesgo,69,43,0.469979302612746,dovish_vs_hawkish
2,B,su decision,4,4,0.6900270275845717,dovish_vs_hawkish
2,B,tasas,279,95,0.8988614969868685,dovish_vs_hawkish
2,B,un recorte,18,16,0.774628241128616,dovish_vs_hawkish
2,B,votacion,22,19,0.5674701496658611,dovish_vs_hawkish
3,B,200 puntos,3,3,0.7048062280882753,dovish_vs_hawkish
3,B,200 puntos base,3,3,0.7048062280882753,dovish_vs_hawkish
3,B,25 anual,17,15,0.4751235397361594,dovish_vs_hawkish
3,B,baja,211,87,0.9303034026789032,dovish_vs_hawkish
3,B,bajar,31,27,1.2782640747123888,dovish_vs_hawkish
3,B,bajar la,18,14,1.50826513673869,dovish_vs_hawkish
3,B,bajar la tasa,17,13,1.3850784736036539,dovish_vs_hawkish
3,B,bajar la tasa de,9,7,0.9003113996558532,dovish_vs_hawkish
3,B,bajas,42,29,0.742684638428793,dovish_vs_hawkish
3,B,condiciones,147,67,0.6562617496377519,dovish_vs_hawkish
3,B,cual,146,77,0.8212000911853721,dovish_vs_hawkish
3,B,de mantenerse,11,10,0.7672144686302339,dovish_vs_hawkish
3,B,el senor ministro,59,20,0.5797124430220593,dovish_vs_hawkish
3,B,en 25 anual,9,7,0.5580563496874694,dovish_vs_hawkish
3,B,en consecuencia,80,49,0.7041619069118354,dovish_vs_hawkish
3,B,la baja,147,76,0.41452132266149955,dovish_vs_hawkish
3,B,las tasas,166,74,0.6541359759463784,dovish_vs_hawkish
3,B,mantener,170,83,1.1208159295799285,dovish_vs_hawkish
3,B,mantener la,137,74,0.989931617832926,dovish_vs_hawkish
3,B,mantener la tasa,107,62,0.985020885640179,dovish_vs_hawkish
3,B,mantener la tasa de,93,56,0.7686827810038928,dovish_vs_hawkish
3,B,mantenerse,21,19,0.8001768257015751,dovish_vs_hawkish
3,B,monetaria en 50,15,9,0.634793096952422,dovish_vs_hawkish
3,B,politica monetaria en 50,15,9,0.634793096952422,dovish_vs_hawkish
3,B,por mantener,49,38,0.8830865365170932,dovish_vs_hawkish
3,B,por mantener la,46,36,0.7892507326229207,dovish_vs_hawkish
3,B,presidente senor rodrigo,36,26,0.532996533373955,dovish_vs_hawkish
3,B,presidente senor rodrigo vergara,36,26,0.532996533373955,dovish_vs_hawkish
3,B,rebajar,3,3,0.9435259348170716,dovish_vs_hawkish
3,B,rebajar la,3,3,0.9435259348170716,dovish_vs_hawkish
3,B,rebajar la tasa,3,3,0.8817503995122924,dovish_vs_hawkish
3,B,rebajar la tasa de,3,3,0.8817503995122924,dovish_vs_hawkish
3,B,recorte,18,15,0.7285566867547913,dovish_vs_hawkish
3,B,reduccion de,47,35,0.9516912465136449,dovish_vs_hawkish
3,B,reducir,41,35,0.6329273772616972,dovish_vs_hawkish
3,B,reducir la tasa,5,5,0.8160399447392616,dovish_vs_hawkish
3,B,reducir la tasa de,5,5,0.8160399447392616,dovish_vs_hawkish
3,B,sesgo,69,41,0.4259369353433562,dovish_vs_hawkish
3,B,su decision,5,5,0.7322257582128501,dovish_vs_hawkish
3,B,tasas,276,97,0.7478577665718625,dovish_vs_hawkish
3,B,un recorte,14,12,0.6536449474379983,dovish_vs_hawkish
3,B,votacion,20,17,0.5648632151622673,dovish_vs_hawkish
4,B,200 puntos,3,3,0.7338591504431193,dovish_vs_hawkish
4,B,200 puntos base,3,3,0.7338591504431193,dovish_vs_hawkish
4,B,25 anual,17,15,0.5825773883684602,dovish_vs_hawkish
4,B,baja,211,85,1.2151508085585827,dovish_vs_hawkish
4,B,bajar,32,28,1.2817049859853928,dovish_vs_hawkish
4,B,bajar la,17,14,1.4188291893814702,dovish_vs_hawkish
4,B,bajar la tasa,16,13,1.3048903870520485,dovish_vs_hawkish
4,B,bajar la tasa de,11,9,0.8520212141296202,dovish_vs_hawkish
4,B,bajas,48,35,0.8306752955839483,dovish_vs_hawkish
4,B,condiciones,148,65,0.5970961873328737,dovish_vs_hawkish
4,B,cual,150,74,0.7189280000991762,dovish_vs_hawkish
4,B,de mantenerse,11,10,0.7730643896922766,dovish_vs_hawkish
4,B,el senor ministro,72,22,0.5479067905178912,dovish_vs_hawkish
4,B,en 25 anual,10,8,0.6816039372629106,dovish_vs_hawkish
4,B,en consecuencia,79,46,0.7741066347989277,dovish_vs_hawkish
4,B,la baja,139,71,0.6045773719389724,dovish_vs_hawkish
4,B,las tasas,169,72,0.7436598668717882,dovish_vs_hawkish
4,B,mantener,164,80,1.1106990396787269,dovish_vs_hawkish
4,B,mantener la,133,71,0.8271985524628901,dovish_vs_hawkish
4,B,mantener la tasa,105,62,0.8830653640061146,dovish_vs_hawkish
4,B,mantener la tasa de,92,57,0.5691323516888858,dovish_vs_hawkish
4,B,mantenerse,21,19,0.7570609159334039,dovish_vs_hawkish
4,B,monetaria en 50,15,9,0.5280148926149117,dovish_vs_hawkish
4,B,politica monetaria en 50,15,9,0.5280148926149117,dovish_vs_hawkish
4,B,por mantener,45,36,0.6919077110853331,dovish_vs_hawkish
4,B,por mantener la,42,34,0.6116102631784643,dovish_vs_hawkish
4,B,presidente senor rodrigo,37,26,0.7491382306863987,dovish_vs_hawkish
4,B,presidente senor rodrigo vergara,37,26,0.7491382306863987,dovish_vs_hawkish
4,B,recorte,20,16,0.863024903357348,dovish_vs_hawkish
4,B,reduccion de,48,35,0.8161777630465512,dovish_vs_hawkish
4,B,reducir,43,37,0.6125046931162792,dovish_vs_hawkish
4,B,reducir la tasa,8,8,0.9774851592460714,dovish_vs_hawkish
4,B,reducir la tasa de,8,8,0.9774851592460714,dovish_vs_hawkish
4,B,sesgo,61,39,0.7278441537910042,dovish_vs_hawkish
4,B,su decision,5,5,0.773774732500047,dovish_vs_hawkish
4,B,tasas,278,95,0.8699002215157376,dovish_vs_hawkish
4,B,un recorte,16,14,0.7119015599057339,dovish_vs_hawkish
4,B,votacion,19,17,1.135704333463347,dovish_vs_hawkish
5,B,25 anual,18,16,0.5077657355673899,dovish_vs_hawkish
5,B,baja,198,85,1.2171282120914817,dovish_vs_hawkish
5,B,bajar,36,31,1.3836274734485254,dovish_vs_hawkish
5,B,bajar la,19,15,1.5874061389475114,dovish_vs_hawkish
5,B,bajar la tasa,17,13,1.4259826317921669,dovish_vs_hawkish
5,B,bajar la tasa de,10,8,0.9537764051091433,dovish_vs_hawkish
5,B,bajas,42,31,0.7156926790995963,dovish_vs_hawkish
5,B,condiciones,146,68,0.5764569143756864,dovish_vs_hawkish
5,B,cual,146,74,0.7092710326693077,dovish_vs_hawkish
5,B,de mantenerse,9,8,0.6339930792426693,dovish_vs_hawkish
5,B,el senor ministro,66,21,0.44859653285376616,dovish_vs_hawkish
5,B,en 25 anual,10,8,0.45432859534993564,dovish_vs_hawkish
5,B,en consecuencia,75,45,0.5139312195710163,dovish_vs_hawkish
5,B,en solo,3,3,0.7802601181194524,dovish_vs_hawkish
5,B,la baja,130,70,0.743995755473409,dovish_vs_hawkish
5,B,las tasas,171,74,0.6871489368738308,dovish_vs_hawkish
5,B,mantener,170,81,1.1082163011824167,dovish_vs_hawkish
5,B,mantener la,135,72,0.9929802632114724,dovish_vs_hawkish
5,B,mantener la tasa,106,61,1.0995290066789618,dovish_vs_hawkish
5,B,mantener la tasa de,92,55,0.7551018307424971,dovish_vs_hawkish
5,B,mantenerse,21,19,0.660766395731634,dovish_vs_hawkish
5,B,monetaria en 50,17,11,0.5872629459204415,dovish_vs_hawkish
5,B,politica monetaria en 50,17,11,0.5872629459204415,dovish_vs_hawkish
5,B,por mantener,43,33,0.9822135021244727,dovish_vs_hawkish
5,B,por mantener la,40,31,0.8961528151392406,dovish_vs_hawkish
5,B,presidente senor rodrigo,39,27,0.7976042916651159,dovish_vs_hawkish
5,B,presidente senor rodrigo vergara,39,27,0.7976042916651159,dovish_vs_hawkish
5,B,rebajar,3,3,0.9167665750651635,dovish_vs_hawkish
5,B,rebajar la,3,3,0.9167665750651635,dovish_vs_hawkish
5,B,rebajar la tasa,3,3,0.8536566553959024,dovish_vs_hawkish
5,B,rebajar la tasa de,3,3,0.8536566553959024,dovish_vs_hawkish
5,B,recorte,21,17,0.9015825367669841,dovish_vs_hawkish
5,B,reduccion de,52,39,0.8859505639158534,dovish_vs_hawkish
5,B,reducir,41,35,0.7831921807770355,dovish_vs_hawkish
5,B,reducir la tasa,8,8,1.0426105284772054,dovish_vs_hawkish
5,B,reducir la tasa de,8,8,1.0426105284772054,dovish_vs_hawkish
5,B,sesgo,63,39,0.6163561872034192,dovish_vs_hawkish
5,B,su decision,4,4,0.8454927363556417,dovish_vs_hawkish
5,B,tasas,281,96,0.8068174565093649,dovish_vs_hawkish
5,B,un recorte,16,14,0.6965643633452725,dovish_vs_hawkish
5,B,votacion,19,16,0.5634313090895671,dovish_vs_hawkish
