fold,variante,n_train_a,n_train_b,n_train_hd,vocabulario_a,vocabulario_palabras,vocabulario_caracteres,accuracy,macro_f1,f1_hawkish,f1_dovish,f1_neutral,recall_hawkish,recall_dovish,recall_neutral,precision_hawkish,precision_dovish,precision_neutral,n_hawkish,n_dovish,n_neutral,f1_hd,recall_hd_balanceado,acierto_sobre_hd,n_hd,errores,errores_hd,neutral_a_direccion,direccion_a_neutral
1,H0_historica,1194,949,189,4431,36444,0,0.9240506329113924,0.7417974711140177,0.625,0.6363636363636364,0.9640287769784173,0.625,0.875,0.9436619718309859,0.625,0.5,0.9852941176470589,8,8,142,0.6306818181818181,0.75,0.75,16,12,2,8,2
1,B0_limpia,1178,946,189,4431,36438,0,0.9240506329113924,0.7417974711140177,0.625,0.6363636363636364,0.9640287769784173,0.625,0.875,0.9436619718309859,0.625,0.5,0.9852941176470589,8,8,142,0.6306818181818181,0.75,0.75,16,12,2,8,2
1,B1_svm,1178,946,189,4431,36438,0,0.9177215189873418,0.6510683760683761,0.5333333333333333,0.46153846153846156,0.9583333333333334,0.5,0.375,0.971830985915493,0.5714285714285714,0.6,0.9452054794520548,8,8,142,0.49743589743589745,0.4375,0.4375,16,13,1,4,8
1,B2_lr_mixta,1178,946,189,4431,36438,23457,0.9050632911392406,0.6847553666775635,0.5714285714285714,0.5263157894736842,0.9565217391304348,0.75,0.625,0.9295774647887324,0.46153846153846156,0.45454545454545453,0.9850746268656716,8,8,142,0.5488721804511278,0.6875,0.6875,16,15,3,10,2
1,B3_svm_mixta,1178,946,189,4431,36438,23457,0.9367088607594937,0.7569806870116468,0.5882352941176471,0.7142857142857143,0.968421052631579,0.625,0.625,0.971830985915493,0.5555555555555556,0.8333333333333334,0.965034965034965,8,8,142,0.6512605042016807,0.625,0.625,16,10,1,4,5
1,B4_jerarquica,1178,946,189,4431,36438,0,0.9050632911392406,0.7014798912265636,0.5882352941176471,0.56,0.9562043795620438,0.625,0.875,0.9225352112676056,0.5555555555555556,0.4117647058823529,0.9924242424242424,8,8,142,0.5741176470588236,0.75,0.75,16,15,3,11,1
2,H0_historica,1193,959,183,4433,36374,0,0.9622641509433962,0.8700617283950617,0.875,0.75,0.9851851851851852,1.0,0.75,0.9708029197080292,0.7777777777777778,0.75,1.0,14,8,137,0.8125,0.875,0.9090909090909091,22,6,2,4,0
2,B0_limpia,1178,959,183,4431,36374,0,0.9622641509433962,0.8700617283950617,0.875,0.75,0.9851851851851852,1.0,0.75,0.9708029197080292,0.7777777777777778,0.75,1.0,14,8,137,0.8125,0.875,0.9090909090909091,22,6,2,4,0
2,B1_svm,1178,959,183,4431,36374,0,0.9559748427672956,0.8134154944188556,0.9655172413793104,0.5,0.9747292418772563,1.0,0.375,0.9854014598540146,0.9333333333333333,0.75,0.9642857142857143,14,8,137,0.7327586206896552,0.6875,0.7727272727272727,22,7,0,2,5
2,B2_lr_mixta,1178,959,183,4431,36374,23449,0.9559748427672956,0.854098330782127,0.875,0.7058823529411765,0.9814126394052045,1.0,0.75,0.9635036496350365,0.7777777777777778,0.6666666666666666,1.0,14,8,137,0.7904411764705883,0.875,0.9090909090909091,22,7,2,5,0
2,B3_svm_mixta,1178,959,183,4431,36374,23449,0.949685534591195,0.7483743465510647,0.9032258064516129,0.36363636363636365,0.9782608695652174,1.0,0.25,0.9854014598540146,0.8235294117647058,0.6666666666666666,0.9712230215827338,14,8,137,0.6334310850439883,0.625,0.7272727272727273,22,8,2,2,4
2,B4_jerarquica,1178,959,183,4431,36374,0,0.9433962264150944,0.8158208478840449,0.8484848484848485,0.625,0.9739776951672863,1.0,0.625,0.9562043795620438,0.7368421052631579,0.625,0.9924242424242424,14,8,137,0.7367424242424243,0.8125,0.8636363636363636,22,9,2,6,1
3,H0_historica,1193,962,175,4483,37233,0,0.9119496855345912,0.7744074343296133,0.7428571428571429,0.6153846153846154,0.9649805447470817,0.8125,0.5714285714285714,0.9612403100775194,0.6842105263157895,0.6666666666666666,0.96875,16,14,129,0.6791208791208792,0.6919642857142857,0.7,30,14,5,5,4
3,B0_limpia,1178,962,175,4482,37233,0,0.9119496855345912,0.7744074343296133,0.7428571428571429,0.6153846153846154,0.9649805447470817,0.8125,0.5714285714285714,0.9612403100775194,0.6842105263157895,0.6666666666666666,0.96875,16,14,129,0.6791208791208792,0.6919642857142857,0.7,30,14,5,5,4
3,B1_svm,1178,962,175,4482,37233,0,0.9056603773584906,0.7281644858810474,0.7878787878787878,0.43478260869565216,0.9618320610687023,0.8125,0.35714285714285715,0.9767441860465116,0.7647058823529411,0.5555555555555556,0.9473684210526315,16,14,129,0.61133069828722,0.5848214285714286,0.6,30,15,5,3,7
3,B2_lr_mixta,1178,962,175,4482,37233,23675,0.89937106918239,0.7405404202279202,0.7222222222222222,0.5384615384615384,0.9609375,0.8125,0.5,0.9534883720930233,0.65,0.5833333333333334,0.968503937007874,16,14,129,0.6303418803418803,0.65625,0.6666666666666666,30,16,6,6,4
3,B3_svm_mixta,1178,962,175,4482,37233,23675,0.89937106918239,0.7184190011776219,0.7428571428571429,0.45454545454545453,0.9578544061302682,0.8125,0.35714285714285715,0.9689922480620154,0.6842105263157895,0.625,0.946969696969697,16,14,129,0.5987012987012987,0.5848214285714286,0.6,30,16,5,4,7
3,B4_jerarquica,1178,962,175,4482,37233,0,0.9056603773584906,0.7644257703081233,0.6857142857142857,0.6428571428571429,0.9647058823529412,0.75,0.6428571428571429,0.9534883720930233,0.631578947368421,0.6428571428571429,0.9761904761904762,16,14,129,0.6642857142857144,0.6964285714285714,0.7,30,15,6,6,3
4,H0_historica,1193,962,180,4440,37080,0,0.8805031446540881,0.7038169066076043,0.6857142857142857,0.48,0.9457364341085271,0.7058823529411765,0.75,0.9104477611940298,0.6666666666666666,0.35294117647058826,0.9838709677419355,17,8,134,0.5828571428571429,0.7279411764705883,0.72,25,19,5,12,2
4,B0_limpia,1183,959,180,4439,37074,0,0.8930817610062893,0.7199095022624435,0.7058823529411765,0.5,0.9538461538461539,0.7058823529411765,0.75,0.9253731343283582,0.7058823529411765,0.375,0.9841269841269841,17,8,134,0.6029411764705883,0.7279411764705883,0.72,25,17,5,10,2
4,B1_svm,1183,959,180,4439,37074,0,0.9119496855345912,0.739196175982831,0.6666666666666666,0.5882352941176471,0.9626865671641791,0.6470588235294118,0.625,0.9626865671641791,0.6875,0.5555555555555556,0.9626865671641791,17,8,134,0.6274509803921569,0.6360294117647058,0.64,25,14,4,5,5
4,B2_lr_mixta,1183,959,180,4439,37074,23584,0.8867924528301887,0.7003016591251886,0.6470588235294118,0.5,0.9538461538461539,0.6470588235294118,0.75,0.9253731343283582,0.6470588235294118,0.375,0.9841269841269841,17,8,134,0.5735294117647058,0.6985294117647058,0.68,25,18,6,10,2
4,B3_svm_mixta,1183,959,180,4439,37074,23584,0.9182389937106918,0.764522973368452,0.7058823529411765,0.625,0.9626865671641791,0.7058823529411765,0.625,0.9626865671641791,0.7058823529411765,0.625,0.9626865671641791,17,8,134,0.6654411764705883,0.6654411764705883,0.68,25,13,3,5,5
4,B4_jerarquica,1183,959,180,4439,37074,0,0.8742138364779874,0.6771502399409376,0.6857142857142857,0.4,0.9457364341085271,0.7058823529411765,0.625,0.9104477611940298,0.6666666666666666,0.29411764705882354,0.9838709677419355,17,8,134,0.5428571428571429,0.6654411764705883,0.68,25,20,6,12,2
5,H0_historica,1194,958,180,4450,36379,0,0.930379746835443,0.8113275613275613,0.7142857142857143,0.75,0.9696969696969697,0.7142857142857143,0.8181818181818182,0.9624060150375939,0.7142857142857143,0.6923076923076923,0.9770992366412213,14,11,133,0.7321428571428572,0.7662337662337663,0.76,25,11,3,5,3
5,B0_limpia,1183,958,180,4450,36379,0,0.930379746835443,0.8113275613275613,0.7142857142857143,0.75,0.9696969696969697,0.7142857142857143,0.8181818181818182,0.9624060150375939,0.7142857142857143,0.6923076923076923,0.9770992366412213,14,11,133,0.7321428571428572,0.7662337662337663,0.76,25,11,3,5,3
5,B1_svm,1183,958,180,4450,36379,0,0.9240506329113924,0.7699396489119273,0.7586206896551724,0.5882352941176471,0.9629629629629629,0.7857142857142857,0.45454545454545453,0.9774436090225563,0.7333333333333333,0.8333333333333334,0.948905109489051,14,11,133,0.6734279918864097,0.6201298701298701,0.64,25,12,2,3,7
5,B2_lr_mixta,1183,958,180,4450,36379,23421,0.930379746835443,0.794507597953045,0.7142857142857143,0.6956521739130435,0.9735849056603774,0.7142857142857143,0.7272727272727273,0.9699248120300752,0.7142857142857143,0.6666666666666666,0.9772727272727273,14,11,133,0.7049689440993789,0.7207792207792207,0.72,25,11,4,4,3
5,B3_svm_mixta,1183,958,180,4450,36379,23421,0.9240506329113924,0.760239665380032,0.7586206896551724,0.5555555555555556,0.966542750929368,0.7857142857142857,0.45454545454545453,0.9774436090225563,0.7333333333333333,0.7142857142857143,0.9558823529411765,14,11,133,0.657088122605364,0.6201298701298701,0.64,25,12,3,3,6
5,B4_jerarquica,1183,958,180,4450,36379,0,0.930379746835443,0.8025565815679884,0.7142857142857143,0.72,0.973384030418251,0.7142857142857143,0.8181818181818182,0.9624060150375939,0.7142857142857143,0.6428571428571429,0.9846153846153847,14,11,133,0.7171428571428571,0.7662337662337663,0.76,25,11,4,5,2
