ngram,conteo_direccional,conteo_neutral,log_odds,z_score,distintivo_de
politica,4642,4727,0.9594697591802008,46.4422338400305,direccional
monetaria,3859,3809,0.9903303707048856,43.36755887652604,direccional
politica monetaria,3761,3720,0.9882046700205294,42.74381335513455,direccional
de politica,3359,3457,0.9482833081425825,39.148136228311564,direccional
la tasa,2552,2550,0.9774798167998524,34.916527878038345,direccional
tasa de politica,1572,1030,1.3990270857842777,34.90663315010847,direccional
puntos base,1542,989,1.4203590326615956,34.872557044457196,direccional
tasa de politica monetaria,1494,964,1.4143137572804623,34.24205428313523,direccional
la tasa de politica,1393,884,1.430892794421136,33.28274071205193,direccional
tasa,2995,3495,0.82242887070751,33.03558822324493,direccional
base,1952,1750,1.085678674281894,32.985691034759704,direccional
inflacion,3921,5234,0.68823652061264,32.59195061686006,direccional
la tasa de,1985,1840,1.0523055074408134,32.523598330657,direccional
de politica monetaria,2680,3017,0.8582610795983241,32.3396262231525,direccional
puntos,1646,1332,1.1879602755772742,32.239740090875806,direccional
tasa de,2264,2366,0.9324885116323243,31.723544970128746,direccional
25,1049,551,1.6197523753799565,30.79307680801047,direccional
la politica,1078,683,1.4323306133721303,29.293766327416524,direccional
la politica monetaria,974,565,1.5204675369865477,28.75790599061738,direccional
25 puntos,783,316,1.8830247474709552,28.26189826410211,direccional
25 puntos base,772,311,1.8848183743981197,28.071395632824615,direccional
politica monetaria en,1005,674,1.375449333854676,27.63261792536425,direccional
monetaria en,1014,695,1.3536927094160047,27.494733895150013,direccional
de politica monetaria en,864,575,1.3830618608288123,25.703489043664355,direccional
la tpm,938,690,1.2829802740241663,25.586199285304055,direccional
la inflacion,2166,2801,0.719356630807777,25.14599152451137,direccional
decision,704,405,1.5286193027720394,24.515657460193168,direccional
la,23924,52738,0.18838253860971577,24.173506117177784,direccional
tpm,981,842,1.1287648074264887,24.031713069008223,direccional
normalizacion,604,298,1.6820950339723248,23.767231938844624,direccional
en 25,527,183,2.0331132988612843,23.702677343607455,direccional
de la politica,594,320,1.5942008740798714,22.99522666234509,direccional
meta,729,530,1.294607380601878,22.683719752796645,direccional
sesgo,528,256,1.699481561614717,22.32036320791756,direccional
de la politica monetaria,539,281,1.6269593813645704,22.116618514853435,direccional
en 25 puntos,421,104,2.373343150555245,21.68289220719701,direccional
en 25 puntos base,417,104,2.363801480094864,21.57515615837192,direccional
mantener,915,879,1.0160975875169207,21.518516928378624,direccional
escenario,1872,2589,0.6520599089765247,21.4969969160102,direccional
50 puntos,441,181,1.8659825623005641,21.144106806975188,direccional
50 puntos base,425,162,1.9398797838285837,21.015158983543657,direccional
en esta,842,795,1.0333600674501335,20.900186935399386,direccional
opcion,534,335,1.4419279693826539,20.692789542262588,direccional
comunicado,545,383,1.328455573493894,19.927785315778973,direccional
monetario,524,383,1.2891623039695217,19.180336836130635,direccional
de la tasa,660,602,1.067813016118846,18.950435777028904,direccional
de inflacion,1315,1748,0.6915005776535574,18.94694045686986,direccional
de normalizacion,336,136,1.879820128622498,18.501375005407322,direccional
50,560,473,1.1446055308684109,18.332199221794315,direccional
el escenario,928,1102,0.8041387256076629,18.052279600847843,direccional
de la tasa de,536,448,1.155090539376677,18.047802971968732,direccional
central,997,1228,0.7676273006190399,18.0101384493194,direccional
la decision,400,252,1.4376262847992223,17.879059508288464,direccional
antecedentes,685,701,0.9527768529499188,17.737687400273643,direccional
subir,351,187,1.6051767209017775,17.733983731973076,direccional
horizonte,489,389,1.2044956862271814,17.732604896479696,direccional
el consejo,589,553,1.0388722760961198,17.548200714370903,direccional
la tasa de interes,404,278,1.3494172428066573,17.32033082193522,direccional
la meta,450,348,1.2327296270007828,17.272220326062953,direccional
consejo,693,742,0.9075586499502535,17.18306405619404,direccional
la tpm en,385,259,1.3720209468410207,17.076066576304807,direccional
riesgos,729,809,0.8717741646410202,17.07447636620428,direccional
la opcion,355,221,1.4495169434705346,16.92057294511098,direccional
tasa de interes,435,339,1.225025173203166,16.91238094011325,direccional
proceso,448,362,1.1888456086794346,16.825240308876,direccional
mantener la,623,650,0.9334168178938249,16.65119086104322,direccional
en el horizonte,326,192,1.5049269163876868,16.546459127006706,direccional
de la,5788,11796,0.2648427529136459,16.506913801439485,direccional
monetaria en 25,246,69,2.2463084315610367,16.49553257880753,direccional
politica monetaria en 25,246,69,2.2463084315610367,16.49553257880753,direccional
de 25,346,223,1.4148365661045208,16.47904192304606,direccional
subir la,242,55,2.4565184982563135,16.452183231352155,direccional
la opcion de,286,138,1.7041567150920827,16.445818060084964,direccional
el horizonte,350,231,1.3910956585281191,16.41343211259103,direccional
opcion de,294,153,1.6285983188406465,16.341097000402275,direccional
tpm en,390,294,1.2582129494610879,16.293656939070814,direccional
de interes de politica,258,102,1.9032906129220386,16.277419102285574,direccional
interes de politica,258,102,1.9032906129220386,16.277419102285574,direccional
horizonte de,379,280,1.2783804136738617,16.225684378115833,direccional
esta reunion,503,474,1.0351480785881808,16.17378370301911,direccional
expectativas,1557,2451,0.5224538495278344,16.12470548983518,direccional
normalizacion de,284,146,1.6408130541166681,16.11620594834972,direccional
la economia,981,1329,0.6724079583098801,15.97757185504628,direccional
tasa de interes de,261,123,1.7277290737845181,15.801225655735605,direccional
interes de politica monetaria,240,96,1.8915897529168948,15.668206849978066,direccional
de 25 puntos,297,180,1.476295087729513,15.632279920294412,direccional
rango,446,407,1.067235920316019,15.571628550034628,direccional
expectativas de inflacion,491,480,0.9984271102658315,15.557910149392466,direccional
opciones,502,501,0.977773226007498,15.486080639404934,direccional
normalizacion de la,224,78,2.030148292301128,15.44648649639142,direccional
aumentar la,213,45,2.529458166048668,15.424806129985484,direccional
ajuste,597,665,0.8679751844197998,15.397818871592255,direccional
de 25 puntos base,290,178,1.4636181551753413,15.374718864759911,direccional
voto,262,141,1.5950369006800589,15.274891918024307,direccional
reducir,240,111,1.746480480961365,15.219015516157747,direccional
75,227,93,1.8676541837600151,15.17380796299565,direccional
decision de,278,167,1.4851331403108325,15.172609496689882,direccional
inflacionarias,529,560,0.9188568411373499,15.157899080302924,direccional
horizonte de politica,259,143,1.5694447038106532,15.067779374167174,direccional
el senor consejero,288,185,1.4181414736556182,15.05437015399464,direccional
senor consejero,301,205,1.359665397480013,15.017802117211332,direccional
en 50,202,52,2.3320142922628833,15.002523049476855,direccional
escenario central,284,182,1.4205013135654259,14.963567002756514,direccional
en esta oportunidad,335,258,1.23679572914509,14.934439093003276,direccional
su voto,247,130,1.6172880672518755,14.929245410466374,direccional
un sesgo,222,94,1.8347002038233011,14.913444684505764,direccional
es por,291,194,1.3810171833832268,14.902725857027384,direccional
gerencia de division,383,336,1.1066128319115567,14.807582081378824,direccional
el comunicado,229,108,1.7269651896837654,14.79810745317513,direccional
la gerencia de division,378,329,1.114520697481412,14.784486239082856,direccional
monetaria el,257,149,1.5206098511072224,14.771016838679763,direccional
las expectativas,1078,1601,0.5805300128973352,14.737812107006777,direccional
politica monetaria el,256,149,1.5167122134041193,14.722600217126892,direccional
estrategia,240,130,1.5885468913740066,14.590691480888509,direccional
mantener la tasa,431,421,0.999216981070699,14.584879637905782,direccional
esta oportunidad,340,279,1.1733814793807067,14.528482912264186,direccional
reunion,1389,2250,0.49378894042475974,14.473901747787254,direccional
en el horizonte de,257,158,1.4619842437635011,14.464619968233329,direccional
estimulo monetario,226,114,1.659739933497276,14.451428452738762,direccional
el horizonte de,275,186,1.3665731619631796,14.397759081214458,direccional
monetaria el consejo,203,84,1.8576833719355434,14.323076710262889,direccional
politica monetaria el consejo,203,84,1.8576833719355434,14.323076710262889,direccional
debe,485,524,0.8984484280121894,14.26157372135691,direccional
gradual,265,176,1.3847825431121414,14.243996109649315,direccional
el senor consejero que,239,139,1.5174608471495752,14.228978654355947,direccional
consejero que,250,156,1.4471099879836924,14.186115640555567,direccional
del rango,274,191,1.3364137405278438,14.180616488586505,direccional
proceso de,329,275,1.1549346871196704,14.137993134928067,direccional
senor consejero que,244,151,1.4553869650744478,14.059061628489545,direccional
oportunidad,402,394,0.9958307135910722,14.049901479738189,direccional
externo,569,680,0.7976358462151296,14.04166023318122,direccional
gerencia de division estudios,339,296,1.1113071099642386,13.972588501336384,direccional
monetaria en 25 puntos,187,24,3.02726683030855,13.972240446527216,direccional
el horizonte de politica,219,120,1.5770152654661427,13.888250283335335,direccional
de politica monetaria el,232,139,1.4877426598471146,13.873520369963446,direccional
mas probable,219,121,1.568719961846897,13.852210234865328,direccional
holguras,281,212,1.2573587041987278,13.824306463350698,direccional
presiones,467,512,0.8837918308431494,13.814511489482994,direccional
estimulo,283,218,1.236550231392071,13.724622749925949,direccional
impulso monetario,180,67,1.963486557871553,13.723996525285575,direccional
sin,919,1358,0.585518394892774,13.710590338424907,direccional
de la tpm,284,221,1.2264138539002722,13.675162546532992,direccional
normalizacion de la politica,170,50,2.198843015272077,13.672451148903152,direccional
las expectativas de inflacion,378,369,0.9998151142672,13.664748804567191,direccional
impulso,293,235,1.1962039886218,13.662848492793028,direccional
la decision de,225,135,1.4863015204993353,13.65551806092519,direccional
parece,554,672,0.7827517666081247,13.642783867644512,direccional
subir la tasa,165,42,2.3432327658399785,13.563486475475504,direccional
probable,315,272,1.122422007880326,13.563161339936471,direccional
la gerencia de,381,379,0.9809873946403229,13.52452034186258,direccional
en su reunion mensual,177,71,1.8887316604930735,13.44871695230723,direccional
mensual de politica,177,71,1.8887316604930735,13.44871695230723,direccional
mensual de politica monetaria,177,71,1.8887316604930735,13.44871695230723,direccional
reunion mensual de,177,71,1.8887316604930735,13.44871695230723,direccional
reunion mensual de politica,177,71,1.8887316604930735,13.44871695230723,direccional
su reunion mensual,177,71,1.8887316604930735,13.44871695230723,direccional
su reunion mensual de,177,71,1.8887316604930735,13.44871695230723,direccional
en 50 puntos,162,32,2.5965889708054686,13.429327345979155,direccional
reunion mensual,177,72,1.8747528833741676,13.41580245602767,direccional
reducir la,161,40,2.3674597091884344,13.406201886260622,direccional
acordo,197,102,1.6336290142994052,13.395318990763897,direccional
en su reunion,184,84,1.7594510428076013,13.364990134613224,direccional
puntos base en,265,202,1.2470477685701624,13.3539445964484,direccional
de 50 puntos,182,82,1.7726118962526325,13.331087570900783,direccional
aumentar la tasa,175,20,3.1430710804924846,13.327249907078583,direccional
un alza de,218,134,1.4621368482879262,13.322651354222568,direccional
gerencia de,386,395,0.9526859320686505,13.313725585656828,direccional
en el escenario,345,328,1.026225673199459,13.309602327050643,direccional
en 50 puntos base,159,31,2.60963028935471,13.298532056866858,direccional
monetaria el consejo del,174,71,1.8716444953117382,13.29423272103161,direccional
su reunion,184,86,1.7359318728762894,13.292833289966069,direccional
la tasa en,178,78,1.8003829864560323,13.262200491624025,direccional
convergencia,260,198,1.2479973565457527,13.233859515797572,direccional
aumentar,305,268,1.1049768937013607,13.20009573356859,direccional
el sesgo,186,92,1.6793291753460853,13.178581405869053,direccional
estrategia de,155,39,2.3548044472872274,13.150081387601626,direccional
de 50 puntos base,174,76,1.8036261676426761,13.121140115475654,direccional
los antecedentes,347,338,1.00198177671572,13.113566175002687,direccional
su voto es,194,107,1.5704530962872223,13.044666259310926,direccional
voto es,194,107,1.5704530962872223,13.044666259310926,direccional
rango meta,200,116,1.5201753646051284,13.028370597199965,direccional
de la inflacion,572,735,0.7251324037041904,13.00789218631818,direccional
base en,275,228,1.1630443247050852,12.987654052063279,direccional
vota,166,68,1.8677462977346124,12.975894544769401,direccional
aumentar la tasa de,165,19,3.135529272792539,12.953518510767497,direccional
los proximos,513,632,0.7672193658850661,12.912756435328356,direccional
el escenario central,187,101,1.591398882714028,12.890326828773036,direccional
la estrategia,148,36,2.388602032760714,12.85874854898969,direccional
de capacidad,220,152,1.3452742316602144,12.7573803216142,direccional
proximos,520,652,0.7496236752416578,12.752349337150054,direccional
bajar la,146,40,2.269727876908524,12.722940366851116,direccional
pausa,146,40,2.269727876908524,12.722940366851116,direccional
ritmo,352,360,0.9532463494352221,12.719525524562945,direccional
interno,478,578,0.7858520102934685,12.713680598749946,direccional
los riesgos,391,426,0.8900217924399492,12.71060537123232,direccional
en esta reunion,220,154,1.3322069578913265,12.68224699375609,direccional
descartar,199,124,1.4484997310830732,12.663312457387788,direccional
condiciones,739,1072,0.6039578247816513,12.63443701816941,direccional
perspectivas de,318,308,1.0076396462469432,12.606374683181448,direccional
su voto es por,184,104,1.5459732776713224,12.604585662603185,direccional
voto es por,184,104,1.5459732776713224,12.604585662603185,direccional
de interes,808,1211,0.5713269119827658,12.580104384880626,direccional
que la inflacion,515,651,0.7414965663561253,12.575908769538284,direccional
sigue,630,871,0.6519757593557411,12.468320104000918,direccional
inflacion proyectada,156,68,1.805640556595856,12.429048598790553,direccional
de interes de,383,423,0.8764167010001618,12.427856945687486,direccional
interes de,384,426,0.8719587196181973,12.393883666216682,direccional
mediano,406,466,0.8379411206987442,12.34511555012737,direccional
actual,542,712,0.703045466205972,12.335606240924237,direccional
inflacionaria,371,406,0.8855952569788617,12.332701682416909,direccional
proyectada,213,153,1.3063919978588991,12.329808954821686,direccional
interes,817,1245,0.5547190570164782,12.322959330162856,direccional
las perspectivas de,257,220,1.1310690895587605,12.316634818932052,direccional
encima,199,134,1.3709714133788324,12.270862850878398,direccional
sin embargo,584,794,0.6686965517514594,12.26897262346762,direccional
por encima,198,133,1.3734228264989454,12.252893166133035,direccional
tasa en,197,132,1.375905251721722,12.234908095664807,direccional
la gerencia,392,446,0.8467084673597363,12.232245424002516,direccional
de normalizacion de,149,63,1.8360839436380996,12.220930999695574,direccional
embargo,584,797,0.6649260369427168,12.2095379797136,direccional
el proceso,182,111,1.469935022527375,12.20830084220912,direccional
del rango meta,164,86,1.6209036966110073,12.177543830391619,direccional
ipom,977,1581,0.4946938694808418,12.158845806203168,direccional
de 50,213,158,1.2742464859159917,12.13869045506023,direccional
senal,187,120,1.419098288360443,12.135183616664134,direccional
tpm en 25,133,22,2.7738208119507988,12.058939215571357,direccional
lo anterior,445,548,0.7676057278838595,12.031472860195462,direccional
la tpm en 25,133,21,2.8202842692778507,12.018190857294995,direccional
la convergencia,156,79,1.655772365365852,11.993501263689891,direccional
neutral,210,158,1.2600653712360312,11.967240325768994,direccional
banco central,659,954,0.6059748249662906,11.965838315858525,direccional
los proximos meses,305,310,0.9594361429955516,11.8985069047874,direccional
proximos meses,305,310,0.9594361429955516,11.8985069047874,direccional
de normalizacion de la,126,32,2.345474812321383,11.853253237671742,direccional
en el comunicado,143,64,1.779259155466196,11.833791619176493,direccional
esta ocasion,203,152,1.2648730059609274,11.79476630189194,direccional
mantener la tasa de,320,340,0.915091689666605,11.751421595960496,direccional
central de chile acordo,145,69,1.7179559446917079,11.749548505162213,direccional
chile acordo,145,69,1.7179559446917079,11.749548505162213,direccional
de chile acordo,145,69,1.7179559446917079,11.749548505162213,direccional
la inflacion proyectada,140,62,1.7897985450551843,11.73548409775705,direccional
que su voto,160,91,1.539731721596226,11.72967224135179,direccional
minuta de,230,195,1.1406839606506054,11.72023885726474,direccional
comunicado en,130,47,1.992560755066945,11.710517953724203,direccional
la minuta de,225,188,1.1552552833067438,11.693855046987304,direccional
25 puntos base en,142,66,1.741487900147865,11.692680159989502,direccional
ancladas,162,95,1.5091507873219285,11.681023451014447,direccional
el proceso de,161,96,1.4924938298794874,11.57682015733961,direccional
ajustes,292,299,0.9520033985141882,11.57324053588464,direccional
necesario,228,196,1.1268388517987162,11.57067059543821,direccional
proceso de normalizacion,136,61,1.7770754669012678,11.535033770143206,direccional
bajar,173,115,1.3838469412794954,11.504139878660569,direccional
mediano plazo,347,396,0.8436585941450438,11.475418523643159,direccional
la minuta,267,261,0.9983959918739345,11.472153997036543,direccional
que la opcion,143,73,1.6477454196893095,11.457653350454947,direccional
nuestro,189,140,1.2756410147637354,11.442278459381352,direccional
la estrategia de,117,29,2.369781082068121,11.428854075766221,direccional
hoy,554,779,0.6350287998062116,11.428518357293246,direccional
central de,432,550,0.7343172604610615,11.42448857156863,direccional
de opciones,188,139,1.277503256438619,11.422510884263586,direccional
en los proximos,339,384,0.8511002166261648,11.4224906839255,direccional
expectativas de,756,1179,0.5315740589873803,11.411231361201752,direccional
gerencia,400,493,0.7667450602519654,11.396294545107917,direccional
esta decision,117,32,2.271417984870986,11.390323355469341,direccional
del ipom,305,327,0.9060641486308754,11.384332560406,direccional
vota por,133,61,1.7547789269715661,11.350693667009065,direccional
banco central de chile,372,445,0.796590519674881,11.341227374106067,direccional
central de chile,372,445,0.796590519674881,11.341227374106067,direccional
para la,601,876,0.5991261192333281,11.313744167827373,direccional
las condiciones,529,737,0.6442653925632555,11.308297948897225,direccional
continuar,186,139,1.2668108166344734,11.301102255516064,direccional
plano,251,242,1.0121713383560937,11.237206990337002,direccional
mensual de,211,179,1.1400674736231853,11.221486038040267,direccional
presiones inflacionarias,266,267,0.9719232008478418,11.221424393120795,direccional
en el ambito,192,150,1.222417150712337,11.219886278540544,direccional
en su,1002,1702,0.4462202419243617,11.208682290885681,direccional
ocasion,237,221,1.0455363947735101,11.183046943779184,direccional
que su voto es,147,85,1.5231983353064358,11.180901261346891,direccional
minuta,278,289,0.9368860620456374,11.154492465439837,direccional
aunque,616,914,0.5813214814546379,11.153823098875009,direccional
escenario base,319,359,0.8576012931911308,11.147998118919618,direccional
de hoy,201,167,1.1608941981259076,11.089441951734447,direccional
que la politica,122,51,1.847445163977671,11.0823239895542,direccional
en esta ocasion,183,140,1.2433887253194555,11.075963747100268,direccional
el plano,200,166,1.161911836218346,11.068439316224401,direccional
base hasta,115,16,2.9466201384119106,11.051054748692916,direccional
puntos base hasta,115,16,2.9466201384119106,11.051054748692916,direccional
que la opcion de,113,37,2.0915718881071736,11.046089336676594,direccional
el ambito,195,159,1.1796689745635351,11.04229654539024,direccional
en el plano,199,166,1.15690053215382,11.00816188713932,direccional
que la politica monetaria,113,40,2.0136587710746277,10.948186967288082,direccional
minuta de opciones,160,109,1.3593158431311334,10.947300457073622,direccional
una pausa,107,26,2.3896119286409814,10.93357967512071,direccional
senor marshall,145,88,1.4748328797769847,10.916519486400933,direccional
ambito,247,245,0.9837934558528136,10.912797734131319,direccional
la minuta de opciones,158,107,1.3652527556519178,10.906874530455363,direccional
marshall que,123,57,1.7444357664657595,10.889755776584483,direccional
economia,1084,1909,0.4101234365475994,10.786375985567915,direccional
el plano interno,108,36,2.0737223529816955,10.778834884056886,direccional
en el plano interno,108,36,2.0737223529816955,10.778834884056886,direccional
plazo,1206,2174,0.386811717488893,10.775628091814474,direccional
plano interno,109,38,2.0289002934969194,10.773120944012506,direccional
la normalizacion,127,66,1.629891282425989,10.743747604461273,direccional
politica monetaria de,228,219,1.015918317695185,10.739345168690836,direccional
encima de,149,98,1.394449183576489,10.723861192738541,direccional
por encima de,149,98,1.394449183576489,10.723861192738541,direccional
la actividad,788,1289,0.4838442042795936,10.702129466809302,direccional
reduccion,310,359,0.8289870995503197,10.694164072968057,direccional
convergencia de,129,70,1.5866965382886367,10.690813285723802,direccional
senala el,400,523,0.7076879330474188,10.6563361596727,direccional
en el frente,120,58,1.7023698949508557,10.647682745038782,direccional
requiere,131,74,1.546530211340043,10.63727544790253,direccional
convergencia de la,121,60,1.6767798111903556,10.622089184128388,direccional
en el escenario mas,102,29,2.232675256555572,10.613240233265191,direccional
las expectativas de,585,883,0.5641849971111617,10.585393912482113,direccional
ser,836,1398,0.4618132906855612,10.565154755872165,direccional
monetaria de,228,224,0.9933513009763413,10.561079561323893,direccional
en la tasa de,170,133,1.2209957387553327,10.549428861867534,direccional
el frente,121,62,1.644005145255207,10.528560830171191,direccional
el escenario mas probable,114,52,1.760244146972859,10.521643259920554,direccional
holguras de,125,68,1.584184195342269,10.515644550254741,direccional
escenario mas probable,115,54,1.731252342631242,10.497149066876764,direccional
de la economia,404,538,0.6893672686289243,10.473542178454586,direccional
una senal,124,68,1.5761549695972672,10.447504948661251,direccional
tpm en 25 puntos,111,11,3.2853429183589107,10.403626808007347,direccional
75 puntos base,97,26,2.291565370645449,10.380530836807575,direccional
en los proximos meses,223,221,0.9846613534944542,10.375934081465644,direccional
75 puntos,97,27,2.2538534169544384,10.362022774688683,direccional
convergencia de la inflacion,113,54,1.7137152981584833,10.36153004955619,direccional
un alza,309,369,0.7982903206557914,10.354351681774986,direccional
el escenario mas,117,60,1.6431763737526097,10.35068107333062,direccional
subir la tasa de,97,17,2.7160520635721284,10.335754575722307,direccional
la convergencia de,109,49,1.7748066707032208,10.32156400885858,direccional
las perspectivas,399,537,0.6787751915663449,10.271844737052893,direccional
compromiso,127,76,1.4888738146826253,10.268646770966756,direccional
justificar,113,56,1.6773649084955338,10.266499696052005,direccional
la convergencia de la,106,46,1.8100570003200893,10.254552925031923,direccional
staff,216,213,0.9896337642035302,10.250517099352113,direccional
lo anterior el,139,94,1.36665494883216,10.2362786172304,direccional
centro del rango,107,48,1.776904625479192,10.231107741742075,direccional
siguen,482,698,0.6055824576041733,10.227568126559056,direccional
reducir la tasa,94,17,2.684668556766926,10.191935752686271,direccional
alza de 25,93,19,2.5628732935663603,10.184739038952417,direccional
una decision,111,55,1.67752452569618,10.175661523823353,direccional
el riesgo,244,262,0.9045107217894319,10.16874676124093,direccional
holguras de capacidad,117,64,1.5786668029697655,10.156247075995262,direccional
banco central de,381,509,0.6861549489945897,10.130601142017767,direccional
ajuste de,146,107,1.2862879311774211,10.10959303696377,direccional
del banco central,408,562,0.6555861938427743,10.081602996740884,direccional
que las opciones,91,23,2.3502658500424634,10.074544502776895,direccional
considera que,239,257,0.9030727890377985,10.051499483041923,direccional
el riesgo de,165,137,1.16152967243349,10.051105917394652,direccional
centro del rango meta,103,46,1.7813596799811808,10.04773692538143,direccional
inflacionario,191,178,1.0461072572276038,10.043224852999865,direccional
centro del,107,52,1.6969010646605653,10.040556514176837,direccional
la trayectoria,376,504,0.682815568342102,10.022082957561967,direccional
comunicado en su,96,36,1.956002612929776,10.01144010503093,direccional
comunicado en su reunion,96,36,1.956002612929776,10.01144010503093,direccional
en la tasa,184,168,1.0665789613836694,9.996980650037464,direccional
de la gerencia de,182,165,1.0736650418781775,9.989998405177893,direccional
brechas,209,209,0.9756489496347118,9.975506654432104,direccional
elevar,96,37,1.9286192772435733,9.96969330011169,direccional
meta en,135,94,1.3374649358495319,9.958281450850455,direccional
esta,2931,6230,0.22225786706675432,9.925340567818127,direccional
tendencia inflacionaria,137,98,1.3105097444467493,9.907583867510693,direccional
monetaria en 50,92,13,2.9311194864415757,9.899353069195167,direccional
politica monetaria en 50,92,13,2.9311194864415757,9.899353069195167,direccional
escenario mas,132,91,1.3474219143133315,9.891179434791004,direccional
perspectivas,518,786,0.558897196195475,9.877788345837343,direccional
la politica monetaria en,131,90,1.350865282489016,9.868750363026324,direccional
con todo,231,250,0.8966407479159724,9.82664795958529,direccional
parecen,135,97,1.3060607319775919,9.81431793091104,direccional
actividad,1267,2393,0.3401813773374016,9.793322784031904,direccional
01,94,38,1.8809228063038486,9.787237069620408,direccional
cuadro,168,148,1.1023390127505284,9.780050673579238,direccional
de mantener,220,233,0.918261454015374,9.769895356073086,direccional
capacidad,288,352,0.7750735978417271,9.756754528277673,direccional
bajar la tasa,85,21,2.3730064876395556,9.741930708660291,direccional
rango de tolerancia,116,71,1.4663335504184847,9.733384447463507,direccional
siguientes,162,140,1.121531640595185,9.721063611803663,direccional
estima,562,883,0.524075329447883,9.714042975320663,direccional
que la decision,99,47,1.7202721185386007,9.713933753422037,direccional
aun,621,1004,0.4955042016539766,9.707919673393134,direccional
alza de 25 puntos,84,18,2.515196785026548,9.688406138736445,direccional
centro,123,82,1.3809266692039976,9.688210395155213,direccional
mensual,281,342,0.7792842688001986,9.680613457394053,direccional
la tendencia inflacionaria,93,39,1.844271104843978,9.670053074471998,direccional
las holguras,126,87,1.3458506840143638,9.656976833052214,direccional
alza de,352,474,0.678219297884775,9.641119516455072,direccional
de la gerencia,187,182,1.0027320210221973,9.631889488475913,direccional
consistente con,116,73,1.4385653725730059,9.631229054103478,direccional
un alza de 25,84,15,2.6973319232541844,9.628181990838065,direccional
decision de hoy,83,21,2.3492137951280956,9.62123432963252,direccional
ambito externo,115,72,1.4436979837818384,9.608675212767755,direccional
el proceso de normalizacion,87,31,2.007058245821254,9.598245379055651,direccional
se ubique,94,42,1.7808919076172582,9.597739511018878,direccional
de tolerancia,117,76,1.4068885612232833,9.551511990647436,direccional
ubique,94,43,1.757373227672817,9.548000222086563,direccional
privadas,121,82,1.3645382220517863,9.541730312447578,direccional
reduccion de,191,191,0.9756409183742729,9.536191131794629,direccional
consistente,137,106,1.2320674493388477,9.52644139658661,direccional
con la meta,101,54,1.6014929343168554,9.50204833248035,direccional
implicancias,207,219,0.9193134909869922,9.485264122919927,direccional
que en el escenario,107,63,1.5050960552556205,9.479762032327606,direccional
juicio,432,635,0.5906453654706247,9.472457876203494,direccional
reducir la tasa de,84,12,2.920198917232357,9.469052966446014,direccional
nivel,795,1387,0.4194184914665833,9.43057705218897,direccional
tolerancia,118,80,1.364123457323787,9.420998103530835,direccional
expansiva,126,92,1.2899916280568213,9.408608710992835,direccional
base en esta,79,18,2.453880061219934,9.39963196798373,direccional
riesgo de,259,312,0.7895535531590507,9.394536223901833,direccional
de mediano,216,237,0.8829002770210099,9.387440119429684,direccional
meta de,131,100,1.2455446981451548,9.381567981955511,direccional
las noticias,253,302,0.7986859983579997,9.372982476457771,direccional
el mercado,833,1473,0.4059620176626453,9.366483200304328,direccional
en el ambito externo,102,58,1.5399139835518447,9.365862477255583,direccional
consideraciones,115,77,1.376585641281082,9.350550425848814,direccional
que la inflacion proyectada,84,32,1.940255465986434,9.34265715379329,direccional
puntos base en esta,78,17,2.498258435083086,9.337892959233372,direccional
la decision de hoy,78,20,2.335879218716503,9.32339147702362,direccional
consejero senor marshall,107,66,1.4585954845354046,9.321141978742409,direccional
politica monetaria en su,142,118,1.1606964994998883,9.319700704249716,direccional
el ambito externo,102,59,1.5228269078460315,9.312366915240785,direccional
su juicio,360,503,0.6413220439303071,9.291671323210666,direccional
el consejero senor marshall,103,61,1.499257266273677,9.281817710108031,direccional
monetaria en su,142,119,1.1522606540649871,9.273267578275442,direccional
objetivo,107,67,1.4435637924502043,9.267945621409655,direccional
mercado,1489,2945,0.29410487803510854,9.25118798207438,direccional
25 anual,90,43,1.713907008331791,9.247502235789899,direccional
una reduccion de,117,82,1.3309325552550657,9.243110555368862,direccional
anterior el,148,129,1.112973840365095,9.241764760143296,direccional
panorama,302,397,0.7022615855664558,9.199099885461473,direccional
como,2083,4328,0.24488862915773257,9.185445992606548,direccional
inflacion anual,166,159,1.0186987106101562,9.182058436669157,direccional
debiera,227,262,0.8323081775185823,9.180733276071711,direccional
elevar la,75,15,2.5841157681713565,9.140820381487377,direccional
futuro,271,342,0.7430554604545279,9.138483355461933,direccional
senala el consejero,87,41,1.7276249798777936,9.122304018149624,direccional
estima que,476,739,0.5359908717406059,9.121919248196686,direccional
en el futuro,122,92,1.257740839547461,9.110555836310144,direccional
siguiente,163,156,1.0195076673962618,9.104049998275224,direccional
debe ser,137,115,1.1506040222407687,9.099540624650324,direccional
el senor vicepresidente,135,112,1.1623259283459682,9.095784792526151,direccional
se ubique en,83,36,1.810566275646929,9.07498500192586,direccional
ubique en,83,36,1.810566275646929,9.07498500192586,direccional
costos,323,441,0.6643965777374881,9.073784731852149,direccional
de subir,75,24,2.114495650160057,9.01923901336835,direccional
del banco,499,793,0.5126655599196681,8.973914492410692,direccional
nuestra,151,140,1.0512344077383577,8.961673668370498,direccional
monetaria en su reunion,79,33,1.8481625241448096,8.919067010318265,direccional
por mantener,170,172,0.9639394543885516,8.914739837889586,direccional
ritmo de,210,240,0.8421612289273348,8.91431999457037,direccional
expectativas inflacionarias,114,84,1.2808771290054022,8.909520300940502,direccional
sus implicancias,82,38,1.7444106409672049,8.891326480003894,direccional
el siguiente acuerdo,81,37,1.7588009946680856,8.86604327663134,direccional
siguiente acuerdo,81,37,1.7588009946680856,8.86604327663134,direccional
trayectoria,554,912,0.47742972386359384,8.86519716968864,direccional
el senor vicepresidente que,90,50,1.5631537275952692,8.864258685285103,direccional
puede,617,1044,0.44998068568987737,8.863326138775644,direccional
claro que,94,56,1.4933426112590151,8.848442228090558,direccional
por lo anterior,72,23,2.1162300075154494,8.838446591555021,direccional
entorno,125,102,1.1788799755180168,8.836837876930222,direccional
en la reunion de,137,121,1.0997637335916153,8.817115147229796,direccional
de politica monetaria de,175,183,0.9309485862468279,8.80667775153931,direccional
senala el consejero senor,83,41,1.6805776997441502,8.806110310981522,direccional
del banco central de,279,368,0.6988923967320897,8.805835314033322,direccional
el estimulo,76,31,1.8719535819209163,8.786393420190597,direccional
rango de,165,167,0.9635850603047889,8.7802021992168,direccional
banco,875,1606,0.3687177596628448,8.77720677839538,direccional
pausada,69,14,2.569736515571858,8.771091482361184,direccional
pausas,72,25,2.0329016900130448,8.759959688655792,direccional
los proximos trimestres,122,99,1.1844367173253936,8.757869648796863,direccional
de la actividad,381,566,0.5800365560194276,8.754690515627177,direccional
noticias,381,566,0.5800365560194276,8.754690515627177,direccional
la meta de,110,81,1.2815243529157119,8.75460270317371,direccional
brechas de,94,58,1.4582660008031088,8.73547236296468,direccional
un ritmo,128,109,1.1362383587211191,8.719628329030144,direccional
esperada,232,285,0.7699724801195895,8.709261260754465,direccional
externas,190,211,0.8708410006381602,8.709002439063182,direccional
proximos trimestres,122,100,1.174390053664263,8.707647863252305,direccional
agradece el,79,37,1.7338108622349555,8.705548644551259,direccional
una reduccion,171,179,0.9299251245263012,8.698049838663353,direccional
estos antecedentes,97,63,1.4070131689154586,8.69732640182594,direccional
senor vicepresidente que,90,53,1.5049100735373404,8.693553527028893,direccional
vicepresidente que,90,53,1.5049100735373404,8.693553527028893,direccional
un ajuste,204,236,0.8299823094258674,8.68355768455108,direccional
meta en el,80,39,1.6937660085894937,8.67488072253182,direccional
argumentos,96,62,1.4126478868342183,8.672184651065175,direccional
aumento de 25,72,27,1.9559867539739333,8.670097526277525,direccional
la normalizacion de,86,48,1.5585130503303812,8.652192456232621,direccional
con el escenario,108,80,1.2755989456144547,8.649268183910548,direccional
aumento de 25 puntos,71,26,1.9797262259892197,8.639030403131198,direccional
contexto,365,540,0.584153336728896,8.622544992313024,direccional
prudente,89,53,1.4937409522939777,8.61111043036987,direccional
lugar,372,555,0.575755295801244,8.594208821654702,direccional
un escenario,326,465,0.6206624603648816,8.593912988815266,direccional
horizonte habitual,66,14,2.5253254279842263,8.586483820515108,direccional
el siguiente,90,55,1.4678844446945707,8.578362966760084,direccional
merito de lo,74,32,1.8135664731668832,8.574058093227103,direccional
expansivo,76,35,1.7506559603860357,8.572162269887473,direccional
gerente,573,5139,-1.2174569484065572,-27.666414661270633,neutral
senor,3244,14632,-0.5316581493061303,-27.408545145828903,neutral
gerente de,517,4147,-1.1057819724529994,-23.72687587527535,neutral
analisis,281,2361,-1.1517829997446487,-18.266656420528896,neutral
mes,942,4765,-0.6451743618304384,-18.10290360085382,neutral
don,23,2628,-3.7420031698108565,-18.06221046644579,neutral
america,286,2310,-1.1123537923492828,-17.759059672705593,neutral
el caso,132,1592,-1.5124349439150144,-16.717467070851583,neutral
de analisis,24,1737,-3.2930082979529,-16.132633206280982,neutral
ano,1120,5053,-0.5308395967634256,-16.080343078569246,neutral
presidente,458,2734,-0.8103969328066558,-16.060279022804426,neutral
caida,226,1857,-1.1294187933014737,-16.044147919983033,neutral
el presidente,314,2186,-0.963941732377557,-15.983269529369842,neutral
el gerente,404,2455,-0.8281545132001469,-15.43404665482836,neutral
en el caso,79,1232,-1.7686990796990294,-15.262342209299398,neutral
mes de,315,2098,-0.9197075471692511,-15.23041786667988,neutral
estados,396,2393,-0.8225718453418107,-15.171420528545692,neutral
estados unidos,395,2384,-0.8213319868426527,-15.128071060074081,neutral
el senor,1413,5868,-0.44806737051531,-15.126774065056324,neutral
unidos,397,2388,-0.8179615569122625,-15.100429723481993,neutral
presentacion,68,1174,-1.8700894787760411,-15.01788284438565,neutral
de america,276,1915,-0.9605366381457587,-14.928826994725428,neutral
el caso de,70,1129,-1.8022213366368014,-14.654340391425853,neutral
rodrigo,193,1562,-1.114236205270915,-14.615005036722666,neutral
el presidente senor,308,1983,-0.8858240934062467,-14.472560752083954,neutral
estados unidos de,269,1836,-0.944103530025866,-14.470897600344214,neutral
unidos de,269,1836,-0.944103530025866,-14.470897600344214,neutral
estados unidos de america,264,1813,-0.9502485871042694,-14.434807054159208,neutral
unidos de america,264,1813,-0.9502485871042694,-14.434807054159208,neutral
presidente senor,325,2036,-0.8585110991092133,-14.381201769441745,neutral
sector,173,1456,-1.1532837553272959,-14.35270235313974,neutral
claudio,19,1363,-3.284172812000768,-14.31388762970241,neutral
caso de,107,1199,-1.4389806953403976,-14.27754954996886,neutral
ministro,133,1278,-1.2855794203090598,-14.123094159250625,neutral
caso,419,2335,-0.7416395835687712,-13.986214490050324,neutral
precio,546,2787,-0.6539691569086417,-13.980556131293033,neutral
senor claudio,19,1221,-3.175527485146814,-13.81956308137033,neutral
continuacion,56,985,-1.888610101543076,-13.77086439774872,neutral
gerente de analisis,12,1670,-3.934283558068029,-13.759658719922639,neutral
al,2730,9735,-0.2959155425621782,-13.668806727587214,neutral
produccion,52,950,-1.9264016165753102,-13.549918362650155,neutral
china,116,1147,-1.3141146797592747,-13.500721437831615,neutral
respecto,1198,4870,-0.42661125158275226,-13.23370265427036,neutral
el mes,200,1438,-0.9960322286153129,-13.207334154315502,neutral
informa,71,950,-1.6158886104150145,-13.150673805449811,neutral
ministro de,85,995,-1.4825219600223019,-13.134082443356014,neutral
observa,108,1075,-1.3207179768232287,-13.096378873657802,neutral
euro,66,927,-1.6642749762450428,-13.0812189373994,neutral
macroeconomico,113,1091,-1.2902938690608572,-13.068691910396364,neutral
en el caso de,52,881,-1.8512323335337033,-12.99317327654838,neutral
el gerente de,388,2090,-0.7076501327496185,-12.808205467579432,neutral
que,25936,75336,-0.0920710895030572,-12.792818384402123,neutral
informa que,53,853,-1.8000400818879019,-12.735061415518762,neutral
zona,68,878,-1.5803178854522795,-12.57013127321973,neutral
se observa,103,994,-1.2898216055787604,-12.472201643260524,neutral
el mes de,106,1003,-1.2701617288404936,-12.44783745420508,neutral
senor rodrigo,191,1315,-0.9526922456431555,-12.311517798915343,neutral
el presidente senor rodrigo,103,972,-1.2674754848920333,-12.242872060514815,neutral
materia de,144,1126,-1.07978781710354,-12.210037338312778,neutral
en materia de,140,1108,-1.0918233249194689,-12.181838490535618,neutral
materia,211,1376,-0.8985248021989154,-12.16099719421533,neutral
la zona,57,800,-1.6635103539125655,-12.15075055026636,neutral
en materia,168,1210,-0.9977115367436156,-12.126417954674135,neutral
el,19317,56626,-0.10089976783884413,-12.113228830212064,neutral
rodrigo vergara,171,1209,-0.9792085138828792,-11.993509591080256,neutral
vergara,174,1217,-0.9684268331143677,-11.956925352168545,neutral
zona euro,55,774,-1.6661756719900023,-11.955906519389393,neutral
trimestre,522,2458,-0.5733098917351871,-11.901776850583001,neutral
presidente senor rodrigo,117,993,-1.161584801400446,-11.893626586734074,neutral
presidente senor rodrigo vergara,117,993,-1.161584801400446,-11.893626586734074,neutral
analisis macroeconomico,12,989,-3.4208417497051293,-11.871449426579696,neutral
del,7225,22485,-0.16011027984952975,-11.843383387007897,neutral
la proyeccion,113,972,-1.1749710277235508,-11.831686453661453,neutral
hacienda,133,1046,-1.0855312440093865,-11.800731845824904,neutral
soto,7,1534,-4.373505494624991,-11.78444147624274,neutral
de hacienda,133,1043,-1.082662621721159,-11.767613362896697,neutral
la zona euro,52,741,-1.6786529736280809,-11.717355676744344,neutral
ministro de hacienda,85,849,-1.3241295945492713,-11.650358187102862,neutral
de analisis macroeconomico,11,978,-3.4954432875171744,-11.626109215335795,neutral
importaciones,73,799,-1.4154336336007276,-11.588423824017866,neutral
cuenta,390,1961,-0.6388339623470838,-11.527889473738291,neutral
consulta,13,838,-3.178468694905458,-11.442228228579822,neutral
sesion,44,691,-1.7755592882479032,-11.436982763021945,neutral
horas,27,669,-2.2298272393553518,-11.386519849163879,neutral
lehmann,5,1915,-4.902284615778888,-11.341526742039214,neutral
cuanto,345,1783,-0.6662354506739003,-11.33312708911076,neutral
gerente de analisis macroeconomico,10,958,-3.5687903732612796,-11.329535314802225,neutral
comenta que,181,1185,-0.9024127419174501,-11.31505153495684,neutral
claudio soto,7,1296,-4.211104129882043,-11.306682413060704,neutral
porque,255,1452,-0.7630319601936115,-11.244058407782996,neutral
senor rodrigo vergara,170,1133,-0.9202083266783063,-11.195315958859018,neutral
una caida,72,753,-1.3700132346375344,-11.117312556555236,neutral
en cuanto,251,1425,-0.7600713454878507,-11.109760527023218,neutral
senor claudio soto,7,1195,-4.132608485877123,-11.078617971438447,neutral
el ano,220,1299,-0.7992630635989801,-10.969301882421835,neutral
ventas,34,621,-1.9260770618414345,-10.954655197353292,neutral
general,122,929,-1.0532641319996134,-10.945746861699215,neutral
en el mes,111,885,-1.0991602223036576,-10.924480326492457,neutral
relacion,152,1040,-0.9464310304989407,-10.906352141115166,neutral
consumo,359,1781,-0.6253657087995625,-10.814855341344531,neutral
el gerente de analisis,8,940,-3.7688914835553806,-10.733669985080336,neutral
us,50,638,-1.568470604520865,-10.693273496326603,neutral
economias,544,2397,-0.5069265625315502,-10.678822400997833,neutral
en estados,186,1147,-0.8426307891031914,-10.666532210250061,neutral
exhibe,22,590,-2.3085520354951754,-10.658971082746937,neutral
en estados unidos,186,1145,-0.8408871562672768,-10.643152661539247,neutral
exportaciones,50,632,-1.559043130152535,-10.625214656209861,neutral
su presentacion,21,589,-2.353141579409103,-10.624664251111025,neutral
europa,165,1062,-0.8853752526218148,-10.587247713636392,neutral
bancos,116,876,-1.0449545084492833,-10.583802682966848,neutral
construccion,40,597,-1.7247731213456738,-10.575525808068084,neutral
comentarios,39,592,-1.7416309651762543,-10.550369707509153,neutral
en el mes de,86,758,-1.199259210505673,-10.54863975011609,neutral
destaca,320,1619,-0.6449653840596508,-10.547856169942705,neutral
brasil,23,574,-2.236957211780897,-10.544536059713177,neutral
japon,69,691,-1.3267182800648314,-10.51854290546967,neutral
el senor claudio,8,872,-3.695373553392523,-10.512468381993427,neutral
bastante,355,1737,-0.6115593113715567,-10.504695726206903,neutral
del ano,294,1522,-0.6678922909402711,-10.489444305902072,neutral
se,9073,27315,-0.12694463208696316,-10.479729380248793,neutral
explica,64,662,-1.3589995454574755,-10.392107626036804,neutral
da,121,878,-1.0050891402861666,-10.372152071929564,neutral
los,7840,23787,-0.13463675174562617,-10.341942610608083,neutral
industrial,32,555,-1.8744980729446894,-10.327850820102581,neutral
datos,247,1336,-0.7116759860219686,-10.280774783404787,neutral
la presentacion,28,544,-1.9876112471470648,-10.275917420468549,neutral
dato,53,608,-1.4622757216705047,-10.221117586095625,neutral
proyeccion,254,1355,-0.6978662456265718,-10.211980684034659,neutral
tema,80,708,-1.2033242682712846,-10.210652360949537,neutral
bonos,46,582,-1.5599925246202542,-10.197927041684583,neutral
presente,582,2465,-0.4674047671311179,-10.146412467025991,neutral
en estados unidos de,126,879,-0.9657873582054233,-10.145510351260443,neutral
cuenta de,190,1114,-0.7922085221415749,-10.09882126372342,neutral
el precio,275,1406,-0.6554194771042336,-9.94523210936003,neutral
inventarios,47,558,-1.4965174939268113,-9.864312649000821,neutral
mientras que,213,1171,-0.7279123623044654,-9.777214996045231,neutral
anos,242,1274,-0.6846234791191197,-9.768347325672533,neutral
variacion,135,880,-0.8980147426801182,-9.721556122018887,neutral
comercio,51,559,-1.4168029471713801,-9.696046158622696,neutral
10,60,591,-1.3101672225391798,-9.678744666169314,neutral
america latina,21,479,-2.147384631349473,-9.652747002612081,neutral
latina,21,479,-2.147384631349473,-9.652747002612081,neutral
la sesion,35,502,-1.6850763652310068,-9.65199351231122,neutral
la caida,88,694,-1.0882192667945176,-9.624252047251352,neutral
la produccion,29,483,-1.8341005295944992,-9.608486294450138,neutral
pib,169,995,-0.7963422196370846,-9.577005274148064,neutral
fuentes,22,465,-2.071516587421753,-9.513521609833196,neutral
exposicion,35,490,-1.6609441122235822,-9.505872809606393,neutral
estudios senor,68,607,-1.211894079508646,-9.484994715525565,neutral
agradece la,15,477,-2.4779604845347993,-9.478441319177774,neutral
en relacion,105,747,-0.9853414577919946,-9.460700221514369,neutral
el senor claudio soto,5,868,-4.148739488428827,-9.402703943242201,neutral
division estudios senor,67,595,-1.2067480894905938,-9.372536795945056,neutral
fue,229,1192,-0.6733090854543597,-9.336787054622672,neutral
vial,30,459,-1.7494849198862337,-9.297390572353159,neutral
responde,29,454,-1.7723646200079344,-9.267432922688323,neutral
en terminos,213,1128,-0.6905287197663235,-9.247822569994758,neutral
joaquin,30,454,-1.7385624753900846,-9.23607893221971,neutral
joaquin vial,30,454,-1.7385624753900846,-9.23607893221971,neutral
las importaciones,61,562,-1.2434381753658563,-9.232101350849028,neutral
las exportaciones,37,473,-1.5702917949379742,-9.210031698175253,neutral
precisa que,67,582,-1.1846911489700265,-9.190674703494372,neutral
luis,90,670,-1.0306301248971899,-9.186911974186453,neutral
de division estudios senor,67,579,-1.1795310322652988,-9.148158274332273,neutral
de los,2125,7067,-0.22591608006236452,-9.13460327079253,neutral
relacion con,80,625,-1.0788103918061296,-9.092126661817167,neutral
ofrece,7,567,-3.4036486223860845,-9.019300452898188,neutral
exhiben,32,441,-1.6452261474487972,-8.998393430983068,neutral
magendzo,18,416,-2.1604461550291525,-8.993794080425964,neutral
para el,537,2190,-0.4295766089107964,-8.924559041708562,neutral
promedio,105,703,-0.9247030082172625,-8.844092222091405,neutral
de hacienda senor,32,428,-1.6153788689022317,-8.825743113517996,neutral
hacienda senor,32,428,-1.6153788689022317,-8.825743113517996,neutral
las ventas,24,406,-1.8496105328546673,-8.81901377389669,neutral
gerente de division,416,1782,-0.47865917999747953,-8.794286867215336,neutral
que los,911,3355,-0.32770935717668515,-8.77501842838483,neutral
precisa,84,618,-1.0188408536102802,-8.767646149342635,neutral
comenta,345,1536,-0.5171958203021259,-8.684802977162262,neutral
30,30,411,-1.639321557140054,-8.679581554570767,neutral
de estados,83,606,-1.0112169099980797,-8.646077782049392,neutral
de estados unidos,83,606,-1.0112169099980797,-8.646077782049392,neutral
senor joaquin,26,397,-1.7474629502939028,-8.64484047498496,neutral
senor joaquin vial,26,397,-1.7474629502939028,-8.64484047498496,neutral
de ese,64,530,-1.1369737101186637,-8.598729458969327,neutral
que en el caso,19,380,-2.016448785539021,-8.594137548864923,neutral
consejero senor joaquin,26,392,-1.7348239891895005,-8.578795618120743,neutral
consejero senor joaquin vial,26,392,-1.7348239891895005,-8.578795618120743,neutral
agrega que,757,2851,-0.3500641618202227,-8.565018880972357,neutral
hace notar,111,706,-0.8734535664782666,-8.559795993844498,neutral
dolar,138,805,-0.787068172724787,-8.547585132308123,neutral
creditos,39,432,-1.4272939851677595,-8.545575409363686,neutral
en relacion con,49,469,-1.2815062985446932,-8.543630880303908,neutral
indicador,24,384,-1.7940693817541504,-8.539804016059744,neutral
el dia,51,476,-1.2563626044733471,-8.534746370635391,neutral
monedas,59,506,-1.1719187697352034,-8.525813365585217,neutral
produccion industrial,11,387,-2.578354625770526,-8.460842073591154,neutral
el sector,76,567,-1.0327668159770553,-8.460785947586787,neutral
ministro de hacienda senor,28,389,-1.6532586558785738,-8.460714224646479,neutral
rodrigo vergara agradece,24,377,-1.7757259573236244,-8.447642852768622,neutral
vergara agradece,24,377,-1.7757259573236244,-8.447642852768622,neutral
registrado,21,370,-1.8901488155397779,-8.440198395138477,neutral
precio del,323,1441,-0.5192318521284118,-8.438006594134864,neutral
senor rodrigo vergara agradece,24,376,-1.7730776200362506,-8.434339330518425,neutral
los datos,164,890,-0.7149192269195819,-8.417568835164372,neutral
palabra,3,945,-4.718726172942045,-8.402528238206928,neutral
la palabra,3,942,-4.715726057966213,-8.396386536858403,neutral
terminos,276,1277,-0.5556157324312085,-8.374134294933947,neutral
da cuenta,46,446,-1.2943731297206096,-8.366244963083105,neutral
pablo,104,666,-0.8802529133148145,-8.353884265657884,neutral
colocaciones,49,456,-1.2534440488652656,-8.345089561932115,neutral
en la zona,17,357,-2.0650421223189657,-8.335394175232443,neutral
caidas,65,516,-1.0947612821977248,-8.324306277417415,neutral
correspondiente,18,354,-1.9996985033980152,-8.29182734105035,neutral
de consumo,76,555,-1.0114030970313035,-8.275077197482057,neutral
datos de,50,455,-1.231084850965802,-8.270196281740334,neutral
presente ano,35,398,-1.4534705209427514,-8.253044906518403,neutral
dia,162,869,-0.7033191130764269,-8.222825126595021,neutral
servicios,74,544,-1.01804140473803,-8.222382503380118,neutral
gasolina,32,385,-1.5097453562118393,-8.215701272370502,neutral
el margen,152,831,-0.7222981096611125,-8.192128095146753,neutral
industria,29,373,-1.576359322352216,-8.187164906219264,neutral
precio de,148,816,-0.7307405454253075,-8.183464483397863,neutral
explica que,16,343,-2.0855741731853215,-8.171054833067954,neutral
de estados unidos de,54,464,-1.1738088755421128,-8.170532783588692,neutral
indice,26,362,-1.6554193644652084,-8.164223992820551,neutral
notar,125,730,-0.7881980191856677,-8.147389167291289,neutral
presentacion del,15,341,-2.1440168827064774,-8.144647892358966,neutral
en el margen,149,814,-0.7215612295269445,-8.102143595757001,neutral
el dato,20,341,-1.8574197383976738,-8.086485088557769,neutral
sesion de,15,335,-2.126339630643228,-8.074142913572464,neutral
bolsas,23,347,-1.7354764450176514,-8.071912803803182,neutral
16,12,338,-2.357286588957864,-8.04634134259546,neutral
la presentacion del,13,333,-2.2628256198277032,-8.023658666742271,neutral
cobre,248,1154,-0.5612899585989801,-8.023136765070737,neutral
marzo,104,644,-0.8466974609363298,-8.016800413851884,neutral
15,15,329,-2.1083415546414077,-8.002369642757138,neutral
margen,166,862,-0.670869003726347,-7.91904037303207,neutral
sergio,2,1192,-5.307002368752348,-7.915035884422253,neutral
sergio lehmann,2,1192,-5.307002368752348,-7.915035884422253,neutral
empresas,102,630,-0.8441373690973446,-7.91391394581533,neutral
del mes,271,1223,-0.5307028607845474,-7.908072330722456,neutral
gerente senor,11,329,-2.4169749806271987,-7.908065716952031,neutral
pablo garcia,104,637,-0.8357796985972961,-7.907339606900323,neutral
pais,80,547,-0.9456761946091721,-7.905650010568868,neutral
tendido,75,526,-0.9710306189015441,-7.872571314912446,neutral
del gerente,11,325,-2.4048105524230614,-7.866427397941238,neutral
con respecto,92,588,-0.8782823123848136,-7.838525168950505,neutral
con su,51,432,-1.1595252726281515,-7.837736614569915,neutral
del sector,72,511,-0.9829026562229259,-7.813646697121734,neutral
en la zona euro,15,312,-2.0554987223168943,-7.791709974962219,neutral
el gerente senor,11,317,-2.3800234452753397,-7.781594175287943,neutral
caso del,20,317,-1.78466217164919,-7.752599617793144,neutral
del gerente de,11,314,-2.3705657775674975,-7.749229777420041,neutral
macroeconomico senor,5,423,-3.446408003520263,-7.723122905254535,neutral
el caso del,20,314,-1.7751812890256193,-7.709119429817122,neutral
variaciones,29,341,-1.4868666740816288,-7.695553712987001,neutral
alguna,100,607,-0.8267650452545805,-7.6652413130773125,neutral
jose,179,890,-0.6274792945630043,-7.6638493769400835,neutral
gerente de division estudios,194,941,-0.6027558928094923,-7.648024263067111,neutral
da cuenta de,38,371,-1.30128316499699,-7.6471418566642155,neutral
los bancos,84,546,-0.895119084680891,-7.642281733495959,neutral
sebastian,188,918,-0.6094179404879441,-7.616391835232661,neutral
dolares,40,376,-1.263447178171191,-7.603781703718351,neutral
europeo,18,302,-1.8413667814912742,-7.601602855389838,neutral
que el precio,43,387,-1.2200404542693697,-7.596412864637608,neutral
jose de,179,885,-0.6218496820350872,-7.591481477264239,neutral
jose de gregorio,179,885,-0.6218496820350872,-7.591481477264239,neutral
sebastian claro,188,916,-0.6072384930310104,-7.587738195444571,neutral
continuacion el,12,297,-2.2286127584900157,-7.586725761188598,neutral
las colocaciones,34,352,-1.3598214222871992,-7.579378102447627,neutral
importaciones de,35,355,-1.3393612205018943,-7.567274981565599,neutral
de china,23,313,-1.6326289893560446,-7.566986841929027,neutral
respecto al,58,442,-1.0539550856112552,-7.552391642544588,neutral
anade que,164,829,-0.643975115777744,-7.538967351223928,neutral
la sesion de,14,291,-2.0548085882936356,-7.524854053487526,neutral
mientras,351,1455,-0.4458139480242398,-7.5000126804831835,neutral
hace,927,3251,-0.2788062094861212,-7.4907278370787,neutral
alemania,7,323,-2.847462382391715,-7.486267864895108,neutral
mas bien,123,678,-0.7304821083397623,-7.4575693646508086,neutral
caida de,71,485,-0.9447137701038386,-7.439657264246074,neutral
los datos de,37,355,-1.2838959398526057,-7.4388393810375835,neutral
senor magendzo,16,286,-1.904500643803976,-7.426194667408607,neutral
viviendas,11,285,-2.2741563482491003,-7.419446795755901,neutral
senor ministro,81,521,-0.8846264078764374,-7.411341588573935,neutral
deuda,38,357,-1.2628842089461827,-7.4077449865625535,neutral
2012,38,356,-1.26008396949309,-7.390302688050909,neutral
asia,24,305,-1.56434816065231,-7.387931941229231,neutral
analisis macroeconomico senor,4,422,-3.6632506896405737,-7.365380295196556,neutral
manuel,210,975,-0.5590400704331788,-7.351864912555223,neutral
20,26,309,-1.4974933716497585,-7.341862973185067,neutral
la gasolina,30,323,-1.3989203991165677,-7.337012121485794,neutral
de analisis macroeconomico senor,4,415,-3.646850069632272,-7.3306220840999545,neutral
en las economias,101,589,-0.7867533652836052,-7.309402468935702,neutral
prosigue,29,316,-1.4108854681359926,-7.279169481563211,neutral
manuel marfan,210,969,-0.5528713067138042,-7.266735539111629,neutral
las bolsas,20,285,-1.6785474085976944,-7.266358535510603,neutral
siendo las,9,279,-2.4525763184593465,-7.263379207871134,neutral
resto,104,595,-0.7676394705374161,-7.226680955344276,neutral
miguel,3,505,-4.118785900389213,-7.226635202486414,neutral
abril,74,484,-0.9013189674825792,-7.225671114784458,neutral
del presente,19,279,-1.7084787261134835,-7.2159588153863945,neutral
estan,345,1412,-0.4330603112318592,-7.213889953100533,neutral
en general,88,532,-0.8227060716176133,-7.153262387964315,neutral
hace notar que,106,597,-0.7519636667098979,-7.138397466852386,neutral
analisis internacional,2,744,-4.874737828340399,-7.125628705496451,neutral
de analisis internacional,2,724,-4.849269291417487,-7.08180914827382,neutral
se advierte,23,283,-1.5321149318791214,-7.074619509400624,neutral
capitales,12,257,-2.084581742501765,-7.072819862863001,neutral
titulo,30,307,-1.3482142325036577,-7.055106393379169,neutral
gerente de analisis internacional,2,706,-4.825698865853642,-7.041467099344961,neutral
spread,18,265,-1.7110531284383583,-7.034688111814071,neutral
de produccion,11,254,-2.15953037226741,-7.027673718675313,neutral
resalta,59,416,-0.9763392124274031,-7.023048502433344,neutral
en el caso del,17,261,-1.7528803679334732,-7.01319803226493,neutral
banco central europeo,14,254,-1.9193144789316587,-7.003525096847076,neutral
central europeo,14,254,-1.9193144789316587,-7.003525096847076,neutral
del precio,157,769,-0.6124865026391184,-6.9970665658813695,neutral
11,13,252,-1.9852791588115402,-6.9932509551772855,neutral
registraron,13,252,-1.9852791588115402,-6.9932509551772855,neutral
ese,420,1633,-0.3818092671096247,-6.9813894731178125,neutral
al mes,14,252,-1.9114360695124653,-6.973236969041197,neutral
refiere,80,492,-0.8398257232387429,-6.970775720476789,neutral
se refiere,80,492,-0.8398257232387429,-6.970775720476789,neutral
febrero,71,458,-0.8875010704710267,-6.962698423964557,neutral
concerniente,55,397,-0.999759436584208,-6.953585685602135,neutral
refiriendose,19,263,-1.6495780659191759,-6.953156296167859,neutral
de inversion,49,373,-1.0528352798467413,-6.933918036721531,neutral
empleo,300,1243,-0.44531924652891064,-6.925749802952366,neutral
aproximadamente,20,263,-1.5984172737978444,-6.899858831475089,neutral
lo concerniente,54,390,-1.0003170192515682,-6.894161470006281,neutral
de la gasolina,16,250,-1.7703904996356705,-6.875608143683984,neutral
el consejero senor joaquin,25,278,-1.431133029807162,-6.86147626997796,neutral
mexico,12,242,-2.0246779878662284,-6.859278739645496,neutral
senor miguel,3,410,-3.9162421592799195,-6.846397750196714,neutral
vittorio,36,318,-1.2013661757906657,-6.837711529489575,neutral
vittorio corbo,36,318,-1.2013661757906657,-6.837711529489575,neutral
mes anterior,27,284,-1.3756415995748146,-6.837664759822469,neutral
espana,9,242,-2.3110750349733102,-6.8253611876346225,neutral
de capitales,11,239,-2.0989157893950487,-6.8206543775647965,neutral
sectores,109,589,-0.7106047570652105,-6.818730981588467,neutral
el presidente senor jose,137,688,-0.637416955030691,-6.8166042412027075,neutral
presidente senor jose,139,694,-0.6316130538271256,-6.8003538289906675,neutral
presidente senor jose de,139,694,-0.6316130538271256,-6.8003538289906675,neutral
millones,25,274,-1.4166697319869073,-6.787943256731006,neutral
en lo concerniente,54,384,-0.9848328508152875,-6.780934359734272,neutral
13,12,236,-1.999665945587486,-6.7701555303821115,neutral
las economias,344,1373,-0.40796482778378795,-6.769057871553843,neutral
en terminos de,81,484,-0.8110408265735334,-6.759880764269577,neutral
ese pais,16,243,-1.7420729150581398,-6.759497414345927,neutral
de gregorio,224,980,-0.4996617232496572,-6.749803190249112,neutral
gregorio,224,980,-0.4996617232496572,-6.749803190249112,neutral
rodrigo vergara agradece la,4,313,-3.3695399998943767,-6.746500599186956,neutral
vergara agradece la,4,313,-3.3695399998943767,-6.746500599186956,neutral
observa que,7,246,-2.5772092420290935,-6.746322865539501,neutral
nacionales,43,340,-1.0907603537030113,-6.744314460110663,neutral
internacional,427,1634,-0.3658999320399623,-6.734929560435254,neutral
el senor ministro,71,445,-0.8587385055609769,-6.723764316137789,neutral
de empleo,59,399,-0.9346669768662412,-6.705389099725784,neutral
miguel fuentes,3,379,-3.8395401602529446,-6.703851131893069,neutral
ofrece la,2,562,-4.61052560254638,-6.681561516740385,neutral
precio de la,11,229,-2.0563450745484904,-6.675329141129898,neutral
de europa,32,294,-1.2406049369428853,-6.670527622836875,neutral
las 16,8,233,-2.390528669676101,-6.666850194029312,neutral
diferencia,67,427,-0.8754127015137776,-6.666106104252978,neutral
notar que,118,612,-0.6696169713955271,-6.663544209856624,neutral
hubo,16,237,-1.7171418273820613,-6.657320165258895,neutral
parte de,156,744,-0.5858460073983913,-6.656069557143687,neutral
trimestre del,87,500,-0.772150075533748,-6.650792968931777,neutral
se esta,142,694,-0.6102787863196877,-6.629192326441987,neutral
referente,23,258,-1.4398298054290226,-6.623726318274261,neutral
al gerente,3,362,-3.7947020875255255,-6.620837702435635,neutral
gerente que,29,280,-1.2901623659689836,-6.619866969055564,neutral
mineria,34,299,-1.1969203947280622,-6.618946258218358,neutral
componente,100,545,-0.7191273554806283,-6.6139110660266365,neutral
senor miguel fuentes,3,356,-3.778360848291321,-6.590637708521755,neutral
vicepresidente senor manuel,83,481,-0.7804649514315951,-6.570123355829316,neutral
vicepresidente senor manuel marfan,83,481,-0.7804649514315951,-6.570123355829316,neutral
del mes de,177,810,-0.5445869429196257,-6.566545994341939,neutral
agradece la presentacion,4,286,-3.2805939554888326,-6.560329645656479,neutral
tienen,91,509,-0.7450685337623391,-6.549982221827116,neutral
cds,3,348,-3.7561291389275695,-6.54959635455082,neutral
subrogante,16,230,-1.6872429409151621,-6.534845374454165,neutral
la produccion industrial,6,236,-2.6890576073040435,-6.529182001295852,neutral
problema,43,329,-1.057919185734404,-6.528853688172334,neutral
la exposicion,7,227,-2.4973387475485094,-6.528008679400269,neutral
algo mas,198,878,-0.5131138494274712,-6.525007797579413,neutral
consejero senor sebastian,166,770,-0.5580897192658529,-6.5247996353907425,neutral
consejero senor sebastian claro,166,770,-0.5580897192658529,-6.5247996353907425,neutral
que si se,41,321,-1.0808951066713206,-6.5223597674437235,neutral
grecia,16,229,-1.6828973447326412,-6.5170504057788685,neutral
las empresas,45,336,-1.0335467049448432,-6.515679227167789,neutral
spreads,49,351,-0.992124479113853,-6.5101580913762165,neutral
senor gerente que,28,270,-1.2888862257523037,-6.497899763925121,neutral
al gerente de,3,337,-3.7246927444538773,-6.491647590828741,neutral
encuesta,133,654,-0.6163817208644371,-6.483206644767121,neutral
que en,1715,5445,-0.17942365078950484,-6.481851335941466,neutral
senor ministro de,37,303,-1.1257686978654604,-6.469604268628321,neutral
el senor gerente que,28,268,-1.281464493074271,-6.458175832991931,neutral
no asi,13,218,-1.840835953207442,-6.458172529361194,neutral
bolsa,7,221,-2.4707128814247348,-6.45526270095089,neutral
las importaciones de,32,283,-1.2025355458698659,-6.453326003132285,neutral
en america,7,220,-2.466204638116034,-6.442947012185854,neutral
en america latina,7,220,-2.466204638116034,-6.442947012185854,neutral
de mercados,24,252,-1.373875767615953,-6.437835510206919,neutral
estadisticas,5,242,-2.8947610923020033,-6.436742418653681,neutral
senor ministro de hacienda,37,301,-1.11915609593429,-6.429246049936301,neutral
herrera,78,455,-0.7870158193834627,-6.425730505945565,neutral
movimientos,126,626,-0.626679219010116,-6.4213100460461865,neutral
ventas de,16,223,-1.656417382364035,-6.40865013900161,neutral
que el,2379,7342,-0.1511253117120841,-6.408076984448529,neutral
2013,29,269,-1.250154405727864,-6.402082000823549,neutral
las monedas,28,265,-1.2702272119501714,-6.398053881939284,neutral
el ultimo mes,90,497,-0.7322718804788568,-6.395725853472759,neutral
cuenta de una,43,322,-1.0364427286550182,-6.388194695621433,neutral
los creditos,18,228,-1.5610531685458522,-6.3838770960246825,neutral
del presente ano,19,231,-1.5201563471092552,-6.37691588779822,neutral
cuanto las,23,245,-1.3882337116462224,-6.372201956519443,neutral
la encuesta,101,535,-0.6906848197456945,-6.369670240919247,neutral
premios,43,321,-1.033336558033346,-6.367867275103478,neutral
senor sergio,1,1049,-5.797364073217032,-6.349681676886694,neutral
senor sergio lehmann,1,1049,-5.797364073217032,-6.349681676886694,neutral
al mes de,11,208,-1.9605201299125063,-6.348435468870081,neutral
anade,198,866,-0.499361105369557,-6.34200581548248,neutral
destaca que,196,859,-0.5013952332754332,-6.336801996814664,neutral
de inventarios,31,273,-1.1983142033071381,-6.328012806822276,neutral
han tendido,35,288,-1.1305557171579785,-6.320747943008582,neutral
solicita,13,210,-1.8035640220589535,-6.320270945393716,neutral
flujos,24,246,-1.3498247653386386,-6.3182889203689685,neutral
luis oscar,73,431,-0.7990589264223491,-6.317076511712929,neutral
luis oscar herrera,73,431,-0.7990589264223491,-6.317076511712929,neutral
oscar,73,431,-0.7990589264223491,-6.317076511712929,neutral
oscar herrera,73,431,-0.7990589264223491,-6.317076511712929,neutral
dato de,20,231,-1.468979632638165,-6.309347346213109,neutral
si,1292,4190,-0.20059815913209533,-6.305842769448459,neutral
que se,2680,8181,-0.1402098855830829,-6.301655342366309,neutral
en cuanto las,19,227,-1.5027280266139584,-6.299463219064084,neutral
al consejero,11,205,-1.9460433398111547,-6.299079705401583,neutral
al consejero senor,11,205,-1.9460433398111547,-6.299079705401583,neutral
senor jose,178,796,-0.5215344921718348,-6.2931078345702645,neutral
registra,12,206,-1.864180067917479,-6.287834664537398,neutral
durante,332,1297,-0.38653257880728287,-6.2869132980640465,neutral
del pib,104,541,-0.6725853171209515,-6.285025341982096,neutral
inversion,319,1255,-0.39355046383516257,-6.278981750859918,neutral
senor jose de,178,795,-0.5202782785098918,-6.277225052690249,neutral
senor jose de gregorio,178,795,-0.5202782785098918,-6.277225052690249,neutral
el precio de,69,414,-0.8151490596517483,-6.2725568939947625,neutral
ano pasado,67,406,-0.8250376149457725,-6.260405261412574,neutral
fecha,63,391,-0.8489198105806892,-6.2569430440420115,neutral
modelo,12,204,-1.8544552343201168,-6.253246913110868,neutral
senor pablo,100,525,-0.6817739786808055,-6.2518162606731575,neutral
el pib,44,319,-1.0041377011352939,-6.248402843592858,neutral
consumidores,64,394,-0.8408247583813662,-6.242716655371793,neutral
bienes,158,725,-0.5472671484318923,-6.236146159133983,neutral
parte,969,3230,-0.2280149398218665,-6.227365648298046,neutral
caer,16,213,-1.6106549520032747,-6.221457339735632,neutral
senor pablo garcia,100,523,-0.6779606014409865,-6.2149354057903015,neutral
acota que,34,279,-1.127797100313627,-6.213652567333637,neutral
se aprecia,34,279,-1.127797100313627,-6.213652567333637,neutral
el ministro,45,321,-0.987937489356387,-6.210839605348656,neutral
el particular,54,355,-0.9064050489935198,-6.209426626569096,neutral
sobre el particular,54,355,-0.9064050489935198,-6.209426626569096,neutral
semana,43,313,-1.0081326592196493,-6.203084038315127,neutral
aprecia,36,286,-1.0954701438417054,-6.199301275316762,neutral
los bonos,17,215,-1.5595043813127116,-6.197496868924218,neutral
de viviendas,10,196,-1.996270720606276,-6.169247308649996,neutral
paises,277,1111,-0.4128245685902989,-6.149568793142093,neutral
el senor magendzo,12,198,-1.8246963156083122,-6.147434844692175,neutral
los inventarios,15,206,-1.6416948443588986,-6.146821453005886,neutral
emergentes,290,1152,-0.4032097838424811,-6.139727807526567,neutral
rodrigo valdes,17,212,-1.5454857052407185,-6.138501924870605,neutral
situacion,381,1440,-0.3534868717697348,-6.138044032380374,neutral
valores,66,396,-0.8151462466003281,-6.134660833412591,neutral
de marzo,72,418,-0.782242149527903,-6.134033357617198,neutral
trigo,10,193,-1.9809027544733127,-6.119271610634525,neutral
que se observa,30,259,-1.178490544907266,-6.115780810383453,neutral
de hecho,147,680,-0.5553389494002623,-6.108290791239547,neutral
ese mes,6,198,-2.514686255540184,-6.087664419341581,neutral
la parte,75,426,-0.7604028847378554,-6.0758049699196,neutral
senor sebastian,184,802,-0.4959118022473561,-6.069496996841248,neutral
fondos,15,202,-1.6221364420413327,-6.069360076699727,neutral
del consejero senor,35,276,-1.0880593581373166,-6.068683055778594,neutral
marfan,307,1201,-0.38791129456387274,-6.067999602791477,neutral
cierta,100,515,-0.6625597342608636,-6.066151354281494,neutral
el indice,16,205,-1.572466564046449,-6.065396228972258,neutral
senor sebastian claro,184,801,-0.4946649649812578,-6.053528778614187,neutral
del consejero,36,279,-1.070725969178925,-6.050682231121647,neutral
de servicios,18,211,-1.4837425276061094,-6.049369559845964,neutral
opciones de politica monetaria,6,195,-2.499513080674335,-6.049276872219124,neutral
agradece la presentacion del,3,263,-3.481372046129211,-6.0460495356603685,neutral
en cambio,39,290,-1.0294146158649955,-6.04002503700173,neutral
caracter,53,343,-0.8907272804935005,-6.038899517770881,neutral
que los datos,42,301,-0.9925895019916382,-6.03023923684914,neutral
indicadores,280,1112,-0.4029582867475554,-6.0290279484011595,neutral
corbo,71,409,-0.7744692259108792,-6.027276884182534,neutral
el senor ministro de,32,262,-1.1255545449302602,-6.015398939407226,neutral
don luis,3,257,-3.4586686930146726,-6.004700995194168,neutral
correccion,97,501,-0.6654535014652421,-6.001980871761722,neutral
estudios senor pablo,9,185,-2.0436856381796193,-5.998995476173578,neutral
estudios senor pablo garcia,9,185,-2.0436856381796193,-5.998995476173578,neutral
de hacienda don,6,191,-2.478912698967786,-5.99716624759179,neutral
