anio,topico_humano,n_intervenciones,n_hawkish,n_dovish,n_neutral,proporcion_hawkish,proporcion_dovish,proporcion_neutral,tono_neto_general,balance_direccional,cobertura_direccional,score_hd_continuo_medio
2005,actividad_interna,54.0,2.0,0.0,52.0,0.037037037037037035,0.0,0.9629629629629629,0.037037037037037035,1.0,0.037037037037037035,0.04214012030601292
2005,acuerdo_comunicado,103.0,33.0,0.0,70.0,0.32038834951456313,0.0,0.6796116504854369,0.32038834951456313,1.0,0.32038834951456313,0.2840414863826914
2005,apertura_cierre,39.0,1.0,0.0,38.0,0.02564102564102564,0.0,0.9743589743589743,0.02564102564102564,1.0,0.02564102564102564,0.040665183220731
2005,debate,15.0,0.0,0.0,15.0,0.0,0.0,1.0,0.0,,0.0,0.011019011263369401
2005,decision_tpm,50.0,39.0,0.0,11.0,0.78,0.0,0.22,0.78,1.0,0.78,0.6577172084214221
2005,escenario_internacional,75.0,3.0,0.0,72.0,0.04,0.0,0.96,0.04,1.0,0.04,0.033367306666147546
2005,inflacion,69.0,7.0,0.0,62.0,0.10144927536231885,0.0,0.8985507246376812,0.10144927536231885,1.0,0.10144927536231885,0.09661923863389389
2005,mercado_laboral,46.0,0.0,0.0,46.0,0.0,0.0,1.0,0.0,,0.0,0.009058016465156785
2005,mercados_financieros,88.0,5.0,0.0,83.0,0.056818181818181816,0.0,0.9431818181818182,0.056818181818181816,1.0,0.056818181818181816,0.04574090494726269
2005,opciones_tpm,34.0,8.0,0.0,26.0,0.23529411764705882,0.0,0.7647058823529411,0.23529411764705882,1.0,0.23529411764705882,0.24025915310997614
2005,otros,83.0,10.0,0.0,73.0,0.12048192771084337,0.0,0.8795180722891566,0.12048192771084337,1.0,0.12048192771084337,0.10393368186277839
2005,politica_fiscal,7.0,2.0,0.0,5.0,0.2857142857142857,0.0,0.7142857142857143,0.2857142857142857,1.0,0.2857142857142857,0.22531799041808226
2005,riesgos,12.0,3.0,0.0,9.0,0.25,0.0,0.75,0.25,1.0,0.25,0.17561679047569423
2006,actividad_interna,42.0,0.0,0.0,42.0,0.0,0.0,1.0,0.0,,0.0,0.018978683936425905
2006,acuerdo_comunicado,77.0,30.0,2.0,45.0,0.38961038961038963,0.025974025974025976,0.5844155844155844,0.36363636363636365,0.875,0.4155844155844156,0.30713107164586223
2006,apertura_cierre,27.0,2.0,0.0,25.0,0.07407407407407407,0.0,0.9259259259259259,0.07407407407407407,1.0,0.07407407407407407,0.035437841337049955
2006,debate,22.0,0.0,0.0,22.0,0.0,0.0,1.0,0.0,,0.0,0.007434614888488498
2006,decision_tpm,49.0,20.0,1.0,28.0,0.40816326530612246,0.02040816326530612,0.5714285714285714,0.3877551020408163,0.9047619047619048,0.42857142857142855,0.36023018731402423
2006,escenario_internacional,110.0,5.0,0.0,105.0,0.045454545454545456,0.0,0.9545454545454546,0.045454545454545456,1.0,0.045454545454545456,0.04132671338352231
2006,inflacion,47.0,5.0,0.0,42.0,0.10638297872340426,0.0,0.8936170212765957,0.10638297872340426,1.0,0.10638297872340426,0.05502507107910548
2006,mercado_laboral,47.0,1.0,0.0,46.0,0.02127659574468085,0.0,0.9787234042553191,0.02127659574468085,1.0,0.02127659574468085,0.027114456579438558
2006,mercados_financieros,102.0,4.0,0.0,98.0,0.0392156862745098,0.0,0.9607843137254902,0.0392156862745098,1.0,0.0392156862745098,0.04450036538785824
2006,opciones_tpm,55.0,4.0,2.0,49.0,0.07272727272727272,0.03636363636363636,0.8909090909090909,0.03636363636363636,0.3333333333333333,0.10909090909090909,0.07964939183419237
2006,otros,79.0,3.0,1.0,75.0,0.0379746835443038,0.012658227848101266,0.9493670886075949,0.02531645569620253,0.5,0.05063291139240506,0.034927757204648496
2006,politica_fiscal,15.0,0.0,0.0,15.0,0.0,0.0,1.0,0.0,,0.0,0.025752364462173147
2006,riesgos,4.0,0.0,0.0,4.0,0.0,0.0,1.0,0.0,,0.0,-0.005302723942774426
2007,actividad_interna,39.0,0.0,0.0,39.0,0.0,0.0,1.0,0.0,,0.0,-0.0010420938380034466
2007,acuerdo_comunicado,154.0,46.0,5.0,103.0,0.2987012987012987,0.032467532467532464,0.6688311688311688,0.2662337662337662,0.803921568627451,0.33116883116883117,0.1606632427191419
2007,apertura_cierre,15.0,0.0,0.0,15.0,0.0,0.0,1.0,0.0,,0.0,-0.00030512693133955286
2007,debate,138.0,1.0,0.0,137.0,0.007246376811594203,0.0,0.9927536231884058,0.007246376811594203,1.0,0.007246376811594203,0.007774638615384187
2007,decision_tpm,36.0,12.0,3.0,21.0,0.3333333333333333,0.08333333333333333,0.5833333333333334,0.25,0.6,0.4166666666666667,0.18725135177744845
2007,escenario_internacional,150.0,1.0,1.0,148.0,0.006666666666666667,0.006666666666666667,0.9866666666666667,0.0,0.0,0.013333333333333334,0.011606442818608833
2007,inflacion,57.0,1.0,2.0,54.0,0.017543859649122806,0.03508771929824561,0.9473684210526315,-0.017543859649122806,-0.3333333333333333,0.05263157894736842,0.01397095813835822
2007,mercado_laboral,40.0,3.0,0.0,37.0,0.075,0.0,0.925,0.075,1.0,0.075,0.03876205591319116
2007,mercados_financieros,129.0,4.0,2.0,123.0,0.031007751937984496,0.015503875968992248,0.9534883720930233,0.015503875968992248,0.3333333333333333,0.046511627906976744,0.013797629152252265
2007,opciones_tpm,26.0,2.0,2.0,22.0,0.07692307692307693,0.07692307692307693,0.8461538461538461,0.0,0.0,0.15384615384615385,0.01831368908196153
2007,otros,21.0,0.0,1.0,20.0,0.0,0.047619047619047616,0.9523809523809523,-0.047619047619047616,-1.0,0.047619047619047616,-0.019486459728710777
2007,politica_fiscal,9.0,0.0,1.0,8.0,0.0,0.1111111111111111,0.8888888888888888,-0.1111111111111111,-1.0,0.1111111111111111,-0.06465551602383222
2007,riesgos,4.0,0.0,0.0,4.0,0.0,0.0,1.0,0.0,,0.0,-0.016316045838234473
2008,actividad_interna,53.0,0.0,0.0,53.0,0.0,0.0,1.0,0.0,,0.0,-0.007877402781475881
2008,acuerdo_comunicado,177.0,50.0,6.0,121.0,0.2824858757062147,0.03389830508474576,0.6836158192090396,0.24858757062146894,0.7857142857142857,0.3163841807909605,0.16848873176381401
2008,apertura_cierre,12.0,0.0,0.0,12.0,0.0,0.0,1.0,0.0,,0.0,-0.0016561225404822125
2008,debate,155.0,0.0,0.0,155.0,0.0,0.0,1.0,0.0,,0.0,0.0007295367880920085
2008,decision_tpm,36.0,13.0,2.0,21.0,0.3611111111111111,0.05555555555555555,0.5833333333333334,0.3055555555555556,0.7333333333333333,0.4166666666666667,0.17716346425249055
2008,escenario_internacional,185.0,4.0,1.0,180.0,0.021621621621621623,0.005405405405405406,0.972972972972973,0.016216216216216217,0.6,0.02702702702702703,0.011784047847492839
2008,inflacion,84.0,1.0,0.0,83.0,0.011904761904761904,0.0,0.9880952380952381,0.011904761904761904,1.0,0.011904761904761904,0.014292491301047964
2008,mercado_laboral,55.0,0.0,0.0,55.0,0.0,0.0,1.0,0.0,,0.0,0.002689723797673273
2008,mercados_financieros,137.0,3.0,1.0,133.0,0.021897810218978103,0.0072992700729927005,0.9708029197080292,0.014598540145985401,0.5,0.029197080291970802,0.00917964480357726
2008,opciones_tpm,38.0,2.0,0.0,36.0,0.05263157894736842,0.0,0.9473684210526315,0.05263157894736842,1.0,0.05263157894736842,0.03927886351665783
2008,otros,15.0,0.0,0.0,15.0,0.0,0.0,1.0,0.0,,0.0,0.00441294497192822
2008,politica_fiscal,9.0,0.0,0.0,9.0,0.0,0.0,1.0,0.0,,0.0,0.002637431941533472
2008,riesgos,1.0,0.0,0.0,1.0,0.0,0.0,1.0,0.0,,0.0,0.06434887736188802
2009,actividad_interna,110.0,0.0,0.0,110.0,0.0,0.0,1.0,0.0,,0.0,-0.011984573916893395
2009,acuerdo_comunicado,181.0,4.0,55.0,122.0,0.022099447513812154,0.30386740331491713,0.6740331491712708,-0.281767955801105,-0.864406779661017,0.3259668508287293,-0.18172522366908786
2009,apertura_cierre,13.0,0.0,0.0,13.0,0.0,0.0,1.0,0.0,,0.0,-0.0013895834751326607
2009,debate,212.0,0.0,2.0,210.0,0.0,0.009433962264150943,0.9905660377358491,-0.009433962264150943,-1.0,0.009433962264150943,-0.013843953916549244
2009,decision_tpm,40.0,0.0,21.0,19.0,0.0,0.525,0.475,-0.525,-1.0,0.525,-0.3121535005716973
2009,escenario_internacional,217.0,0.0,0.0,217.0,0.0,0.0,1.0,0.0,,0.0,-0.0040175026518762084
2009,inflacion,96.0,0.0,2.0,94.0,0.0,0.020833333333333332,0.9791666666666666,-0.020833333333333332,-1.0,0.020833333333333332,-0.015607036540912195
2009,mercado_laboral,30.0,0.0,0.0,30.0,0.0,0.0,1.0,0.0,,0.0,-0.007553302796536183
2009,mercados_financieros,160.0,0.0,6.0,154.0,0.0,0.0375,0.9625,-0.0375,-1.0,0.0375,-0.01975070806237523
2009,opciones_tpm,25.0,0.0,5.0,20.0,0.0,0.2,0.8,-0.2,-1.0,0.2,-0.13567602287831107
2009,politica_fiscal,9.0,0.0,0.0,9.0,0.0,0.0,1.0,0.0,,0.0,-0.017445612391741267
2010,actividad_interna,79.0,0.0,1.0,78.0,0.0,0.012658227848101266,0.9873417721518988,-0.012658227848101266,-1.0,0.012658227848101266,-0.012880700338014655
2010,acuerdo_comunicado,199.0,46.0,5.0,148.0,0.23115577889447236,0.02512562814070352,0.7437185929648241,0.20603015075376885,0.803921568627451,0.2562814070351759,0.1265958413945257
2010,apertura_cierre,13.0,0.0,0.0,13.0,0.0,0.0,1.0,0.0,,0.0,-0.0010350274569156414
2010,debate,254.0,0.0,0.0,254.0,0.0,0.0,1.0,0.0,,0.0,-0.0002469141328319588
2010,decision_tpm,49.0,17.0,2.0,30.0,0.3469387755102041,0.04081632653061224,0.6122448979591837,0.30612244897959184,0.7894736842105263,0.3877551020408163,0.15018535622340717
2010,escenario_internacional,158.0,7.0,0.0,151.0,0.04430379746835443,0.0,0.9556962025316456,0.04430379746835443,1.0,0.04430379746835443,0.02894286420529203
2010,inflacion,118.0,4.0,0.0,114.0,0.03389830508474576,0.0,0.9661016949152542,0.03389830508474576,1.0,0.03389830508474576,0.01865792979194862
2010,mercado_laboral,62.0,0.0,0.0,62.0,0.0,0.0,1.0,0.0,,0.0,-0.00048524568680790263
2010,mercados_financieros,182.0,3.0,0.0,179.0,0.016483516483516484,0.0,0.9835164835164835,0.016483516483516484,1.0,0.016483516483516484,0.007459209754665902
2010,opciones_tpm,25.0,1.0,0.0,24.0,0.04,0.0,0.96,0.04,1.0,0.04,0.048614981270254036
2010,politica_fiscal,10.0,0.0,0.0,10.0,0.0,0.0,1.0,0.0,,0.0,0.0013731283707892853
2011,actividad_interna,69.0,0.0,0.0,69.0,0.0,0.0,1.0,0.0,,0.0,-0.005127047533749492
2011,acuerdo_comunicado,140.0,42.0,4.0,94.0,0.3,0.02857142857142857,0.6714285714285714,0.2714285714285714,0.8260869565217391,0.32857142857142857,0.18035025316429812
2011,apertura_cierre,30.0,0.0,0.0,30.0,0.0,0.0,1.0,0.0,,0.0,-0.003908089262343454
2011,debate,256.0,1.0,0.0,255.0,0.00390625,0.0,0.99609375,0.00390625,1.0,0.00390625,-0.0008950658938385599
2011,decision_tpm,46.0,6.0,4.0,36.0,0.13043478260869565,0.08695652173913043,0.782608695652174,0.043478260869565216,0.2,0.21739130434782608,0.04952961096490071
2011,escenario_internacional,168.0,2.0,0.0,166.0,0.011904761904761904,0.0,0.9880952380952381,0.011904761904761904,1.0,0.011904761904761904,0.007107206372845401
2011,inflacion,90.0,2.0,0.0,88.0,0.022222222222222223,0.0,0.9777777777777777,0.022222222222222223,1.0,0.022222222222222223,0.004282985663651267
2011,mercado_laboral,26.0,1.0,0.0,25.0,0.038461538461538464,0.0,0.9615384615384616,0.038461538461538464,1.0,0.038461538461538464,0.032803560821426554
2011,mercados_financieros,97.0,3.0,2.0,92.0,0.030927835051546393,0.020618556701030927,0.9484536082474226,0.010309278350515464,0.2,0.05154639175257732,-0.004593125313077769
2011,opciones_tpm,35.0,2.0,2.0,31.0,0.05714285714285714,0.05714285714285714,0.8857142857142857,0.0,0.0,0.11428571428571428,0.0003969865468991228
2011,otros,16.0,0.0,0.0,16.0,0.0,0.0,1.0,0.0,,0.0,-0.012797126054587828
2011,politica_fiscal,4.0,0.0,0.0,4.0,0.0,0.0,1.0,0.0,,0.0,0.002563677402543577
2011,riesgos,85.0,0.0,3.0,82.0,0.0,0.03529411764705882,0.9647058823529412,-0.03529411764705882,-1.0,0.03529411764705882,-0.020413316901776803
2012,actividad_interna,74.0,0.0,0.0,74.0,0.0,0.0,1.0,0.0,,0.0,-0.00997493975659925
2012,acuerdo_comunicado,172.0,0.0,10.0,162.0,0.0,0.05813953488372093,0.9418604651162791,-0.05813953488372093,-1.0,0.05813953488372093,-0.06939791341500717
2012,apertura_cierre,25.0,0.0,0.0,25.0,0.0,0.0,1.0,0.0,,0.0,-0.0025247525343064896
2012,debate,152.0,0.0,0.0,152.0,0.0,0.0,1.0,0.0,,0.0,-0.00849461995852814
2012,decision_tpm,35.0,0.0,3.0,32.0,0.0,0.08571428571428572,0.9142857142857143,-0.08571428571428572,-1.0,0.08571428571428572,-0.0992545588900184
2012,escenario_internacional,192.0,0.0,2.0,190.0,0.0,0.010416666666666666,0.9895833333333334,-0.010416666666666666,-1.0,0.010416666666666666,-0.02104976250386878
2012,inflacion,58.0,0.0,0.0,58.0,0.0,0.0,1.0,0.0,,0.0,-0.012962422912700899
2012,mercado_laboral,52.0,0.0,0.0,52.0,0.0,0.0,1.0,0.0,,0.0,-0.007885717408305076
2012,mercados_financieros,76.0,0.0,0.0,76.0,0.0,0.0,1.0,0.0,,0.0,-0.022655484732597275
2012,opciones_tpm,39.0,0.0,0.0,39.0,0.0,0.0,1.0,0.0,,0.0,-0.009807670046763318
2012,otros,1.0,0.0,0.0,1.0,0.0,0.0,1.0,0.0,,0.0,-0.1323842519840947
2012,politica_fiscal,11.0,0.0,0.0,11.0,0.0,0.0,1.0,0.0,,0.0,-0.016164157848497483
2012,riesgos,22.0,0.0,1.0,21.0,0.0,0.045454545454545456,0.9545454545454546,-0.045454545454545456,-1.0,0.045454545454545456,-0.03875812094089684
2013,actividad_interna,30.0,0.0,0.0,30.0,0.0,0.0,1.0,0.0,,0.0,-0.016922328773540895
2013,acuerdo_comunicado,215.0,0.0,41.0,174.0,0.0,0.19069767441860466,0.8093023255813954,-0.19069767441860466,-1.0,0.19069767441860466,-0.16381006279564397
2013,apertura_cierre,12.0,0.0,0.0,12.0,0.0,0.0,1.0,0.0,,0.0,-0.001424149993273423
2013,debate,160.0,0.0,1.0,159.0,0.0,0.00625,0.99375,-0.00625,-1.0,0.00625,-0.012047983255602576
2013,decision_tpm,30.0,0.0,3.0,27.0,0.0,0.1,0.9,-0.1,-1.0,0.1,-0.11577405054843655
2013,escenario_internacional,149.0,1.0,6.0,142.0,0.006711409395973154,0.040268456375838924,0.9530201342281879,-0.03355704697986577,-0.7142857142857143,0.04697986577181208,-0.04716624273879712
2013,inflacion,31.0,0.0,3.0,28.0,0.0,0.0967741935483871,0.9032258064516129,-0.0967741935483871,-1.0,0.0967741935483871,-0.08645622670984243
2013,mercado_laboral,42.0,0.0,0.0,42.0,0.0,0.0,1.0,0.0,,0.0,-0.039552582048876385
2013,mercados_financieros,91.0,0.0,1.0,90.0,0.0,0.01098901098901099,0.989010989010989,-0.01098901098901099,-1.0,0.01098901098901099,-0.04374335593186697
2013,opciones_tpm,48.0,0.0,3.0,45.0,0.0,0.0625,0.9375,-0.0625,-1.0,0.0625,-0.06918474055770105
2013,politica_fiscal,8.0,0.0,0.0,8.0,0.0,0.0,1.0,0.0,,0.0,-0.008013458986961784
2014,actividad_interna,18.0,0.0,0.0,18.0,0.0,0.0,1.0,0.0,,0.0,-0.014597144828743532
2014,acuerdo_comunicado,203.0,1.0,72.0,130.0,0.0049261083743842365,0.35467980295566504,0.6403940886699507,-0.3497536945812808,-0.9726027397260274,0.35960591133004927,-0.26657386541272093
2014,apertura_cierre,13.0,0.0,1.0,12.0,0.0,0.07692307692307693,0.9230769230769231,-0.07692307692307693,-1.0,0.07692307692307693,-0.0436610952884879
2014,debate,154.0,0.0,2.0,152.0,0.0,0.012987012987012988,0.987012987012987,-0.012987012987012988,-1.0,0.012987012987012988,-0.023950699752889118
2014,decision_tpm,33.0,0.0,14.0,19.0,0.0,0.42424242424242425,0.5757575757575758,-0.42424242424242425,-1.0,0.42424242424242425,-0.29111754022175057
2014,escenario_internacional,119.0,0.0,4.0,115.0,0.0,0.03361344537815126,0.9663865546218487,-0.03361344537815126,-1.0,0.03361344537815126,-0.04676920778934463
2014,inflacion,28.0,0.0,2.0,26.0,0.0,0.07142857142857142,0.9285714285714286,-0.07142857142857142,-1.0,0.07142857142857142,-0.0685902885656239
2014,mercado_laboral,34.0,0.0,2.0,32.0,0.0,0.058823529411764705,0.9411764705882353,-0.058823529411764705,-1.0,0.058823529411764705,-0.046787326194397905
2014,mercados_financieros,93.0,0.0,4.0,89.0,0.0,0.043010752688172046,0.956989247311828,-0.043010752688172046,-1.0,0.043010752688172046,-0.06263530931041375
2014,opciones_tpm,52.0,0.0,6.0,46.0,0.0,0.11538461538461539,0.8846153846153846,-0.11538461538461539,-1.0,0.11538461538461539,-0.07634405165174325
2014,politica_fiscal,1.0,0.0,0.0,1.0,0.0,0.0,1.0,0.0,,0.0,-0.009438504052704995
2015,actividad_interna,40.0,0.0,0.0,40.0,0.0,0.0,1.0,0.0,,0.0,-0.01985579529652457
2015,acuerdo_comunicado,140.0,18.0,20.0,102.0,0.12857142857142856,0.14285714285714285,0.7285714285714285,-0.014285714285714285,-0.05263157894736842,0.2714285714285714,-0.0320399836476789
2015,apertura_cierre,17.0,0.0,0.0,17.0,0.0,0.0,1.0,0.0,,0.0,-0.002627655276162211
2015,debate,167.0,0.0,0.0,167.0,0.0,0.0,1.0,0.0,,0.0,-0.00753280698716878
2015,decision_tpm,42.0,5.0,6.0,31.0,0.11904761904761904,0.14285714285714285,0.7380952380952381,-0.023809523809523808,-0.09090909090909091,0.2619047619047619,-0.09416872083946627
2015,escenario_internacional,136.0,0.0,1.0,135.0,0.0,0.007352941176470588,0.9926470588235294,-0.007352941176470588,-1.0,0.007352941176470588,-0.021073714238815988
2015,inflacion,39.0,0.0,0.0,39.0,0.0,0.0,1.0,0.0,,0.0,-0.007803651858204274
2015,mercado_laboral,71.0,0.0,0.0,71.0,0.0,0.0,1.0,0.0,,0.0,-0.010003380945011678
2015,mercados_financieros,108.0,2.0,2.0,104.0,0.018518518518518517,0.018518518518518517,0.9629629629629629,0.0,0.0,0.037037037037037035,-0.02763346163996574
2015,opciones_tpm,45.0,1.0,2.0,42.0,0.022222222222222223,0.044444444444444446,0.9333333333333333,-0.022222222222222223,-0.3333333333333333,0.06666666666666667,-0.013451042113481367
2015,otros,10.0,0.0,0.0,10.0,0.0,0.0,1.0,0.0,,0.0,-0.011294091165088557
2015,politica_fiscal,5.0,0.0,1.0,4.0,0.0,0.2,0.8,-0.2,-1.0,0.2,-0.08990164388573975
2015,riesgos,1.0,0.0,0.0,1.0,0.0,0.0,1.0,0.0,,0.0,0.004620495881270226
