tipo_actor,actor,n_intervenciones,topico_k6,peso_medio,muestra_apta_radar,percentil_0_100,etiqueta_automatica_top5
consejo_institucional,Consejo del Banco Central de Chile,503,tema_k6_01,0.08223858885070563,False,,crecimiento | trimestre | mes | actividad | demanda
hacienda_gobierno,Alberto Arenas de Mesa,21,tema_k6_01,0.31388744374613153,False,,crecimiento | trimestre | mes | actividad | demanda
hacienda_gobierno,Alejandro Micco,12,tema_k6_01,0.45275824595157393,False,,crecimiento | trimestre | mes | actividad | demanda
hacienda_gobierno,Andrés Velasco Brañes,222,tema_k6_01,0.336609305242561,False,,crecimiento | trimestre | mes | actividad | demanda
hacienda_gobierno,Claudio Soto Gamboa,7,tema_k6_01,0.3798602179111605,False,,crecimiento | trimestre | mes | actividad | demanda
hacienda_gobierno,Felipe Larraín Bascuñán,56,tema_k6_01,0.39895322118403653,False,,crecimiento | trimestre | mes | actividad | demanda
hacienda_gobierno,Igal Magendzo Weinberger,4,tema_k6_01,0.45136226976697397,False,,crecimiento | trimestre | mes | actividad | demanda
hacienda_gobierno,Juan Pablo Araya Marco,1,tema_k6_01,0.39080028734491057,False,,crecimiento | trimestre | mes | actividad | demanda
hacienda_gobierno,Julio Dittborn Cordua,2,tema_k6_01,0.47249365328667725,False,,crecimiento | trimestre | mes | actividad | demanda
hacienda_gobierno,Luis Felipe Céspedes Cifuentes,2,tema_k6_01,0.07482387788890264,False,,crecimiento | trimestre | mes | actividad | demanda
hacienda_gobierno,Mario Marcel Cullell,5,tema_k6_01,0.4827234078706225,False,,crecimiento | trimestre | mes | actividad | demanda
hacienda_gobierno,María Olivia Recart Herrera,4,tema_k6_01,0.3948366791937108,False,,crecimiento | trimestre | mes | actividad | demanda
hacienda_gobierno,Miguel Ángel Nacrur Gazali,7,tema_k6_01,0.5283351524700293,False,,crecimiento | trimestre | mes | actividad | demanda
hacienda_gobierno,Nicolás Eyzaguirre Guzmán,78,tema_k6_01,0.35634794628760946,False,,crecimiento | trimestre | mes | actividad | demanda
hacienda_gobierno,Pablo Mattar Oyarzún,1,tema_k6_01,0.24669954975021058,False,,crecimiento | trimestre | mes | actividad | demanda
hacienda_gobierno,Rodrigo Cerda Norambuena,20,tema_k6_01,0.5065143966395664,False,,crecimiento | trimestre | mes | actividad | demanda
hacienda_gobierno,Rodrigo Valdés Pulido,15,tema_k6_01,0.3424638316507726,False,,crecimiento | trimestre | mes | actividad | demanda
hacienda_gobierno,Rodrigo Álvarez Zenteno,1,tema_k6_01,0.3930527850527857,False,,crecimiento | trimestre | mes | actividad | demanda
miembro_consejo,Enrique Marshall Rivera,483,tema_k6_01,0.4784014906629762,True,75.0,crecimiento | trimestre | mes | actividad | demanda
miembro_consejo,Joaquín Vial Ruiz-Tagle,231,tema_k6_01,0.5210777556460511,True,100.0,crecimiento | trimestre | mes | actividad | demanda
miembro_consejo,Jorge Desormeaux Jiménez,221,tema_k6_01,0.43067018698123716,True,50.0,crecimiento | trimestre | mes | actividad | demanda
miembro_consejo,José De Gregorio Rebeco,1047,tema_k6_01,0.33670100671790326,True,25.0,crecimiento | trimestre | mes | actividad | demanda
miembro_consejo,Manuel Marfán Lewis,855,tema_k6_01,0.4354986713912679,True,62.5,crecimiento | trimestre | mes | actividad | demanda
miembro_consejo,Mario Marcel Cullell,10,tema_k6_01,0.44209332354723535,False,,crecimiento | trimestre | mes | actividad | demanda
miembro_consejo,María Elena Ovalle Molina,17,tema_k6_01,0.34155863055835,False,,crecimiento | trimestre | mes | actividad | demanda
miembro_consejo,Pablo García Silva,100,tema_k6_01,0.42124781081282836,True,37.5,crecimiento | trimestre | mes | actividad | demanda
miembro_consejo,Rodrigo Vergara Montes,1026,tema_k6_01,0.286374543101945,True,12.5,crecimiento | trimestre | mes | actividad | demanda
miembro_consejo,Sebastián Claro Edwards,592,tema_k6_01,0.5116822791353318,True,87.5,crecimiento | trimestre | mes | actividad | demanda
miembro_consejo,Vittorio Corbo Lioi,455,tema_k6_01,0.27780370882368155,True,0.0,crecimiento | trimestre | mes | actividad | demanda
staff_tecnico,Alberto Naudon Dell'Oro,116,tema_k6_01,0.40240895318724806,False,,crecimiento | trimestre | mes | actividad | demanda
staff_tecnico,Alfredo Pistelli,2,tema_k6_01,0.41657057744365134,False,,crecimiento | trimestre | mes | actividad | demanda
staff_tecnico,Ari Aisen,1,tema_k6_01,0.26050846489204477,False,,crecimiento | trimestre | mes | actividad | demanda
staff_tecnico,Beltrán de Ramón Acevedo,183,tema_k6_01,0.2767109507945488,False,,crecimiento | trimestre | mes | actividad | demanda
staff_tecnico,Camilo Carrasco Alfonso,4,tema_k6_01,0.3009598287708418,False,,crecimiento | trimestre | mes | actividad | demanda
staff_tecnico,Claudio Raddatz Kiefer,20,tema_k6_01,0.36260193187895845,False,,crecimiento | trimestre | mes | actividad | demanda
staff_tecnico,Claudio Soto Gamboa,801,tema_k6_01,0.6224440340997287,False,,crecimiento | trimestre | mes | actividad | demanda
staff_tecnico,Diego Gianelli Gómez,62,tema_k6_01,0.43587556224186785,False,,crecimiento | trimestre | mes | actividad | demanda
staff_tecnico,Elías Albagli Iruretagoyena,2,tema_k6_01,0.5364704694188778,False,,crecimiento | trimestre | mes | actividad | demanda
staff_tecnico,Enrique Orellana Cifuentes,7,tema_k6_01,0.44010889452726476,False,,crecimiento | trimestre | mes | actividad | demanda
staff_tecnico,Esteban Jadresic Marinovic,87,tema_k6_01,0.2876510427451271,False,,crecimiento | trimestre | mes | actividad | demanda
staff_tecnico,Felipe Jaque,20,tema_k6_01,0.4594391738779836,False,,crecimiento | trimestre | mes | actividad | demanda
staff_tecnico,Gloria Peña Tapia,2,tema_k6_01,0.6640944019480286,False,,crecimiento | trimestre | mes | actividad | demanda
staff_tecnico,Igal Magendzo Weinberger,136,tema_k6_01,0.5438207123155265,False,,crecimiento | trimestre | mes | actividad | demanda
staff_tecnico,Jorge Pérez Etchegaray,3,tema_k6_01,0.2076272906658433,False,,crecimiento | trimestre | mes | actividad | demanda
staff_tecnico,Kevin Cowan Logan,116,tema_k6_01,0.342863560309683,False,,crecimiento | trimestre | mes | actividad | demanda
staff_tecnico,Klaus Schmidt-Hebbel Dunker,40,tema_k6_01,0.267044197340202,False,,crecimiento | trimestre | mes | actividad | demanda
staff_tecnico,Leonardo Hernández Tagle,3,tema_k6_01,0.14569192716989707,False,,crecimiento | trimestre | mes | actividad | demanda
staff_tecnico,Luis Alberto Álvarez Vallejos,2,tema_k6_01,0.17379220679698387,False,,crecimiento | trimestre | mes | actividad | demanda
staff_tecnico,Luis Felipe Céspedes Cifuentes,22,tema_k6_01,0.40766983726496286,False,,crecimiento | trimestre | mes | actividad | demanda
staff_tecnico,Luis Opazo Roco,11,tema_k6_01,0.5360796665514932,False,,crecimiento | trimestre | mes | actividad | demanda
staff_tecnico,Luis Óscar Herrera Barriga,302,tema_k6_01,0.30706944480993953,False,,crecimiento | trimestre | mes | actividad | demanda
staff_tecnico,María Eugenia Wagner Brizzi,1,tema_k6_01,0.3609103017389687,False,,crecimiento | trimestre | mes | actividad | demanda
staff_tecnico,María Olivia Recart Herrera,10,tema_k6_01,0.43574836276263157,False,,crecimiento | trimestre | mes | actividad | demanda
staff_tecnico,Matías Bernier Bórquez,45,tema_k6_01,0.4584739551599109,False,,crecimiento | trimestre | mes | actividad | demanda
staff_tecnico,Miguel Fuentes Díaz,205,tema_k6_01,0.6008179309412548,False,,crecimiento | trimestre | mes | actividad | demanda
staff_tecnico,Miguel Ricaurte Bermúdez,21,tema_k6_01,0.42923666318006554,False,,crecimiento | trimestre | mes | actividad | demanda
staff_tecnico,Pablo García Silva,465,tema_k6_01,0.3428991402993738,False,,crecimiento | trimestre | mes | actividad | demanda
staff_tecnico,Pablo Pincheira Brown,1,tema_k6_01,0.4677733778003618,False,,crecimiento | trimestre | mes | actividad | demanda
staff_tecnico,Ricardo Vicuña Poblete,44,tema_k6_01,0.4725857713590399,False,,crecimiento | trimestre | mes | actividad | demanda
staff_tecnico,Rodrigo Alfaro,1,tema_k6_01,0.5065894177208042,False,,crecimiento | trimestre | mes | actividad | demanda
staff_tecnico,Rodrigo Valdés Pulido,200,tema_k6_01,0.21491598312437823,False,,crecimiento | trimestre | mes | actividad | demanda
staff_tecnico,Sergio Lehmann Beresi,791,tema_k6_01,0.5110529034147155,False,,crecimiento | trimestre | mes | actividad | demanda
consejo_institucional,Consejo del Banco Central de Chile,503,tema_k6_02,0.21610887472003068,False,,division | estudios | division estudios | gerencia | gerencia division
hacienda_gobierno,Alberto Arenas de Mesa,21,tema_k6_02,0.22132850688549827,False,,division | estudios | division estudios | gerencia | gerencia division
hacienda_gobierno,Alejandro Micco,12,tema_k6_02,0.06163958949016296,False,,division | estudios | division estudios | gerencia | gerencia division
hacienda_gobierno,Andrés Velasco Brañes,222,tema_k6_02,0.3391763481632304,False,,division | estudios | division estudios | gerencia | gerencia division
hacienda_gobierno,Claudio Soto Gamboa,7,tema_k6_02,0.3755468200462122,False,,division | estudios | division estudios | gerencia | gerencia division
hacienda_gobierno,Felipe Larraín Bascuñán,56,tema_k6_02,0.07779410166041381,False,,division | estudios | division estudios | gerencia | gerencia division
hacienda_gobierno,Igal Magendzo Weinberger,4,tema_k6_02,0.41243113335197845,False,,division | estudios | division estudios | gerencia | gerencia division
hacienda_gobierno,Juan Pablo Araya Marco,1,tema_k6_02,0.25916432643431414,False,,division | estudios | division estudios | gerencia | gerencia division
hacienda_gobierno,Julio Dittborn Cordua,2,tema_k6_02,0.018650964036178937,False,,division | estudios | division estudios | gerencia | gerencia division
hacienda_gobierno,Luis Felipe Céspedes Cifuentes,2,tema_k6_02,0.2476884942031763,False,,division | estudios | division estudios | gerencia | gerencia division
hacienda_gobierno,Mario Marcel Cullell,5,tema_k6_02,0.2008012008401084,False,,division | estudios | division estudios | gerencia | gerencia division
hacienda_gobierno,María Olivia Recart Herrera,4,tema_k6_02,0.12609674411790062,False,,division | estudios | division estudios | gerencia | gerencia division
hacienda_gobierno,Miguel Ángel Nacrur Gazali,7,tema_k6_02,0.08594284965826403,False,,division | estudios | division estudios | gerencia | gerencia division
hacienda_gobierno,Nicolás Eyzaguirre Guzmán,78,tema_k6_02,0.3140887864090557,False,,division | estudios | division estudios | gerencia | gerencia division
hacienda_gobierno,Pablo Mattar Oyarzún,1,tema_k6_02,0.3758541473855902,False,,division | estudios | division estudios | gerencia | gerencia division
hacienda_gobierno,Rodrigo Cerda Norambuena,20,tema_k6_02,0.28491516208734985,False,,division | estudios | division estudios | gerencia | gerencia division
hacienda_gobierno,Rodrigo Valdés Pulido,15,tema_k6_02,0.19641922912713977,False,,division | estudios | division estudios | gerencia | gerencia division
hacienda_gobierno,Rodrigo Álvarez Zenteno,1,tema_k6_02,0.09389510241107347,False,,division | estudios | division estudios | gerencia | gerencia division
miembro_consejo,Enrique Marshall Rivera,483,tema_k6_02,0.0645569373045204,True,25.0,division | estudios | division estudios | gerencia | gerencia division
miembro_consejo,Joaquín Vial Ruiz-Tagle,231,tema_k6_02,0.0785592843760907,True,37.5,division | estudios | division estudios | gerencia | gerencia division
miembro_consejo,Jorge Desormeaux Jiménez,221,tema_k6_02,0.0796166690405223,True,50.0,division | estudios | division estudios | gerencia | gerencia division
miembro_consejo,José De Gregorio Rebeco,1047,tema_k6_02,0.2592423426660832,True,75.0,division | estudios | division estudios | gerencia | gerencia division
miembro_consejo,Manuel Marfán Lewis,855,tema_k6_02,0.05695470233867202,True,12.5,division | estudios | division estudios | gerencia | gerencia division
miembro_consejo,Mario Marcel Cullell,10,tema_k6_02,0.03655614508737395,False,,division | estudios | division estudios | gerencia | gerencia division
miembro_consejo,María Elena Ovalle Molina,17,tema_k6_02,0.07258424463761812,False,,division | estudios | division estudios | gerencia | gerencia division
miembro_consejo,Pablo García Silva,100,tema_k6_02,0.09035772355065093,True,62.5,division | estudios | division estudios | gerencia | gerencia division
miembro_consejo,Rodrigo Vergara Montes,1026,tema_k6_02,0.3741343921700948,True,100.0,division | estudios | division estudios | gerencia | gerencia division
miembro_consejo,Sebastián Claro Edwards,592,tema_k6_02,0.042842914652299974,True,0.0,division | estudios | division estudios | gerencia | gerencia division
miembro_consejo,Vittorio Corbo Lioi,455,tema_k6_02,0.2966333878454021,True,87.5,division | estudios | division estudios | gerencia | gerencia division
staff_tecnico,Alberto Naudon Dell'Oro,116,tema_k6_02,0.1978126581586201,False,,division | estudios | division estudios | gerencia | gerencia division
staff_tecnico,Alfredo Pistelli,2,tema_k6_02,0.0035416223268320093,False,,division | estudios | division estudios | gerencia | gerencia division
staff_tecnico,Ari Aisen,1,tema_k6_02,0.2851859700229158,False,,division | estudios | division estudios | gerencia | gerencia division
staff_tecnico,Beltrán de Ramón Acevedo,183,tema_k6_02,0.24260973520680457,False,,division | estudios | division estudios | gerencia | gerencia division
staff_tecnico,Camilo Carrasco Alfonso,4,tema_k6_02,0.05378918219539205,False,,division | estudios | division estudios | gerencia | gerencia division
staff_tecnico,Claudio Raddatz Kiefer,20,tema_k6_02,0.2053810008149619,False,,division | estudios | division estudios | gerencia | gerencia division
staff_tecnico,Claudio Soto Gamboa,801,tema_k6_02,0.04091637121456126,False,,division | estudios | division estudios | gerencia | gerencia division
staff_tecnico,Diego Gianelli Gómez,62,tema_k6_02,0.03394251855040044,False,,division | estudios | division estudios | gerencia | gerencia division
staff_tecnico,Elías Albagli Iruretagoyena,2,tema_k6_02,0.03628399739986656,False,,division | estudios | division estudios | gerencia | gerencia division
staff_tecnico,Enrique Orellana Cifuentes,7,tema_k6_02,0.034675536815656736,False,,division | estudios | division estudios | gerencia | gerencia division
staff_tecnico,Esteban Jadresic Marinovic,87,tema_k6_02,0.29127492254475956,False,,division | estudios | division estudios | gerencia | gerencia division
staff_tecnico,Felipe Jaque,20,tema_k6_02,0.028847651403495468,False,,division | estudios | division estudios | gerencia | gerencia division
staff_tecnico,Gloria Peña Tapia,2,tema_k6_02,0.18068412031822484,False,,division | estudios | division estudios | gerencia | gerencia division
staff_tecnico,Igal Magendzo Weinberger,136,tema_k6_02,0.0681232111557207,False,,division | estudios | division estudios | gerencia | gerencia division
staff_tecnico,Jorge Pérez Etchegaray,3,tema_k6_02,0.015495632354352988,False,,division | estudios | division estudios | gerencia | gerencia division
staff_tecnico,Kevin Cowan Logan,116,tema_k6_02,0.26186030243341646,False,,division | estudios | division estudios | gerencia | gerencia division
staff_tecnico,Klaus Schmidt-Hebbel Dunker,40,tema_k6_02,0.03924079860673745,False,,division | estudios | division estudios | gerencia | gerencia division
staff_tecnico,Leonardo Hernández Tagle,3,tema_k6_02,0.11802116383694981,False,,division | estudios | division estudios | gerencia | gerencia division
staff_tecnico,Luis Alberto Álvarez Vallejos,2,tema_k6_02,0.19370276717403134,False,,division | estudios | division estudios | gerencia | gerencia division
staff_tecnico,Luis Felipe Céspedes Cifuentes,22,tema_k6_02,0.05505216754703248,False,,division | estudios | division estudios | gerencia | gerencia division
staff_tecnico,Luis Opazo Roco,11,tema_k6_02,0.20189134627350047,False,,division | estudios | division estudios | gerencia | gerencia division
staff_tecnico,Luis Óscar Herrera Barriga,302,tema_k6_02,0.3096425254610338,False,,division | estudios | division estudios | gerencia | gerencia division
staff_tecnico,María Eugenia Wagner Brizzi,1,tema_k6_02,0.007122495415169115,False,,division | estudios | division estudios | gerencia | gerencia division
staff_tecnico,María Olivia Recart Herrera,10,tema_k6_02,0.28739760214402477,False,,division | estudios | division estudios | gerencia | gerencia division
staff_tecnico,Matías Bernier Bórquez,45,tema_k6_02,0.07669795238762511,False,,division | estudios | division estudios | gerencia | gerencia division
staff_tecnico,Miguel Fuentes Díaz,205,tema_k6_02,0.030410989067862108,False,,division | estudios | division estudios | gerencia | gerencia division
staff_tecnico,Miguel Ricaurte Bermúdez,21,tema_k6_02,0.026119975072861252,False,,division | estudios | division estudios | gerencia | gerencia division
staff_tecnico,Pablo García Silva,465,tema_k6_02,0.2788116776704045,False,,division | estudios | division estudios | gerencia | gerencia division
staff_tecnico,Pablo Pincheira Brown,1,tema_k6_02,0.03383256089461001,False,,division | estudios | division estudios | gerencia | gerencia division
staff_tecnico,Ricardo Vicuña Poblete,44,tema_k6_02,0.35946596758221305,False,,division | estudios | division estudios | gerencia | gerencia division
staff_tecnico,Rodrigo Alfaro,1,tema_k6_02,0.24939518122916896,False,,division | estudios | division estudios | gerencia | gerencia division
staff_tecnico,Rodrigo Valdés Pulido,200,tema_k6_02,0.4703384361503052,False,,division | estudios | division estudios | gerencia | gerencia division
staff_tecnico,Sergio Lehmann Beresi,791,tema_k6_02,0.03900613896080712,False,,division | estudios | division estudios | gerencia | gerencia division
consejo_institucional,Consejo del Banco Central de Chile,503,tema_k6_03,0.06389681174634293,False,,inflacion | plazo | expectativas | cambio | tipo
hacienda_gobierno,Alberto Arenas de Mesa,21,tema_k6_03,0.20310374742011353,False,,inflacion | plazo | expectativas | cambio | tipo
hacienda_gobierno,Alejandro Micco,12,tema_k6_03,0.25790032529623247,False,,inflacion | plazo | expectativas | cambio | tipo
hacienda_gobierno,Andrés Velasco Brañes,222,tema_k6_03,0.1631352795106432,False,,inflacion | plazo | expectativas | cambio | tipo
hacienda_gobierno,Claudio Soto Gamboa,7,tema_k6_03,0.19335698054507214,False,,inflacion | plazo | expectativas | cambio | tipo
hacienda_gobierno,Felipe Larraín Bascuñán,56,tema_k6_03,0.21025111837261945,False,,inflacion | plazo | expectativas | cambio | tipo
hacienda_gobierno,Igal Magendzo Weinberger,4,tema_k6_03,0.05840553578118766,False,,inflacion | plazo | expectativas | cambio | tipo
hacienda_gobierno,Juan Pablo Araya Marco,1,tema_k6_03,0.06523539751022785,False,,inflacion | plazo | expectativas | cambio | tipo
hacienda_gobierno,Julio Dittborn Cordua,2,tema_k6_03,0.20593994489416467,False,,inflacion | plazo | expectativas | cambio | tipo
hacienda_gobierno,Luis Felipe Céspedes Cifuentes,2,tema_k6_03,0.3363948954342213,False,,inflacion | plazo | expectativas | cambio | tipo
hacienda_gobierno,Mario Marcel Cullell,5,tema_k6_03,0.16849725091609016,False,,inflacion | plazo | expectativas | cambio | tipo
hacienda_gobierno,María Olivia Recart Herrera,4,tema_k6_03,0.28094463444737017,False,,inflacion | plazo | expectativas | cambio | tipo
hacienda_gobierno,Miguel Ángel Nacrur Gazali,7,tema_k6_03,0.11798299628637283,False,,inflacion | plazo | expectativas | cambio | tipo
hacienda_gobierno,Nicolás Eyzaguirre Guzmán,78,tema_k6_03,0.16491118730542567,False,,inflacion | plazo | expectativas | cambio | tipo
hacienda_gobierno,Pablo Mattar Oyarzún,1,tema_k6_03,0.0,False,,inflacion | plazo | expectativas | cambio | tipo
hacienda_gobierno,Rodrigo Cerda Norambuena,20,tema_k6_03,0.11654358284449948,False,,inflacion | plazo | expectativas | cambio | tipo
hacienda_gobierno,Rodrigo Valdés Pulido,15,tema_k6_03,0.2341795846264399,False,,inflacion | plazo | expectativas | cambio | tipo
hacienda_gobierno,Rodrigo Álvarez Zenteno,1,tema_k6_03,0.3897422717872242,False,,inflacion | plazo | expectativas | cambio | tipo
miembro_consejo,Enrique Marshall Rivera,483,tema_k6_03,0.1906474522409422,True,50.0,inflacion | plazo | expectativas | cambio | tipo
miembro_consejo,Joaquín Vial Ruiz-Tagle,231,tema_k6_03,0.21424047864712917,True,62.5,inflacion | plazo | expectativas | cambio | tipo
miembro_consejo,Jorge Desormeaux Jiménez,221,tema_k6_03,0.18773488134881916,True,37.5,inflacion | plazo | expectativas | cambio | tipo
miembro_consejo,José De Gregorio Rebeco,1047,tema_k6_03,0.1428479139583491,True,25.0,inflacion | plazo | expectativas | cambio | tipo
miembro_consejo,Manuel Marfán Lewis,855,tema_k6_03,0.23506409319078272,True,87.5,inflacion | plazo | expectativas | cambio | tipo
miembro_consejo,Mario Marcel Cullell,10,tema_k6_03,0.2948514503549952,False,,inflacion | plazo | expectativas | cambio | tipo
miembro_consejo,María Elena Ovalle Molina,17,tema_k6_03,0.23245215602860983,False,,inflacion | plazo | expectativas | cambio | tipo
miembro_consejo,Pablo García Silva,100,tema_k6_03,0.255089085427605,True,100.0,inflacion | plazo | expectativas | cambio | tipo
miembro_consejo,Rodrigo Vergara Montes,1026,tema_k6_03,0.08195963420847069,True,0.0,inflacion | plazo | expectativas | cambio | tipo
miembro_consejo,Sebastián Claro Edwards,592,tema_k6_03,0.21585300556525616,True,75.0,inflacion | plazo | expectativas | cambio | tipo
miembro_consejo,Vittorio Corbo Lioi,455,tema_k6_03,0.09482612046876203,True,12.5,inflacion | plazo | expectativas | cambio | tipo
staff_tecnico,Alberto Naudon Dell'Oro,116,tema_k6_03,0.2400986754647942,False,,inflacion | plazo | expectativas | cambio | tipo
staff_tecnico,Alfredo Pistelli,2,tema_k6_03,0.15731064074619505,False,,inflacion | plazo | expectativas | cambio | tipo
staff_tecnico,Ari Aisen,1,tema_k6_03,0.34219452872977835,False,,inflacion | plazo | expectativas | cambio | tipo
staff_tecnico,Beltrán de Ramón Acevedo,183,tema_k6_03,0.2009298660175071,False,,inflacion | plazo | expectativas | cambio | tipo
staff_tecnico,Camilo Carrasco Alfonso,4,tema_k6_03,0.12034921998496424,False,,inflacion | plazo | expectativas | cambio | tipo
staff_tecnico,Claudio Raddatz Kiefer,20,tema_k6_03,0.19203845227509053,False,,inflacion | plazo | expectativas | cambio | tipo
staff_tecnico,Claudio Soto Gamboa,801,tema_k6_03,0.2229875840592006,False,,inflacion | plazo | expectativas | cambio | tipo
staff_tecnico,Diego Gianelli Gómez,62,tema_k6_03,0.15822493284016853,False,,inflacion | plazo | expectativas | cambio | tipo
staff_tecnico,Elías Albagli Iruretagoyena,2,tema_k6_03,0.14334189741446032,False,,inflacion | plazo | expectativas | cambio | tipo
staff_tecnico,Enrique Orellana Cifuentes,7,tema_k6_03,0.12142233236097584,False,,inflacion | plazo | expectativas | cambio | tipo
staff_tecnico,Esteban Jadresic Marinovic,87,tema_k6_03,0.17578503173566098,False,,inflacion | plazo | expectativas | cambio | tipo
staff_tecnico,Felipe Jaque,20,tema_k6_03,0.16707252584340537,False,,inflacion | plazo | expectativas | cambio | tipo
staff_tecnico,Gloria Peña Tapia,2,tema_k6_03,0.04958834424002583,False,,inflacion | plazo | expectativas | cambio | tipo
staff_tecnico,Igal Magendzo Weinberger,136,tema_k6_03,0.23191668294797033,False,,inflacion | plazo | expectativas | cambio | tipo
staff_tecnico,Jorge Pérez Etchegaray,3,tema_k6_03,0.24007686172962509,False,,inflacion | plazo | expectativas | cambio | tipo
staff_tecnico,Kevin Cowan Logan,116,tema_k6_03,0.10759016438833181,False,,inflacion | plazo | expectativas | cambio | tipo
staff_tecnico,Klaus Schmidt-Hebbel Dunker,40,tema_k6_03,0.23806478094206981,False,,inflacion | plazo | expectativas | cambio | tipo
staff_tecnico,Leonardo Hernández Tagle,3,tema_k6_03,0.18439457041477328,False,,inflacion | plazo | expectativas | cambio | tipo
staff_tecnico,Luis Alberto Álvarez Vallejos,2,tema_k6_03,0.2537010373675842,False,,inflacion | plazo | expectativas | cambio | tipo
staff_tecnico,Luis Felipe Céspedes Cifuentes,22,tema_k6_03,0.2494459838173377,False,,inflacion | plazo | expectativas | cambio | tipo
staff_tecnico,Luis Opazo Roco,11,tema_k6_03,0.1375652474180215,False,,inflacion | plazo | expectativas | cambio | tipo
staff_tecnico,Luis Óscar Herrera Barriga,302,tema_k6_03,0.17376698900736431,False,,inflacion | plazo | expectativas | cambio | tipo
staff_tecnico,María Eugenia Wagner Brizzi,1,tema_k6_03,0.2830643193083478,False,,inflacion | plazo | expectativas | cambio | tipo
staff_tecnico,María Olivia Recart Herrera,10,tema_k6_03,0.10552144232977387,False,,inflacion | plazo | expectativas | cambio | tipo
staff_tecnico,Matías Bernier Bórquez,45,tema_k6_03,0.23204489453220042,False,,inflacion | plazo | expectativas | cambio | tipo
staff_tecnico,Miguel Fuentes Díaz,205,tema_k6_03,0.23434659000946947,False,,inflacion | plazo | expectativas | cambio | tipo
staff_tecnico,Miguel Ricaurte Bermúdez,21,tema_k6_03,0.18344539894558842,False,,inflacion | plazo | expectativas | cambio | tipo
staff_tecnico,Pablo García Silva,465,tema_k6_03,0.1914557976493779,False,,inflacion | plazo | expectativas | cambio | tipo
staff_tecnico,Pablo Pincheira Brown,1,tema_k6_03,0.46772169897986426,False,,inflacion | plazo | expectativas | cambio | tipo
staff_tecnico,Ricardo Vicuña Poblete,44,tema_k6_03,0.08627487920357364,False,,inflacion | plazo | expectativas | cambio | tipo
staff_tecnico,Rodrigo Alfaro,1,tema_k6_03,0.08335971649109541,False,,inflacion | plazo | expectativas | cambio | tipo
staff_tecnico,Rodrigo Valdés Pulido,200,tema_k6_03,0.14517404677080062,False,,inflacion | plazo | expectativas | cambio | tipo
staff_tecnico,Sergio Lehmann Beresi,791,tema_k6_03,0.1297722085294959,False,,inflacion | plazo | expectativas | cambio | tipo
consejo_institucional,Consejo del Banco Central de Chile,503,tema_k6_04,0.5430322250128682,False,,politica | monetaria | politica monetaria | tasa | tasa politica
hacienda_gobierno,Alberto Arenas de Mesa,21,tema_k6_04,0.14453612202424004,False,,politica | monetaria | politica monetaria | tasa | tasa politica
hacienda_gobierno,Alejandro Micco,12,tema_k6_04,0.14798350707289826,False,,politica | monetaria | politica monetaria | tasa | tasa politica
hacienda_gobierno,Andrés Velasco Brañes,222,tema_k6_04,0.08214067488980759,False,,politica | monetaria | politica monetaria | tasa | tasa politica
hacienda_gobierno,Claudio Soto Gamboa,7,tema_k6_04,0.002912140420709084,False,,politica | monetaria | politica monetaria | tasa | tasa politica
hacienda_gobierno,Felipe Larraín Bascuñán,56,tema_k6_04,0.15157872229711833,False,,politica | monetaria | politica monetaria | tasa | tasa politica
hacienda_gobierno,Igal Magendzo Weinberger,4,tema_k6_04,0.0071011497525308555,False,,politica | monetaria | politica monetaria | tasa | tasa politica
hacienda_gobierno,Juan Pablo Araya Marco,1,tema_k6_04,0.20552017374075895,False,,politica | monetaria | politica monetaria | tasa | tasa politica
hacienda_gobierno,Julio Dittborn Cordua,2,tema_k6_04,0.12511268864584132,False,,politica | monetaria | politica monetaria | tasa | tasa politica
hacienda_gobierno,Luis Felipe Céspedes Cifuentes,2,tema_k6_04,0.32699115123610184,False,,politica | monetaria | politica monetaria | tasa | tasa politica
hacienda_gobierno,Mario Marcel Cullell,5,tema_k6_04,0.04678715404742628,False,,politica | monetaria | politica monetaria | tasa | tasa politica
hacienda_gobierno,María Olivia Recart Herrera,4,tema_k6_04,0.18066288446707762,False,,politica | monetaria | politica monetaria | tasa | tasa politica
hacienda_gobierno,Miguel Ángel Nacrur Gazali,7,tema_k6_04,0.1509750363799028,False,,politica | monetaria | politica monetaria | tasa | tasa politica
hacienda_gobierno,Nicolás Eyzaguirre Guzmán,78,tema_k6_04,0.06915488513816286,False,,politica | monetaria | politica monetaria | tasa | tasa politica
hacienda_gobierno,Pablo Mattar Oyarzún,1,tema_k6_04,0.307370480475644,False,,politica | monetaria | politica monetaria | tasa | tasa politica
hacienda_gobierno,Rodrigo Cerda Norambuena,20,tema_k6_04,0.013199168810086096,False,,politica | monetaria | politica monetaria | tasa | tasa politica
hacienda_gobierno,Rodrigo Valdés Pulido,15,tema_k6_04,0.12139084650366332,False,,politica | monetaria | politica monetaria | tasa | tasa politica
hacienda_gobierno,Rodrigo Álvarez Zenteno,1,tema_k6_04,0.07697418352805063,False,,politica | monetaria | politica monetaria | tasa | tasa politica
miembro_consejo,Enrique Marshall Rivera,483,tema_k6_04,0.10422148991542693,True,50.0,politica | monetaria | politica monetaria | tasa | tasa politica
miembro_consejo,Joaquín Vial Ruiz-Tagle,231,tema_k6_04,0.04833604789380199,True,0.0,politica | monetaria | politica monetaria | tasa | tasa politica
miembro_consejo,Jorge Desormeaux Jiménez,221,tema_k6_04,0.0972938943186624,True,37.5,politica | monetaria | politica monetaria | tasa | tasa politica
miembro_consejo,José De Gregorio Rebeco,1047,tema_k6_04,0.13998123447301086,True,75.0,politica | monetaria | politica monetaria | tasa | tasa politica
miembro_consejo,Manuel Marfán Lewis,855,tema_k6_04,0.11714521267003504,True,62.5,politica | monetaria | politica monetaria | tasa | tasa politica
miembro_consejo,Mario Marcel Cullell,10,tema_k6_04,0.14050491935222126,False,,politica | monetaria | politica monetaria | tasa | tasa politica
miembro_consejo,María Elena Ovalle Molina,17,tema_k6_04,0.23012236141446007,False,,politica | monetaria | politica monetaria | tasa | tasa politica
miembro_consejo,Pablo García Silva,100,tema_k6_04,0.08347101518174113,True,25.0,politica | monetaria | politica monetaria | tasa | tasa politica
miembro_consejo,Rodrigo Vergara Montes,1026,tema_k6_04,0.1544504878054983,True,87.5,politica | monetaria | politica monetaria | tasa | tasa politica
miembro_consejo,Sebastián Claro Edwards,592,tema_k6_04,0.06883872439133266,True,12.5,politica | monetaria | politica monetaria | tasa | tasa politica
miembro_consejo,Vittorio Corbo Lioi,455,tema_k6_04,0.1832467518731779,True,100.0,politica | monetaria | politica monetaria | tasa | tasa politica
staff_tecnico,Alberto Naudon Dell'Oro,116,tema_k6_04,0.041987597307571706,False,,politica | monetaria | politica monetaria | tasa | tasa politica
staff_tecnico,Alfredo Pistelli,2,tema_k6_04,0.057332290656654405,False,,politica | monetaria | politica monetaria | tasa | tasa politica
staff_tecnico,Ari Aisen,1,tema_k6_04,0.01011635066094665,False,,politica | monetaria | politica monetaria | tasa | tasa politica
staff_tecnico,Beltrán de Ramón Acevedo,183,tema_k6_04,0.07206900913733547,False,,politica | monetaria | politica monetaria | tasa | tasa politica
staff_tecnico,Camilo Carrasco Alfonso,4,tema_k6_04,0.33727573633983404,False,,politica | monetaria | politica monetaria | tasa | tasa politica
staff_tecnico,Claudio Raddatz Kiefer,20,tema_k6_04,0.09438087438062623,False,,politica | monetaria | politica monetaria | tasa | tasa politica
staff_tecnico,Claudio Soto Gamboa,801,tema_k6_04,0.0387083053281764,False,,politica | monetaria | politica monetaria | tasa | tasa politica
staff_tecnico,Diego Gianelli Gómez,62,tema_k6_04,0.07365230244246772,False,,politica | monetaria | politica monetaria | tasa | tasa politica
staff_tecnico,Elías Albagli Iruretagoyena,2,tema_k6_04,0.0,False,,politica | monetaria | politica monetaria | tasa | tasa politica
staff_tecnico,Enrique Orellana Cifuentes,7,tema_k6_04,0.3794229122506937,False,,politica | monetaria | politica monetaria | tasa | tasa politica
staff_tecnico,Esteban Jadresic Marinovic,87,tema_k6_04,0.07890645207412618,False,,politica | monetaria | politica monetaria | tasa | tasa politica
staff_tecnico,Felipe Jaque,20,tema_k6_04,0.036218623468592163,False,,politica | monetaria | politica monetaria | tasa | tasa politica
staff_tecnico,Gloria Peña Tapia,2,tema_k6_04,0.08465101497385287,False,,politica | monetaria | politica monetaria | tasa | tasa politica
staff_tecnico,Igal Magendzo Weinberger,136,tema_k6_04,0.07171112829663083,False,,politica | monetaria | politica monetaria | tasa | tasa politica
staff_tecnico,Jorge Pérez Etchegaray,3,tema_k6_04,0.18347298187304376,False,,politica | monetaria | politica monetaria | tasa | tasa politica
staff_tecnico,Kevin Cowan Logan,116,tema_k6_04,0.12319941270923157,False,,politica | monetaria | politica monetaria | tasa | tasa politica
staff_tecnico,Klaus Schmidt-Hebbel Dunker,40,tema_k6_04,0.1724168306489357,False,,politica | monetaria | politica monetaria | tasa | tasa politica
staff_tecnico,Leonardo Hernández Tagle,3,tema_k6_04,0.3680158139802894,False,,politica | monetaria | politica monetaria | tasa | tasa politica
staff_tecnico,Luis Alberto Álvarez Vallejos,2,tema_k6_04,0.3042042205330513,False,,politica | monetaria | politica monetaria | tasa | tasa politica
staff_tecnico,Luis Felipe Céspedes Cifuentes,22,tema_k6_04,0.13118166645025653,False,,politica | monetaria | politica monetaria | tasa | tasa politica
staff_tecnico,Luis Opazo Roco,11,tema_k6_04,0.07225752959409854,False,,politica | monetaria | politica monetaria | tasa | tasa politica
staff_tecnico,Luis Óscar Herrera Barriga,302,tema_k6_04,0.09337423246556609,False,,politica | monetaria | politica monetaria | tasa | tasa politica
staff_tecnico,María Eugenia Wagner Brizzi,1,tema_k6_04,0.15066646717984208,False,,politica | monetaria | politica monetaria | tasa | tasa politica
staff_tecnico,María Olivia Recart Herrera,10,tema_k6_04,0.09388035780742146,False,,politica | monetaria | politica monetaria | tasa | tasa politica
staff_tecnico,Matías Bernier Bórquez,45,tema_k6_04,0.0810716314995063,False,,politica | monetaria | politica monetaria | tasa | tasa politica
staff_tecnico,Miguel Fuentes Díaz,205,tema_k6_04,0.027968224719150572,False,,politica | monetaria | politica monetaria | tasa | tasa politica
staff_tecnico,Miguel Ricaurte Bermúdez,21,tema_k6_04,0.04342576607715809,False,,politica | monetaria | politica monetaria | tasa | tasa politica
staff_tecnico,Pablo García Silva,465,tema_k6_04,0.09138595207367944,False,,politica | monetaria | politica monetaria | tasa | tasa politica
staff_tecnico,Pablo Pincheira Brown,1,tema_k6_04,0.0009991880014203634,False,,politica | monetaria | politica monetaria | tasa | tasa politica
staff_tecnico,Ricardo Vicuña Poblete,44,tema_k6_04,0.012842885908705848,False,,politica | monetaria | politica monetaria | tasa | tasa politica
staff_tecnico,Rodrigo Alfaro,1,tema_k6_04,0.04232199378280941,False,,politica | monetaria | politica monetaria | tasa | tasa politica
staff_tecnico,Rodrigo Valdés Pulido,200,tema_k6_04,0.07819771143596808,False,,politica | monetaria | politica monetaria | tasa | tasa politica
staff_tecnico,Sergio Lehmann Beresi,791,tema_k6_04,0.05085259905922423,False,,politica | monetaria | politica monetaria | tasa | tasa politica
consejo_institucional,Consejo del Banco Central de Chile,503,tema_k6_05,0.0143087047019252,False,,estados | unidos | estados unidos | america | unidos america
hacienda_gobierno,Alberto Arenas de Mesa,21,tema_k6_05,0.06928352522679418,False,,estados | unidos | estados unidos | america | unidos america
hacienda_gobierno,Alejandro Micco,12,tema_k6_05,0.050951405040919245,False,,estados | unidos | estados unidos | america | unidos america
hacienda_gobierno,Andrés Velasco Brañes,222,tema_k6_05,0.0393614634094415,False,,estados | unidos | estados unidos | america | unidos america
hacienda_gobierno,Claudio Soto Gamboa,7,tema_k6_05,0.0,False,,estados | unidos | estados unidos | america | unidos america
hacienda_gobierno,Felipe Larraín Bascuñán,56,tema_k6_05,0.0945406875123705,False,,estados | unidos | estados unidos | america | unidos america
hacienda_gobierno,Igal Magendzo Weinberger,4,tema_k6_05,0.006522575640187859,False,,estados | unidos | estados unidos | america | unidos america
hacienda_gobierno,Juan Pablo Araya Marco,1,tema_k6_05,0.07927981496978853,False,,estados | unidos | estados unidos | america | unidos america
hacienda_gobierno,Julio Dittborn Cordua,2,tema_k6_05,0.12551273838230426,False,,estados | unidos | estados unidos | america | unidos america
hacienda_gobierno,Luis Felipe Céspedes Cifuentes,2,tema_k6_05,0.0033105527668866558,False,,estados | unidos | estados unidos | america | unidos america
hacienda_gobierno,Mario Marcel Cullell,5,tema_k6_05,0.00843408043874636,False,,estados | unidos | estados unidos | america | unidos america
hacienda_gobierno,María Olivia Recart Herrera,4,tema_k6_05,0.009556418046275704,False,,estados | unidos | estados unidos | america | unidos america
hacienda_gobierno,Miguel Ángel Nacrur Gazali,7,tema_k6_05,0.0911530278886664,False,,estados | unidos | estados unidos | america | unidos america
hacienda_gobierno,Nicolás Eyzaguirre Guzmán,78,tema_k6_05,0.05679040175979617,False,,estados | unidos | estados unidos | america | unidos america
hacienda_gobierno,Pablo Mattar Oyarzún,1,tema_k6_05,0.07007582238855528,False,,estados | unidos | estados unidos | america | unidos america
hacienda_gobierno,Rodrigo Cerda Norambuena,20,tema_k6_05,0.00300777019154131,False,,estados | unidos | estados unidos | america | unidos america
hacienda_gobierno,Rodrigo Valdés Pulido,15,tema_k6_05,0.037213647162619726,False,,estados | unidos | estados unidos | america | unidos america
hacienda_gobierno,Rodrigo Álvarez Zenteno,1,tema_k6_05,0.015786459378217883,False,,estados | unidos | estados unidos | america | unidos america
miembro_consejo,Enrique Marshall Rivera,483,tema_k6_05,0.09331080606907872,True,62.5,estados | unidos | estados unidos | america | unidos america
miembro_consejo,Joaquín Vial Ruiz-Tagle,231,tema_k6_05,0.0936275142971101,True,75.0,estados | unidos | estados unidos | america | unidos america
miembro_consejo,Jorge Desormeaux Jiménez,221,tema_k6_05,0.12938605561627964,True,100.0,estados | unidos | estados unidos | america | unidos america
miembro_consejo,José De Gregorio Rebeco,1047,tema_k6_05,0.048752247636601874,True,12.5,estados | unidos | estados unidos | america | unidos america
miembro_consejo,Manuel Marfán Lewis,855,tema_k6_05,0.08732469914482623,True,50.0,estados | unidos | estados unidos | america | unidos america
miembro_consejo,Mario Marcel Cullell,10,tema_k6_05,0.06650100843134651,False,,estados | unidos | estados unidos | america | unidos america
miembro_consejo,María Elena Ovalle Molina,17,tema_k6_05,0.005955747061657977,False,,estados | unidos | estados unidos | america | unidos america
miembro_consejo,Pablo García Silva,100,tema_k6_05,0.06830874749118193,True,37.5,estados | unidos | estados unidos | america | unidos america
miembro_consejo,Rodrigo Vergara Montes,1026,tema_k6_05,0.04203937509938797,True,0.0,estados | unidos | estados unidos | america | unidos america
miembro_consejo,Sebastián Claro Edwards,592,tema_k6_05,0.10733962640896642,True,87.5,estados | unidos | estados unidos | america | unidos america
miembro_consejo,Vittorio Corbo Lioi,455,tema_k6_05,0.056655668177232624,True,25.0,estados | unidos | estados unidos | america | unidos america
staff_tecnico,Alberto Naudon Dell'Oro,116,tema_k6_05,0.06214109284793726,False,,estados | unidos | estados unidos | america | unidos america
staff_tecnico,Alfredo Pistelli,2,tema_k6_05,0.34347515482274626,False,,estados | unidos | estados unidos | america | unidos america
staff_tecnico,Ari Aisen,1,tema_k6_05,0.10199468569431444,False,,estados | unidos | estados unidos | america | unidos america
staff_tecnico,Beltrán de Ramón Acevedo,183,tema_k6_05,0.07454199203787505,False,,estados | unidos | estados unidos | america | unidos america
staff_tecnico,Camilo Carrasco Alfonso,4,tema_k6_05,0.02203090902346109,False,,estados | unidos | estados unidos | america | unidos america
staff_tecnico,Claudio Raddatz Kiefer,20,tema_k6_05,0.09816911920846622,False,,estados | unidos | estados unidos | america | unidos america
staff_tecnico,Claudio Soto Gamboa,801,tema_k6_05,0.012178830479954753,False,,estados | unidos | estados unidos | america | unidos america
staff_tecnico,Diego Gianelli Gómez,62,tema_k6_05,0.23025497376688114,False,,estados | unidos | estados unidos | america | unidos america
staff_tecnico,Elías Albagli Iruretagoyena,2,tema_k6_05,0.025547771024587503,False,,estados | unidos | estados unidos | america | unidos america
staff_tecnico,Enrique Orellana Cifuentes,7,tema_k6_05,0.008309883103705094,False,,estados | unidos | estados unidos | america | unidos america
staff_tecnico,Esteban Jadresic Marinovic,87,tema_k6_05,0.09264367586494915,False,,estados | unidos | estados unidos | america | unidos america
staff_tecnico,Felipe Jaque,20,tema_k6_05,0.23360732847468837,False,,estados | unidos | estados unidos | america | unidos america
staff_tecnico,Gloria Peña Tapia,2,tema_k6_05,0.0,False,,estados | unidos | estados unidos | america | unidos america
staff_tecnico,Igal Magendzo Weinberger,136,tema_k6_05,0.02086817771234863,False,,estados | unidos | estados unidos | america | unidos america
staff_tecnico,Jorge Pérez Etchegaray,3,tema_k6_05,0.25276424103937384,False,,estados | unidos | estados unidos | america | unidos america
staff_tecnico,Kevin Cowan Logan,116,tema_k6_05,0.08950357587296098,False,,estados | unidos | estados unidos | america | unidos america
staff_tecnico,Klaus Schmidt-Hebbel Dunker,40,tema_k6_05,0.07805363638190622,False,,estados | unidos | estados unidos | america | unidos america
staff_tecnico,Leonardo Hernández Tagle,3,tema_k6_05,0.006733292476893722,False,,estados | unidos | estados unidos | america | unidos america
staff_tecnico,Luis Alberto Álvarez Vallejos,2,tema_k6_05,0.003322509393519348,False,,estados | unidos | estados unidos | america | unidos america
staff_tecnico,Luis Felipe Céspedes Cifuentes,22,tema_k6_05,0.06438765761211834,False,,estados | unidos | estados unidos | america | unidos america
staff_tecnico,Luis Opazo Roco,11,tema_k6_05,0.032063978815670593,False,,estados | unidos | estados unidos | america | unidos america
staff_tecnico,Luis Óscar Herrera Barriga,302,tema_k6_05,0.06717481462779111,False,,estados | unidos | estados unidos | america | unidos america
staff_tecnico,María Eugenia Wagner Brizzi,1,tema_k6_05,0.0,False,,estados | unidos | estados unidos | america | unidos america
staff_tecnico,María Olivia Recart Herrera,10,tema_k6_05,0.05503339313474457,False,,estados | unidos | estados unidos | america | unidos america
staff_tecnico,Matías Bernier Bórquez,45,tema_k6_05,0.05146758210599006,False,,estados | unidos | estados unidos | america | unidos america
staff_tecnico,Miguel Fuentes Díaz,205,tema_k6_05,0.025267716445461223,False,,estados | unidos | estados unidos | america | unidos america
staff_tecnico,Miguel Ricaurte Bermúdez,21,tema_k6_05,0.27172603206566115,False,,estados | unidos | estados unidos | america | unidos america
staff_tecnico,Pablo García Silva,465,tema_k6_05,0.03246222485630909,False,,estados | unidos | estados unidos | america | unidos america
staff_tecnico,Pablo Pincheira Brown,1,tema_k6_05,0.027183346875663806,False,,estados | unidos | estados unidos | america | unidos america
staff_tecnico,Ricardo Vicuña Poblete,44,tema_k6_05,0.007098805560335577,False,,estados | unidos | estados unidos | america | unidos america
staff_tecnico,Rodrigo Alfaro,1,tema_k6_05,0.09667991553774238,False,,estados | unidos | estados unidos | america | unidos america
staff_tecnico,Rodrigo Valdés Pulido,200,tema_k6_05,0.02942572742093903,False,,estados | unidos | estados unidos | america | unidos america
staff_tecnico,Sergio Lehmann Beresi,791,tema_k6_05,0.21109002753235942,False,,estados | unidos | estados unidos | america | unidos america
consejo_institucional,Consejo del Banco Central de Chile,503,tema_k6_06,0.0804147949681274,False,,puntos | base | puntos base | 25 | 25 puntos
hacienda_gobierno,Alberto Arenas de Mesa,21,tema_k6_06,0.04786065469722245,False,,puntos | base | puntos base | 25 | 25 puntos
hacienda_gobierno,Alejandro Micco,12,tema_k6_06,0.028766927148213144,False,,puntos | base | puntos base | 25 | 25 puntos
hacienda_gobierno,Andrés Velasco Brañes,222,tema_k6_06,0.03957692878431636,False,,puntos | base | puntos base | 25 | 25 puntos
hacienda_gobierno,Claudio Soto Gamboa,7,tema_k6_06,0.04832384107684614,False,,puntos | base | puntos base | 25 | 25 puntos
hacienda_gobierno,Felipe Larraín Bascuñán,56,tema_k6_06,0.0668821489734414,False,,puntos | base | puntos base | 25 | 25 puntos
hacienda_gobierno,Igal Magendzo Weinberger,4,tema_k6_06,0.06417733570714125,False,,puntos | base | puntos base | 25 | 25 puntos
hacienda_gobierno,Juan Pablo Araya Marco,1,tema_k6_06,0.0,False,,puntos | base | puntos base | 25 | 25 puntos
hacienda_gobierno,Julio Dittborn Cordua,2,tema_k6_06,0.052290010754833596,False,,puntos | base | puntos base | 25 | 25 puntos
hacienda_gobierno,Luis Felipe Céspedes Cifuentes,2,tema_k6_06,0.01079102847071134,False,,puntos | base | puntos base | 25 | 25 puntos
hacienda_gobierno,Mario Marcel Cullell,5,tema_k6_06,0.0927569058870063,False,,puntos | base | puntos base | 25 | 25 puntos
hacienda_gobierno,María Olivia Recart Herrera,4,tema_k6_06,0.007902639727665018,False,,puntos | base | puntos base | 25 | 25 puntos
hacienda_gobierno,Miguel Ángel Nacrur Gazali,7,tema_k6_06,0.02561093731676469,False,,puntos | base | puntos base | 25 | 25 puntos
hacienda_gobierno,Nicolás Eyzaguirre Guzmán,78,tema_k6_06,0.03870679309995013,False,,puntos | base | puntos base | 25 | 25 puntos
hacienda_gobierno,Pablo Mattar Oyarzún,1,tema_k6_06,0.0,False,,puntos | base | puntos base | 25 | 25 puntos
hacienda_gobierno,Rodrigo Cerda Norambuena,20,tema_k6_06,0.07581991942695683,False,,puntos | base | puntos base | 25 | 25 puntos
hacienda_gobierno,Rodrigo Valdés Pulido,15,tema_k6_06,0.06833286092936469,False,,puntos | base | puntos base | 25 | 25 puntos
hacienda_gobierno,Rodrigo Álvarez Zenteno,1,tema_k6_06,0.030549197842648205,False,,puntos | base | puntos base | 25 | 25 puntos
miembro_consejo,Enrique Marshall Rivera,483,tema_k6_06,0.06886182380705547,True,75.0,puntos | base | puntos base | 25 | 25 puntos
miembro_consejo,Joaquín Vial Ruiz-Tagle,231,tema_k6_06,0.044158919139816934,True,25.0,puntos | base | puntos base | 25 | 25 puntos
miembro_consejo,Jorge Desormeaux Jiménez,221,tema_k6_06,0.0752983126944794,True,87.5,puntos | base | puntos base | 25 | 25 puntos
miembro_consejo,José De Gregorio Rebeco,1047,tema_k6_06,0.05337305779542515,True,37.5,puntos | base | puntos base | 25 | 25 puntos
miembro_consejo,Manuel Marfán Lewis,855,tema_k6_06,0.06684303062114118,True,62.5,puntos | base | puntos base | 25 | 25 puntos
miembro_consejo,Mario Marcel Cullell,10,tema_k6_06,0.01949315322682771,False,,puntos | base | puntos base | 25 | 25 puntos
miembro_consejo,María Elena Ovalle Molina,17,tema_k6_06,0.11732686029930402,False,,puntos | base | puntos base | 25 | 25 puntos
miembro_consejo,Pablo García Silva,100,tema_k6_06,0.08152561753599269,True,100.0,puntos | base | puntos base | 25 | 25 puntos
miembro_consejo,Rodrigo Vergara Montes,1026,tema_k6_06,0.03277646040212758,True,12.5,puntos | base | puntos base | 25 | 25 puntos
miembro_consejo,Sebastián Claro Edwards,592,tema_k6_06,0.053443449846812964,True,50.0,puntos | base | puntos base | 25 | 25 puntos
miembro_consejo,Vittorio Corbo Lioi,455,tema_k6_06,0.02929590127328224,True,0.0,puntos | base | puntos base | 25 | 25 puntos
staff_tecnico,Alberto Naudon Dell'Oro,116,tema_k6_06,0.05555102303382877,False,,puntos | base | puntos base | 25 | 25 puntos
staff_tecnico,Alfredo Pistelli,2,tema_k6_06,0.021769714003921005,False,,puntos | base | puntos base | 25 | 25 puntos
staff_tecnico,Ari Aisen,1,tema_k6_06,0.0,False,,puntos | base | puntos base | 25 | 25 puntos
staff_tecnico,Beltrán de Ramón Acevedo,183,tema_k6_06,0.133138446805929,False,,puntos | base | puntos base | 25 | 25 puntos
staff_tecnico,Camilo Carrasco Alfonso,4,tema_k6_06,0.16559512368550677,False,,puntos | base | puntos base | 25 | 25 puntos
staff_tecnico,Claudio Raddatz Kiefer,20,tema_k6_06,0.04742862144189666,False,,puntos | base | puntos base | 25 | 25 puntos
staff_tecnico,Claudio Soto Gamboa,801,tema_k6_06,0.061516435367691635,False,,puntos | base | puntos base | 25 | 25 puntos
staff_tecnico,Diego Gianelli Gómez,62,tema_k6_06,0.06804971015821429,False,,puntos | base | puntos base | 25 | 25 puntos
staff_tecnico,Elías Albagli Iruretagoyena,2,tema_k6_06,0.25835586474220784,False,,puntos | base | puntos base | 25 | 25 puntos
staff_tecnico,Enrique Orellana Cifuentes,7,tema_k6_06,0.0160604409417039,False,,puntos | base | puntos base | 25 | 25 puntos
staff_tecnico,Esteban Jadresic Marinovic,87,tema_k6_06,0.07373887503537702,False,,puntos | base | puntos base | 25 | 25 puntos
staff_tecnico,Felipe Jaque,20,tema_k6_06,0.074814696931835,False,,puntos | base | puntos base | 25 | 25 puntos
staff_tecnico,Gloria Peña Tapia,2,tema_k6_06,0.02098211851986783,False,,puntos | base | puntos base | 25 | 25 puntos
staff_tecnico,Igal Magendzo Weinberger,136,tema_k6_06,0.06356008757180309,False,,puntos | base | puntos base | 25 | 25 puntos
staff_tecnico,Jorge Pérez Etchegaray,3,tema_k6_06,0.100562992337761,False,,puntos | base | puntos base | 25 | 25 puntos
staff_tecnico,Kevin Cowan Logan,116,tema_k6_06,0.07498298428637615,False,,puntos | base | puntos base | 25 | 25 puntos
staff_tecnico,Klaus Schmidt-Hebbel Dunker,40,tema_k6_06,0.20517975608014877,False,,puntos | base | puntos base | 25 | 25 puntos
staff_tecnico,Leonardo Hernández Tagle,3,tema_k6_06,0.17714323212119676,False,,puntos | base | puntos base | 25 | 25 puntos
staff_tecnico,Luis Alberto Álvarez Vallejos,2,tema_k6_06,0.07127725873482987,False,,puntos | base | puntos base | 25 | 25 puntos
staff_tecnico,Luis Felipe Céspedes Cifuentes,22,tema_k6_06,0.09226268730829204,False,,puntos | base | puntos base | 25 | 25 puntos
staff_tecnico,Luis Opazo Roco,11,tema_k6_06,0.02014223134721575,False,,puntos | base | puntos base | 25 | 25 puntos
staff_tecnico,Luis Óscar Herrera Barriga,302,tema_k6_06,0.048971993628305115,False,,puntos | base | puntos base | 25 | 25 puntos
staff_tecnico,María Eugenia Wagner Brizzi,1,tema_k6_06,0.19823641635767222,False,,puntos | base | puntos base | 25 | 25 puntos
staff_tecnico,María Olivia Recart Herrera,10,tema_k6_06,0.022418841821403763,False,,puntos | base | puntos base | 25 | 25 puntos
staff_tecnico,Matías Bernier Bórquez,45,tema_k6_06,0.10024398431476714,False,,puntos | base | puntos base | 25 | 25 puntos
staff_tecnico,Miguel Fuentes Díaz,205,tema_k6_06,0.08118854881680185,False,,puntos | base | puntos base | 25 | 25 puntos
staff_tecnico,Miguel Ricaurte Bermúdez,21,tema_k6_06,0.046046164658665505,False,,puntos | base | puntos base | 25 | 25 puntos
staff_tecnico,Pablo García Silva,465,tema_k6_06,0.06298520745085523,False,,puntos | base | puntos base | 25 | 25 puntos
staff_tecnico,Pablo Pincheira Brown,1,tema_k6_06,0.0024898274480798575,False,,puntos | base | puntos base | 25 | 25 puntos
staff_tecnico,Ricardo Vicuña Poblete,44,tema_k6_06,0.06173169038613199,False,,puntos | base | puntos base | 25 | 25 puntos
staff_tecnico,Rodrigo Alfaro,1,tema_k6_06,0.021653775238379643,False,,puntos | base | puntos base | 25 | 25 puntos
staff_tecnico,Rodrigo Valdés Pulido,200,tema_k6_06,0.0619480950976088,False,,puntos | base | puntos base | 25 | 25 puntos
staff_tecnico,Sergio Lehmann Beresi,791,tema_k6_06,0.056961900000237264,False,,puntos | base | puntos base | 25 | 25 puntos
