tipo_actor,actor,n_intervenciones,eje_radar,peso_medio_bruto,proporcion_seis_ejes,proporcion_corpus,indice_especializacion_base100,muestra_apta_radar,puntaje_fifa_percentil_0_100,componentes_nmf
hacienda_gobierno,Alberto Arenas de Mesa,21,actividad_demanda_ciclo,0.09831412389411372,0.1926672733188429,0.20378171244669416,94.5459094467279,False,,tema_nmf_01
hacienda_gobierno,Alberto Arenas de Mesa,21,entorno_externo_commodities_economias,0.12544428630667975,0.24583455193240347,0.32296667399977397,76.11762194776031,False,,tema_nmf_03|tema_nmf_08|tema_nmf_13
hacienda_gobierno,Alberto Arenas de Mesa,21,inflacion_expectativas_meta,0.09392933996668723,0.18407436387788179,0.1114496209181575,165.16374157347374,False,,tema_nmf_09
hacienda_gobierno,Alberto Arenas de Mesa,21,mercado_laboral_empleo,0.08737284180237495,0.1712255220858463,0.1720143210368341,99.54143413976625,False,,tema_nmf_02
hacienda_gobierno,Alberto Arenas de Mesa,21,tasas_interes_plazos,0.030702295504216447,0.06016762724547775,0.0867820376501816,69.33189041724678,False,,tema_nmf_12
hacienda_gobierno,Alberto Arenas de Mesa,21,tipo_cambio_real_nominal,0.07451642566809702,0.1460306615395478,0.1030056339483587,141.7695867128583,False,,tema_nmf_10
staff_tecnico,Alberto Naudon Dell'Oro,116,actividad_demanda_ciclo,0.14937842241108443,0.21218975888232705,0.20378171244669416,104.12600636960114,False,,tema_nmf_01
staff_tecnico,Alberto Naudon Dell'Oro,116,entorno_externo_commodities_economias,0.16988076972423596,0.24131302891477677,0.32296667399977397,74.71762517359474,False,,tema_nmf_03|tema_nmf_08|tema_nmf_13
staff_tecnico,Alberto Naudon Dell'Oro,116,inflacion_expectativas_meta,0.10730867055133582,0.152430321345939,0.1114496209181575,136.77060548987913,False,,tema_nmf_09
staff_tecnico,Alberto Naudon Dell'Oro,116,mercado_laboral_empleo,0.1374202088859427,0.19520329990379842,0.1720143210368341,113.4808420177985,False,,tema_nmf_02
staff_tecnico,Alberto Naudon Dell'Oro,116,tasas_interes_plazos,0.06703313462281578,0.09521954003235206,0.0867820376501816,109.72263686199905,False,,tema_nmf_12
staff_tecnico,Alberto Naudon Dell'Oro,116,tipo_cambio_real_nominal,0.07296386451633642,0.10364405092080668,0.1030056339483587,100.61978840183446,False,,tema_nmf_10
hacienda_gobierno,Alejandro Micco,12,actividad_demanda_ciclo,0.1425809634652469,0.1979942273283583,0.20378171244669416,97.15995854149583,False,,tema_nmf_01
hacienda_gobierno,Alejandro Micco,12,entorno_externo_commodities_economias,0.21675794974924437,0.300999668783564,0.32296667399977397,93.19836782409774,False,,tema_nmf_03|tema_nmf_08|tema_nmf_13
hacienda_gobierno,Alejandro Micco,12,inflacion_expectativas_meta,0.10679062583765168,0.14829418272090258,0.1114496209181575,133.05938728118394,False,,tema_nmf_09
hacienda_gobierno,Alejandro Micco,12,mercado_laboral_empleo,0.1105293142391982,0.15348589066911075,0.1720143210368341,89.22855361341932,False,,tema_nmf_02
hacienda_gobierno,Alejandro Micco,12,tasas_interes_plazos,0.07171818812035824,0.09959104565695596,0.0867820376501816,114.75997608906982,False,,tema_nmf_12
hacienda_gobierno,Alejandro Micco,12,tipo_cambio_real_nominal,0.07174982990757026,0.0996349848411084,0.1030056339483587,96.7277041283585,False,,tema_nmf_10
staff_tecnico,Alfredo Pistelli,2,actividad_demanda_ciclo,0.06662044125432678,0.0786074588068318,0.20378171244669416,38.574344018918865,False,,tema_nmf_01
staff_tecnico,Alfredo Pistelli,2,entorno_externo_commodities_economias,0.5441556470246348,0.6420655853163657,0.32296667399977397,198.8024266914967,False,,tema_nmf_03|tema_nmf_08|tema_nmf_13
staff_tecnico,Alfredo Pistelli,2,inflacion_expectativas_meta,0.029005875004299093,0.034224902771992215,0.1114496209181575,30.708855256784688,False,,tema_nmf_09
staff_tecnico,Alfredo Pistelli,2,mercado_laboral_empleo,0.10655366768044001,0.12572587159745124,0.1720143210368341,73.09035133797323,False,,tema_nmf_02
staff_tecnico,Alfredo Pistelli,2,tasas_interes_plazos,0.09317791027499503,0.1099434138493137,0.0867820376501816,126.68913616950967,False,,tema_nmf_12
staff_tecnico,Alfredo Pistelli,2,tipo_cambio_real_nominal,0.007994344979053122,0.009432767658045306,0.1030056339483587,9.157525949283873,False,,tema_nmf_10
hacienda_gobierno,Andrés Velasco Brañes,222,actividad_demanda_ciclo,0.06634244365559688,0.177830784057246,0.20378171244669416,87.26533010353593,False,,tema_nmf_01
hacienda_gobierno,Andrés Velasco Brañes,222,entorno_externo_commodities_economias,0.09673740013764401,0.25930440252460424,0.32296667399977397,80.28828464350651,False,,tema_nmf_03|tema_nmf_08|tema_nmf_13
hacienda_gobierno,Andrés Velasco Brañes,222,inflacion_expectativas_meta,0.040312368497195446,0.10805722101941456,0.1114496209181575,96.95611355983513,False,,tema_nmf_09
hacienda_gobierno,Andrés Velasco Brañes,222,mercado_laboral_empleo,0.0681162230768136,0.18258539615530317,0.1720143210368341,106.14546222358165,False,,tema_nmf_02
hacienda_gobierno,Andrés Velasco Brañes,222,tasas_interes_plazos,0.03339789714239023,0.08952299474415668,0.0867820376501816,103.15843827616018,False,,tema_nmf_12
hacienda_gobierno,Andrés Velasco Brañes,222,tipo_cambio_real_nominal,0.06815867986887131,0.18269920149927532,0.1030056339483587,177.36816375584908,False,,tema_nmf_10
staff_tecnico,Ari Aisen,1,actividad_demanda_ciclo,0.0012181713624611124,0.001738895315378857,0.20378171244669416,0.8533127406286384,False,,tema_nmf_01
staff_tecnico,Ari Aisen,1,entorno_externo_commodities_economias,0.25635143920843567,0.36593235604355034,0.32296667399977397,113.30344134633732,False,,tema_nmf_03|tema_nmf_08|tema_nmf_13
staff_tecnico,Ari Aisen,1,inflacion_expectativas_meta,0.01582783210345459,0.022593654674080286,0.1114496209181575,20.272527163346595,False,,tema_nmf_09
staff_tecnico,Ari Aisen,1,mercado_laboral_empleo,0.0011380874119686867,0.0016245783886806584,0.1720143210368341,0.9444436828796255,False,,tema_nmf_02
staff_tecnico,Ari Aisen,1,tasas_interes_plazos,0.0031435749166725644,0.0044873388626543945,0.0867820376501816,5.170815279473914,False,,tema_nmf_12
staff_tecnico,Ari Aisen,1,tipo_cambio_real_nominal,0.4228641374150863,0.6036231767156555,0.1030056339483587,586.0098652645336,False,,tema_nmf_10
staff_tecnico,Beltrán de Ramón Acevedo,183,actividad_demanda_ciclo,0.057921353072436524,0.09661537688685666,0.20378171244669416,47.41121061691422,False,,tema_nmf_01
staff_tecnico,Beltrán de Ramón Acevedo,183,entorno_externo_commodities_economias,0.1856493890148681,0.30967138606127914,0.32296667399977397,95.8833870461495,False,,tema_nmf_03|tema_nmf_08|tema_nmf_13
staff_tecnico,Beltrán de Ramón Acevedo,183,inflacion_expectativas_meta,0.06760036542723102,0.11276039727996666,0.1114496209181575,101.17611558568848,False,,tema_nmf_09
staff_tecnico,Beltrán de Ramón Acevedo,183,mercado_laboral_empleo,0.11747023487458741,0.19594554362710107,0.1720143210368341,113.91234313865209,False,,tema_nmf_02
staff_tecnico,Beltrán de Ramón Acevedo,183,tasas_interes_plazos,0.07528287624447007,0.1255751648686424,0.0867820376501816,144.7017934458233,False,,tema_nmf_12
staff_tecnico,Beltrán de Ramón Acevedo,183,tipo_cambio_real_nominal,0.09558027991291122,0.1594321312761541,0.1030056339483587,154.78001072842724,False,,tema_nmf_10
staff_tecnico,Camilo Carrasco Alfonso,4,actividad_demanda_ciclo,0.10837115766670012,0.20462255355675646,0.20378171244669416,100.41261853184311,False,,tema_nmf_01
staff_tecnico,Camilo Carrasco Alfonso,4,entorno_externo_commodities_economias,0.08056460083159103,0.15211920499310577,0.32296667399977397,47.10058877257789,False,,tema_nmf_03|tema_nmf_08|tema_nmf_13
staff_tecnico,Camilo Carrasco Alfonso,4,inflacion_expectativas_meta,0.02586806022919613,0.04884314843196104,0.1114496209181575,43.825315895716486,False,,tema_nmf_09
staff_tecnico,Camilo Carrasco Alfonso,4,mercado_laboral_empleo,0.1937777418168637,0.3658842187049222,0.1720143210368341,212.70567270185254,False,,tema_nmf_02
staff_tecnico,Camilo Carrasco Alfonso,4,tasas_interes_plazos,0.08648104739153227,0.16329042830697524,0.0867820376501816,188.16155131687387,False,,tema_nmf_12
staff_tecnico,Camilo Carrasco Alfonso,4,tipo_cambio_real_nominal,0.03455231369904324,0.06524044600627925,0.1030056339483587,63.336774412734734,False,,tema_nmf_10
staff_tecnico,Claudio Raddatz Kiefer,20,actividad_demanda_ciclo,0.11291671530067582,0.16236262331021142,0.20378171244669416,79.67477619105921,False,,tema_nmf_01
staff_tecnico,Claudio Raddatz Kiefer,20,entorno_externo_commodities_economias,0.20436840415435759,0.2938607462311154,0.32296667399977397,90.98794701998295,False,,tema_nmf_03|tema_nmf_08|tema_nmf_13
staff_tecnico,Claudio Raddatz Kiefer,20,inflacion_expectativas_meta,0.05861431031388957,0.08428134984922762,0.1114496209181575,75.62282325851896,False,,tema_nmf_09
staff_tecnico,Claudio Raddatz Kiefer,20,mercado_laboral_empleo,0.1718069052398939,0.24704065968691108,0.1720143210368341,143.61633275523107,False,,tema_nmf_02
staff_tecnico,Claudio Raddatz Kiefer,20,tasas_interes_plazos,0.0634698219531995,0.0912630762054397,0.0867820376501816,105.16355535845007,False,,tema_nmf_12
staff_tecnico,Claudio Raddatz Kiefer,20,tipo_cambio_real_nominal,0.08428387564004484,0.1211915447170947,0.1030056339483587,117.65525833067869,False,,tema_nmf_10
hacienda_gobierno,Claudio Soto Gamboa,7,actividad_demanda_ciclo,0.10732116959605524,0.3094748605664569,0.20378171244669416,151.86586512143984,False,,tema_nmf_01
staff_tecnico,Claudio Soto Gamboa,801,actividad_demanda_ciclo,0.224227984355751,0.3051058266593213,0.20378171244669416,149.72188769840267,False,,tema_nmf_01
hacienda_gobierno,Claudio Soto Gamboa,7,entorno_externo_commodities_economias,0.03218698922958443,0.09281546260977223,0.32296667399977397,28.7384024674438,False,,tema_nmf_03|tema_nmf_08|tema_nmf_13
staff_tecnico,Claudio Soto Gamboa,801,entorno_externo_commodities_economias,0.14614354822925862,0.1988567493996238,0.32296667399977397,61.57190986205685,False,,tema_nmf_03|tema_nmf_08|tema_nmf_13
hacienda_gobierno,Claudio Soto Gamboa,7,inflacion_expectativas_meta,0.03962818915358917,0.11427315187644925,0.1114496209181575,102.53345945462229,False,,tema_nmf_09
staff_tecnico,Claudio Soto Gamboa,801,inflacion_expectativas_meta,0.08603999024015473,0.11707415746258101,0.1114496209181575,105.04670764968674,False,,tema_nmf_09
hacienda_gobierno,Claudio Soto Gamboa,7,mercado_laboral_empleo,0.03994309971535316,0.11518123834773569,0.1720143210368341,66.96026101400679,False,,tema_nmf_02
staff_tecnico,Claudio Soto Gamboa,801,mercado_laboral_empleo,0.14138747677878785,0.19238518825298112,0.1720143210368341,111.84254141943504,False,,tema_nmf_02
hacienda_gobierno,Claudio Soto Gamboa,7,tasas_interes_plazos,0.03164001891450284,0.09123820098812767,0.0867820376501816,105.13489134227162,False,,tema_nmf_12
staff_tecnico,Claudio Soto Gamboa,801,tasas_interes_plazos,0.04809557002959972,0.06544338653667221,0.0867820376501816,75.41121216866848,False,,tema_nmf_12
hacienda_gobierno,Claudio Soto Gamboa,7,tipo_cambio_real_nominal,0.0960653074420824,0.2770170856114582,0.1030056339483587,268.9339165179442,False,,tema_nmf_10
staff_tecnico,Claudio Soto Gamboa,801,tipo_cambio_real_nominal,0.08902415286636986,0.12113469168882049,0.1030056339483587,117.60006423488514,False,,tema_nmf_10
consejo_institucional,Consejo del Banco Central de Chile,503,actividad_demanda_ciclo,0.026958382887564178,0.14485692658252622,0.20378171244669416,71.08436024180449,False,,tema_nmf_01
consejo_institucional,Consejo del Banco Central de Chile,503,entorno_externo_commodities_economias,0.06977082423249838,0.37490331692379036,0.32296667399977397,116.08111520634874,False,,tema_nmf_03|tema_nmf_08|tema_nmf_13
consejo_institucional,Consejo del Banco Central de Chile,503,inflacion_expectativas_meta,0.052584153113871546,0.28255325398372433,0.1114496209181575,253.5255406487349,False,,tema_nmf_09
consejo_institucional,Consejo del Banco Central de Chile,503,mercado_laboral_empleo,0.013329085959999177,0.07162189343376597,0.1720143210368341,41.63716892992258,False,,tema_nmf_02
consejo_institucional,Consejo del Banco Central de Chile,503,tasas_interes_plazos,0.020633839013153472,0.11087291531951769,0.0867820376501816,127.7602120457766,False,,tema_nmf_12
consejo_institucional,Consejo del Banco Central de Chile,503,tipo_cambio_real_nominal,0.002827227573199643,0.015191693756675432,0.1030056339483587,14.748410523148376,False,,tema_nmf_10
staff_tecnico,Diego Gianelli Gómez,62,actividad_demanda_ciclo,0.09435913103280885,0.12884233785449276,0.20378171244669416,63.22566255212706,False,,tema_nmf_01
staff_tecnico,Diego Gianelli Gómez,62,entorno_externo_commodities_economias,0.3630411497527977,0.4957132389791687,0.32296667399977397,153.48742730635905,False,,tema_nmf_03|tema_nmf_08|tema_nmf_13
staff_tecnico,Diego Gianelli Gómez,62,inflacion_expectativas_meta,0.05516789836916145,0.07532880943901835,0.1114496209181575,67.59000956525074,False,,tema_nmf_09
staff_tecnico,Diego Gianelli Gómez,62,mercado_laboral_empleo,0.11037965399799501,0.15071750361633596,0.1720143210368341,87.61916025821027,False,,tema_nmf_02
staff_tecnico,Diego Gianelli Gómez,62,tasas_interes_plazos,0.062123068994616545,0.0848257222841456,0.0867820376501816,97.74571395301652,False,,tema_nmf_12
staff_tecnico,Diego Gianelli Gómez,62,tipo_cambio_real_nominal,0.04729031237336835,0.0645723878268387,0.1030056339483587,62.68820971405478,False,,tema_nmf_10
staff_tecnico,Elías Albagli Iruretagoyena,2,actividad_demanda_ciclo,0.11772698610851906,0.16716468074880317,0.20378171244669416,82.03124742733263,False,,tema_nmf_01
staff_tecnico,Elías Albagli Iruretagoyena,2,entorno_externo_commodities_economias,0.11671872335500001,0.16573301306687035,0.32296667399977397,51.315824946999435,False,,tema_nmf_03|tema_nmf_08|tema_nmf_13
staff_tecnico,Elías Albagli Iruretagoyena,2,inflacion_expectativas_meta,0.07157140309577245,0.1016267479931939,0.1114496209181575,91.18626618552882,False,,tema_nmf_09
staff_tecnico,Elías Albagli Iruretagoyena,2,mercado_laboral_empleo,0.31059224425199405,0.4410208319236145,0.1720143210368341,256.3861132406395,False,,tema_nmf_02
staff_tecnico,Elías Albagli Iruretagoyena,2,tasas_interes_plazos,0.08419058800019098,0.119545171674853,0.0867820376501816,137.75335877309035,False,,tema_nmf_12
staff_tecnico,Elías Albagli Iruretagoyena,2,tipo_cambio_real_nominal,0.003457590818470971,0.004909554592665039,0.1030056339483587,4.7662971475195395,False,,tema_nmf_10
miembro_consejo,Enrique Marshall Rivera,483,actividad_demanda_ciclo,0.13435727061642339,0.1781317143772521,0.20378171244669416,87.41300298173141,True,0.0,tema_nmf_01
miembro_consejo,Enrique Marshall Rivera,483,entorno_externo_commodities_economias,0.24440066743210812,0.32402794195571,0.32296667399977397,100.32859983440173,True,37.5,tema_nmf_03|tema_nmf_08|tema_nmf_13
miembro_consejo,Enrique Marshall Rivera,483,inflacion_expectativas_meta,0.08045082085805669,0.10666220426147205,0.1114496209181575,95.70441189728132,True,37.5,tema_nmf_09
miembro_consejo,Enrique Marshall Rivera,483,mercado_laboral_empleo,0.16078333357720292,0.21316755484831815,0.1720143210368341,123.92430674575739,True,100.0,tema_nmf_02
miembro_consejo,Enrique Marshall Rivera,483,tasas_interes_plazos,0.08098487586291435,0.10737025774566822,0.0867820376501816,123.72405702027618,True,100.0,tema_nmf_12
miembro_consejo,Enrique Marshall Rivera,483,tipo_cambio_real_nominal,0.05328103161773648,0.07064032681157947,0.1030056339483587,68.57909038936123,True,0.0,tema_nmf_10
staff_tecnico,Enrique Orellana Cifuentes,7,actividad_demanda_ciclo,0.1793130315860618,0.3256209920915412,0.20378171244669416,159.789113646161,False,,tema_nmf_01
staff_tecnico,Enrique Orellana Cifuentes,7,entorno_externo_commodities_economias,0.10452161235941364,0.18980456027338338,0.32296667399977397,58.76908534331199,False,,tema_nmf_03|tema_nmf_08|tema_nmf_13
staff_tecnico,Enrique Orellana Cifuentes,7,inflacion_expectativas_meta,0.042398000732281185,0.07699205651161621,0.1114496209181575,69.08238527626304,False,,tema_nmf_09
staff_tecnico,Enrique Orellana Cifuentes,7,mercado_laboral_empleo,0.11991289853881257,0.21775415117021296,0.1720143210368341,126.59071050461225,False,,tema_nmf_02
staff_tecnico,Enrique Orellana Cifuentes,7,tasas_interes_plazos,0.021505493323805778,0.03905259985610537,0.0867820376501816,45.00078692957914,False,,tema_nmf_12
staff_tecnico,Enrique Orellana Cifuentes,7,tipo_cambio_real_nominal,0.08302915896634426,0.15077564009714087,0.1030056339483587,146.37611004144821,False,,tema_nmf_10
staff_tecnico,Esteban Jadresic Marinovic,87,actividad_demanda_ciclo,0.06764466363568995,0.10721150928508681,0.20378171244669416,52.61095708631437,False,,tema_nmf_01
staff_tecnico,Esteban Jadresic Marinovic,87,entorno_externo_commodities_economias,0.23779904445110525,0.3768929150045053,0.32296667399977397,116.69715340498848,False,,tema_nmf_03|tema_nmf_08|tema_nmf_13
staff_tecnico,Esteban Jadresic Marinovic,87,inflacion_expectativas_meta,0.07242988667312078,0.11479571410679645,0.1114496209181575,103.00233698515326,False,,tema_nmf_09
staff_tecnico,Esteban Jadresic Marinovic,87,mercado_laboral_empleo,0.11566756937459947,0.18332406462651796,0.1720143210368341,106.574884882557,False,,tema_nmf_02
staff_tecnico,Esteban Jadresic Marinovic,87,tasas_interes_plazos,0.08120888313201352,0.12870973791561222,0.0867820376501816,148.31380018344484,False,,tema_nmf_12
staff_tecnico,Esteban Jadresic Marinovic,87,tipo_cambio_real_nominal,0.0561958659732109,0.08906605906148125,0.1030056339483587,86.46717237441015,False,,tema_nmf_10
staff_tecnico,Felipe Jaque,20,actividad_demanda_ciclo,0.03231991049176555,0.04069719666623345,0.20378171244669416,19.97097589258857,False,,tema_nmf_01
staff_tecnico,Felipe Jaque,20,entorno_externo_commodities_economias,0.49183396524516587,0.619316802124674,0.32296667399977397,191.75873301562606,False,,tema_nmf_03|tema_nmf_08|tema_nmf_13
staff_tecnico,Felipe Jaque,20,inflacion_expectativas_meta,0.030074676424858154,0.03787000033454998,0.1114496209181575,33.97947881972576,False,,tema_nmf_09
staff_tecnico,Felipe Jaque,20,mercado_laboral_empleo,0.11007891943020084,0.13861125741665456,0.1720143210368341,80.58123101679028,False,,tema_nmf_02
staff_tecnico,Felipe Jaque,20,tasas_interes_plazos,0.05802218089353793,0.07306146802076406,0.0867820376501816,84.18962033972382,False,,tema_nmf_12
staff_tecnico,Felipe Jaque,20,tipo_cambio_real_nominal,0.07182604223782474,0.09044327543712394,0.1030056339483587,87.80420251815272,False,,tema_nmf_10
hacienda_gobierno,Felipe Larraín Bascuñán,56,actividad_demanda_ciclo,0.13734184212741796,0.22410333475060304,0.20378171244669416,109.97225023772666,False,,tema_nmf_01
hacienda_gobierno,Felipe Larraín Bascuñán,56,entorno_externo_commodities_economias,0.16632529473739038,0.27139619380847796,0.32296667399977397,84.03225956640588,False,,tema_nmf_03|tema_nmf_08|tema_nmf_13
hacienda_gobierno,Felipe Larraín Bascuñán,56,inflacion_expectativas_meta,0.11530501488444947,0.18814541838677204,0.1114496209181575,168.81656199166056,False,,tema_nmf_09
hacienda_gobierno,Felipe Larraín Bascuñán,56,mercado_laboral_empleo,0.11800200256341516,0.1925461452393853,0.1720143210368341,111.93611327172849,False,,tema_nmf_02
hacienda_gobierno,Felipe Larraín Bascuñán,56,tasas_interes_plazos,0.0327698413191547,0.053471182598945184,0.0867820376501816,61.61549561037911,False,,tema_nmf_12
hacienda_gobierno,Felipe Larraín Bascuñán,56,tipo_cambio_real_nominal,0.0431065104985742,0.07033772521581638,0.1030056339483587,68.28531850119947,False,,tema_nmf_10
staff_tecnico,Gloria Peña Tapia,2,actividad_demanda_ciclo,0.4409999631349295,0.6162116606560238,0.20378171244669416,302.38810600691875,False,,tema_nmf_01
staff_tecnico,Gloria Peña Tapia,2,entorno_externo_commodities_economias,0.0019764523554408114,0.0027617076869937435,0.32296667399977397,0.8551060865789751,False,,tema_nmf_03|tema_nmf_08|tema_nmf_13
staff_tecnico,Gloria Peña Tapia,2,inflacion_expectativas_meta,0.022912452153629116,0.03201569472006878,0.1114496209181575,28.72660710401102,False,,tema_nmf_09
staff_tecnico,Gloria Peña Tapia,2,mercado_laboral_empleo,0.2490351625829037,0.3479781948417113,0.1720143210368341,202.29606043510609,False,,tema_nmf_02
staff_tecnico,Gloria Peña Tapia,2,tasas_interes_plazos,0.0,0.0,0.0867820376501816,0.0,False,,tema_nmf_12
staff_tecnico,Gloria Peña Tapia,2,tipo_cambio_real_nominal,0.0007390954358559984,0.001032742095202319,0.1030056339483587,1.0026073872037704,False,,tema_nmf_10
hacienda_gobierno,Igal Magendzo Weinberger,4,actividad_demanda_ciclo,0.10569502393860525,0.39805507193067385,0.20378171244669416,195.33404992599534,False,,tema_nmf_01
staff_tecnico,Igal Magendzo Weinberger,136,actividad_demanda_ciclo,0.19977862495353488,0.27870578788353095,0.20378171244669416,136.7668298284792,False,,tema_nmf_01
hacienda_gobierno,Igal Magendzo Weinberger,4,entorno_externo_commodities_economias,0.06011013856970676,0.22637911077087117,0.32296667399977397,70.09364401821522,False,,tema_nmf_03|tema_nmf_08|tema_nmf_13
staff_tecnico,Igal Magendzo Weinberger,136,entorno_externo_commodities_economias,0.12967392333372127,0.18090460367859237,0.32296667399977397,56.013396502550286,False,,tema_nmf_03|tema_nmf_08|tema_nmf_13
hacienda_gobierno,Igal Magendzo Weinberger,4,inflacion_expectativas_meta,0.017892751221770233,0.06738538967318378,0.1114496209181575,60.46264591843513,False,,tema_nmf_09
staff_tecnico,Igal Magendzo Weinberger,136,inflacion_expectativas_meta,0.10731236878508364,0.14970860020110258,0.1114496209181575,134.32849655993033,False,,tema_nmf_09
hacienda_gobierno,Igal Magendzo Weinberger,4,mercado_laboral_empleo,0.06487225940842314,0.2443136008004008,0.1720143210368341,142.03096540321488,False,,tema_nmf_02
staff_tecnico,Igal Magendzo Weinberger,136,mercado_laboral_empleo,0.1533557196222355,0.21394244090778916,0.1720143210368341,124.37478438901424,False,,tema_nmf_02
hacienda_gobierno,Igal Magendzo Weinberger,4,tasas_interes_plazos,0.011370063492467431,0.04282047794397024,0.0867820376501816,49.34255878685356,False,,tema_nmf_12
staff_tecnico,Igal Magendzo Weinberger,136,tasas_interes_plazos,0.05391314510753414,0.0752127790846954,0.0867820376501816,86.6686023067102,False,,tema_nmf_12
hacienda_gobierno,Igal Magendzo Weinberger,4,tipo_cambio_real_nominal,0.005588408503370139,0.021046348880900255,0.1030056339483587,20.432230815114174,False,,tema_nmf_10
staff_tecnico,Igal Magendzo Weinberger,136,tipo_cambio_real_nominal,0.07277452874873169,0.10152578824428964,0.1030056339483587,98.56333518144166,False,,tema_nmf_10
miembro_consejo,Joaquín Vial Ruiz-Tagle,231,actividad_demanda_ciclo,0.1561180410776977,0.19434485924748382,0.20378171244669416,95.36913637347176,True,50.0,tema_nmf_01
miembro_consejo,Joaquín Vial Ruiz-Tagle,231,entorno_externo_commodities_economias,0.27620577936514645,0.3438370923918114,0.32296667399977397,106.46209657905821,True,75.0,tema_nmf_03|tema_nmf_08|tema_nmf_13
miembro_consejo,Joaquín Vial Ruiz-Tagle,231,inflacion_expectativas_meta,0.09011365605453156,0.11217874424569595,0.1114496209181575,100.65421786232352,True,62.5,tema_nmf_09
miembro_consejo,Joaquín Vial Ruiz-Tagle,231,mercado_laboral_empleo,0.15645996808732202,0.19477050996728296,0.1720143210368341,113.22924091045651,True,87.5,tema_nmf_02
miembro_consejo,Joaquín Vial Ruiz-Tagle,231,tasas_interes_plazos,0.06160868465720934,0.07669409035288248,0.0867820376501816,88.37553534066159,True,50.0,tema_nmf_12
miembro_consejo,Joaquín Vial Ruiz-Tagle,231,tipo_cambio_real_nominal,0.06279806764910978,0.07817470379484337,0.1030056339483587,75.8936194053578,True,12.5,tema_nmf_10
miembro_consejo,Jorge Desormeaux Jiménez,221,actividad_demanda_ciclo,0.15802536624137373,0.21152395276676383,0.20378171244669416,103.7992812147434,True,75.0,tema_nmf_01
miembro_consejo,Jorge Desormeaux Jiménez,221,entorno_externo_commodities_economias,0.2781582146074315,0.37232709183182483,0.32296667399977397,115.28343999730617,True,87.5,tema_nmf_03|tema_nmf_08|tema_nmf_13
miembro_consejo,Jorge Desormeaux Jiménez,221,inflacion_expectativas_meta,0.07491861398758813,0.1002818834936702,0.1114496209181575,89.97956445927414,True,12.5,tema_nmf_09
miembro_consejo,Jorge Desormeaux Jiménez,221,mercado_laboral_empleo,0.10300961457581372,0.13788293212860303,0.1720143210368341,80.15782133574659,True,0.0,tema_nmf_02
miembro_consejo,Jorge Desormeaux Jiménez,221,tasas_interes_plazos,0.050381317600282784,0.0674376253501724,0.0867820376501816,77.70919786651413,True,25.0,tema_nmf_12
miembro_consejo,Jorge Desormeaux Jiménez,221,tipo_cambio_real_nominal,0.08258711697113048,0.11054651442896567,0.1030056339483587,107.3208427457352,True,62.5,tema_nmf_10
staff_tecnico,Jorge Pérez Etchegaray,3,actividad_demanda_ciclo,0.04461798427949142,0.05947650766649032,0.20378171244669416,29.18638132558061,False,,tema_nmf_01
staff_tecnico,Jorge Pérez Etchegaray,3,entorno_externo_commodities_economias,0.24913838851129835,0.3321055738755167,0.32296667399977397,102.82967272213018,False,,tema_nmf_03|tema_nmf_08|tema_nmf_13
staff_tecnico,Jorge Pérez Etchegaray,3,inflacion_expectativas_meta,0.007441298427809198,0.009919373323049655,0.1114496209181575,8.900320379136955,False,,tema_nmf_09
staff_tecnico,Jorge Pérez Etchegaray,3,mercado_laboral_empleo,0.17067789046380333,0.22751643814928754,0.1720143210368341,132.26598621435048,False,,tema_nmf_02
staff_tecnico,Jorge Pérez Etchegaray,3,tasas_interes_plazos,0.26043723672476166,0.34716712457626075,0.0867820376501816,400.04491018716504,False,,tema_nmf_12
staff_tecnico,Jorge Pérez Etchegaray,3,tipo_cambio_real_nominal,0.01786548256526879,0.023814982409395166,0.1030056339483587,23.12007751084244,False,,tema_nmf_10
miembro_consejo,José De Gregorio Rebeco,1047,actividad_demanda_ciclo,0.08732809374409595,0.18340272108959313,0.20378171244669416,89.99959755346946,True,25.0,tema_nmf_01
miembro_consejo,José De Gregorio Rebeco,1047,entorno_externo_commodities_economias,0.15631682695272614,0.32828990289461424,0.32296667399977397,101.64822853977931,True,50.0,tema_nmf_03|tema_nmf_08|tema_nmf_13
miembro_consejo,José De Gregorio Rebeco,1047,inflacion_expectativas_meta,0.0605861815830387,0.12724050287091862,0.1114496209181575,114.1686277823745,True,87.5,tema_nmf_09
miembro_consejo,José De Gregorio Rebeco,1047,mercado_laboral_empleo,0.08034638649454347,0.16874003864090595,0.1720143210368341,98.09650593265023,True,37.5,tema_nmf_02
miembro_consejo,José De Gregorio Rebeco,1047,tasas_interes_plazos,0.03492088672026314,0.07333935017665144,0.0867820376501816,84.50982733579312,True,37.5,tema_nmf_12
miembro_consejo,José De Gregorio Rebeco,1047,tipo_cambio_real_nominal,0.05665646683962787,0.11898748432731661,0.1030056339483587,115.51551091561684,True,75.0,tema_nmf_10
hacienda_gobierno,Juan Pablo Araya Marco,1,actividad_demanda_ciclo,0.1944598173249948,0.4039070223945905,0.20378171244669416,198.2057258941946,False,,tema_nmf_01
hacienda_gobierno,Juan Pablo Araya Marco,1,entorno_externo_commodities_economias,0.10771387250089677,0.22372945789472212,0.32296667399977397,69.27323340329495,False,,tema_nmf_03|tema_nmf_08|tema_nmf_13
hacienda_gobierno,Juan Pablo Araya Marco,1,inflacion_expectativas_meta,0.010978285091882319,0.02280268748298964,0.1114496209181575,20.46008527901112,False,,tema_nmf_09
hacienda_gobierno,Juan Pablo Araya Marco,1,mercado_laboral_empleo,0.05612386180590203,0.11657329631973097,0.1720143210368341,67.76952966303816,False,,tema_nmf_02
hacienda_gobierno,Juan Pablo Araya Marco,1,tasas_interes_plazos,0.06328656416834018,0.13145074413032928,0.0867820376501816,151.4722950620349,False,,tema_nmf_12
hacienda_gobierno,Juan Pablo Araya Marco,1,tipo_cambio_real_nominal,0.048884582059967284,0.1015367917776374,0.1030056339483587,98.57401763921214,False,,tema_nmf_10
hacienda_gobierno,Julio Dittborn Cordua,2,actividad_demanda_ciclo,0.14870186907721483,0.20775181280537014,0.20378171244669416,101.94821228608258,False,,tema_nmf_01
hacienda_gobierno,Julio Dittborn Cordua,2,entorno_externo_commodities_economias,0.26752701106291643,0.37376276349198523,0.32296667399977397,115.72796625209905,False,,tema_nmf_03|tema_nmf_08|tema_nmf_13
hacienda_gobierno,Julio Dittborn Cordua,2,inflacion_expectativas_meta,0.113729801324049,0.15889223546206355,0.1114496209181575,142.56866389769536,False,,tema_nmf_09
hacienda_gobierno,Julio Dittborn Cordua,2,mercado_laboral_empleo,0.11413997848987323,0.1594652951707287,0.1720143210368341,92.70466215227613,False,,tema_nmf_02
hacienda_gobierno,Julio Dittborn Cordua,2,tasas_interes_plazos,0.04916882927756975,0.06869391406659915,0.0867820376501816,79.15683467067727,False,,tema_nmf_12
hacienda_gobierno,Julio Dittborn Cordua,2,tipo_cambio_real_nominal,0.022499401411706366,0.031433979003253364,0.1030056339483587,30.516756995071372,False,,tema_nmf_10
staff_tecnico,Kevin Cowan Logan,116,actividad_demanda_ciclo,0.11009087214754107,0.18118704513608996,0.20378171244669416,88.91231846110108,False,,tema_nmf_01
staff_tecnico,Kevin Cowan Logan,116,entorno_externo_commodities_economias,0.2362036292287074,0.3887428339473461,0.32296667399977397,120.36623752319974,False,,tema_nmf_03|tema_nmf_08|tema_nmf_13
staff_tecnico,Kevin Cowan Logan,116,inflacion_expectativas_meta,0.022066355811352314,0.03631670572127276,0.1114496209181575,32.58575975591856,False,,tema_nmf_09
staff_tecnico,Kevin Cowan Logan,116,mercado_laboral_empleo,0.09772817670895863,0.1608405785059389,0.1720143210368341,93.50417891746204,False,,tema_nmf_02
staff_tecnico,Kevin Cowan Logan,116,tasas_interes_plazos,0.09020319013681667,0.14845599061868955,0.0867820376501816,171.06764791248125,False,,tema_nmf_12
staff_tecnico,Kevin Cowan Logan,116,tipo_cambio_real_nominal,0.05131673644639547,0.08445684607066276,0.1030056339483587,81.9924530662126,False,,tema_nmf_10
staff_tecnico,Klaus Schmidt-Hebbel Dunker,40,actividad_demanda_ciclo,0.08993124156247702,0.14850498550950478,0.20378171244669416,72.87453998029935,False,,tema_nmf_01
staff_tecnico,Klaus Schmidt-Hebbel Dunker,40,entorno_externo_commodities_economias,0.20088846554597825,0.3317305326448386,0.32296667399977397,102.71354890476124,False,,tema_nmf_03|tema_nmf_08|tema_nmf_13
staff_tecnico,Klaus Schmidt-Hebbel Dunker,40,inflacion_expectativas_meta,0.11454494423654601,0.18915001048014854,0.1114496209181575,169.7179487214676,False,,tema_nmf_09
staff_tecnico,Klaus Schmidt-Hebbel Dunker,40,mercado_laboral_empleo,0.0597817925412789,0.09871868864289161,0.1720143210368341,57.389808039153095,False,,tema_nmf_02
staff_tecnico,Klaus Schmidt-Hebbel Dunker,40,tasas_interes_plazos,0.08313685393709523,0.13728529790903604,0.0867820376501816,158.1955225140404,False,,tema_nmf_12
staff_tecnico,Klaus Schmidt-Hebbel Dunker,40,tipo_cambio_real_nominal,0.05729395774102545,0.0946104848135804,0.1030056339483587,91.84981557514888,False,,tema_nmf_10
staff_tecnico,Leonardo Hernández Tagle,3,actividad_demanda_ciclo,0.05222768210272535,0.1011463595517397,0.20378171244669416,49.63465972354996,False,,tema_nmf_01
staff_tecnico,Leonardo Hernández Tagle,3,entorno_externo_commodities_economias,0.0607922974873177,0.11773295945882489,0.32296667399977397,36.453593802965344,False,,tema_nmf_03|tema_nmf_08|tema_nmf_13
staff_tecnico,Leonardo Hernández Tagle,3,inflacion_expectativas_meta,0.0459220013795091,0.08893450897804513,0.1114496209181575,79.79794659270647,False,,tema_nmf_09
staff_tecnico,Leonardo Hernández Tagle,3,mercado_laboral_empleo,0.08979923187959925,0.17390902734873676,0.1720143210368341,101.10148172575524,False,,tema_nmf_02
staff_tecnico,Leonardo Hernández Tagle,3,tasas_interes_plazos,0.02972346254883947,0.05756372691735261,0.0867820376501816,66.33138432332275,False,,tema_nmf_12
staff_tecnico,Leonardo Hernández Tagle,3,tipo_cambio_real_nominal,0.23789283202183042,0.46071341774530084,0.1030056339483587,447.2701153184271,False,,tema_nmf_10
staff_tecnico,Luis Alberto Álvarez Vallejos,2,actividad_demanda_ciclo,0.03267582509229495,0.05892982183763876,0.20378171244669416,28.91811101698039,False,,tema_nmf_01
staff_tecnico,Luis Alberto Álvarez Vallejos,2,entorno_externo_commodities_economias,0.07710402684274176,0.13905468498418153,0.32296667399977397,43.05542837038314,False,,tema_nmf_03|tema_nmf_08|tema_nmf_13
staff_tecnico,Luis Alberto Álvarez Vallejos,2,inflacion_expectativas_meta,0.023743750297049584,0.04282110614836328,0.1114496209181575,38.42193970297015,False,,tema_nmf_09
staff_tecnico,Luis Alberto Álvarez Vallejos,2,mercado_laboral_empleo,0.12045208853578371,0.21723154954269247,0.1720143210368341,126.28689764509541,False,,tema_nmf_02
staff_tecnico,Luis Alberto Álvarez Vallejos,2,tasas_interes_plazos,0.1665662820197963,0.3003970457015044,0.0867820376501816,346.1511780956388,False,,tema_nmf_12
staff_tecnico,Luis Alberto Álvarez Vallejos,2,tipo_cambio_real_nominal,0.13394511156704564,0.2415657917856196,0.1030056339483587,234.51706719918568,False,,tema_nmf_10
hacienda_gobierno,Luis Felipe Céspedes Cifuentes,2,actividad_demanda_ciclo,0.0077693864941525805,0.031576066327626,0.20378171244669416,15.495044157058876,False,,tema_nmf_01
staff_tecnico,Luis Felipe Céspedes Cifuentes,22,actividad_demanda_ciclo,0.12602934159313042,0.1706449222921154,0.20378171244669416,83.73907562326193,False,,tema_nmf_01
hacienda_gobierno,Luis Felipe Céspedes Cifuentes,2,entorno_externo_commodities_economias,0.027191119226516243,0.11050918690491934,0.32296667399977397,34.216900937895744,False,,tema_nmf_03|tema_nmf_08|tema_nmf_13
staff_tecnico,Luis Felipe Céspedes Cifuentes,22,entorno_externo_commodities_economias,0.20600840566985254,0.2789373326296164,0.32296667399977397,86.36721838049817,False,,tema_nmf_03|tema_nmf_08|tema_nmf_13
hacienda_gobierno,Luis Felipe Céspedes Cifuentes,2,inflacion_expectativas_meta,0.16149740666791354,0.6563520592679478,0.1114496209181575,588.9226485121352,False,,tema_nmf_09
staff_tecnico,Luis Felipe Céspedes Cifuentes,22,inflacion_expectativas_meta,0.12635040654700824,0.17107964728085714,0.1114496209181575,153.50401901006796,False,,tema_nmf_09
hacienda_gobierno,Luis Felipe Céspedes Cifuentes,2,mercado_laboral_empleo,0.019731436495532145,0.08019180767891756,0.1720143210368341,46.61926239370836,False,,tema_nmf_02
staff_tecnico,Luis Felipe Céspedes Cifuentes,22,mercado_laboral_empleo,0.14590055528644302,0.19755073385695324,0.1720143210368341,114.8455155746311,False,,tema_nmf_02
hacienda_gobierno,Luis Felipe Céspedes Cifuentes,2,tasas_interes_plazos,0.02081251913223975,0.08458550556845053,0.0867820376501816,97.46890930288444,False,,tema_nmf_12
staff_tecnico,Luis Felipe Céspedes Cifuentes,22,tasas_interes_plazos,0.07078857837235598,0.0958484056396788,0.0867820376501816,110.44728636822718,False,,tema_nmf_12
hacienda_gobierno,Luis Felipe Céspedes Cifuentes,2,tipo_cambio_real_nominal,0.009051152443484303,0.0367853742521387,0.1030056339483587,35.71200219065769,False,,tema_nmf_10
staff_tecnico,Luis Felipe Céspedes Cifuentes,22,tipo_cambio_real_nominal,0.06346998308749036,0.08593895830077902,0.1030056339483587,83.43131827513827,False,,tema_nmf_10
staff_tecnico,Luis Opazo Roco,11,actividad_demanda_ciclo,0.09219905780416396,0.12719075646924508,0.20378171244669416,62.41519660529696,False,,tema_nmf_01
staff_tecnico,Luis Opazo Roco,11,entorno_externo_commodities_economias,0.33685487267973363,0.4646991747734711,0.32296667399977397,143.88455905323417,False,,tema_nmf_03|tema_nmf_08|tema_nmf_13
staff_tecnico,Luis Opazo Roco,11,inflacion_expectativas_meta,0.025282346362933528,0.03487758807741041,0.1114496209181575,31.29448785027506,False,,tema_nmf_09
staff_tecnico,Luis Opazo Roco,11,mercado_laboral_empleo,0.11688401349447998,0.1612442301428046,0.1720143210368341,93.7388405633254,False,,tema_nmf_02
staff_tecnico,Luis Opazo Roco,11,tasas_interes_plazos,0.054066319072504816,0.074585751591367,0.0867820376501816,85.946070881652,False,,tema_nmf_12
staff_tecnico,Luis Opazo Roco,11,tipo_cambio_real_nominal,0.09960142776408895,0.13740249894570183,0.1030056339483587,133.39318800230657,False,,tema_nmf_10
staff_tecnico,Luis Óscar Herrera Barriga,302,actividad_demanda_ciclo,0.10721356890451744,0.18078345529757797,0.20378171244669416,88.7142683840523,False,,tema_nmf_01
staff_tecnico,Luis Óscar Herrera Barriga,302,entorno_externo_commodities_economias,0.18787570676941867,0.31679590357166965,0.32296667399977397,98.08934762473089,False,,tema_nmf_03|tema_nmf_08|tema_nmf_13
staff_tecnico,Luis Óscar Herrera Barriga,302,inflacion_expectativas_meta,0.08098252876427803,0.1365526912156061,0.1114496209181575,122.52414148261924,False,,tema_nmf_09
staff_tecnico,Luis Óscar Herrera Barriga,302,mercado_laboral_empleo,0.10087623492444941,0.17009744655821982,0.1720143210368341,98.88563087825473,False,,tema_nmf_02
staff_tecnico,Luis Óscar Herrera Barriga,302,tasas_interes_plazos,0.07043458296959815,0.11876675137106989,0.0867820376501816,136.85637556681797,False,,tema_nmf_12
staff_tecnico,Luis Óscar Herrera Barriga,302,tipo_cambio_real_nominal,0.04566704987385326,0.07700375198585666,0.1030056339483587,74.75683516928993,False,,tema_nmf_10
miembro_consejo,Manuel Marfán Lewis,855,actividad_demanda_ciclo,0.14749916741464655,0.1939566132518792,0.20378171244669416,95.17861584493994,True,37.5,tema_nmf_01
miembro_consejo,Manuel Marfán Lewis,855,entorno_externo_commodities_economias,0.2202142346912942,0.2895745643804674,0.32296667399977397,89.6608188065466,True,12.5,tema_nmf_03|tema_nmf_08|tema_nmf_13
miembro_consejo,Manuel Marfán Lewis,855,inflacion_expectativas_meta,0.0798139244119783,0.10495271763650374,0.1114496209181575,94.17054698963514,True,25.0,tema_nmf_09
miembro_consejo,Manuel Marfán Lewis,855,mercado_laboral_empleo,0.12208197216105801,0.16053382723784612,0.1720143210368341,93.32585000493674,True,12.5,tema_nmf_02
miembro_consejo,Manuel Marfán Lewis,855,tasas_interes_plazos,0.08062734264242731,0.10602233618351367,0.0867820376501816,122.17083057082586,True,87.5,tema_nmf_12
miembro_consejo,Manuel Marfán Lewis,855,tipo_cambio_real_nominal,0.11023842030023115,0.14495994130978992,0.1030056339483587,140.73010936709034,True,100.0,tema_nmf_10
hacienda_gobierno,Mario Marcel Cullell,5,actividad_demanda_ciclo,0.18177168557929882,0.33373284396159075,0.20378171244669416,163.76977107250957,False,,tema_nmf_01
miembro_consejo,Mario Marcel Cullell,10,actividad_demanda_ciclo,0.15971688095893255,0.2099170521124389,0.20378171244669416,103.01074104839002,False,,tema_nmf_01
hacienda_gobierno,Mario Marcel Cullell,5,entorno_externo_commodities_economias,0.05951216549639674,0.1092643454239236,0.32296667399977397,33.831461330279566,False,,tema_nmf_03|tema_nmf_08|tema_nmf_13
miembro_consejo,Mario Marcel Cullell,10,entorno_externo_commodities_economias,0.12992131737578794,0.17075652733979027,0.32296667399977397,52.871253007333436,False,,tema_nmf_03|tema_nmf_08|tema_nmf_13
hacienda_gobierno,Mario Marcel Cullell,5,inflacion_expectativas_meta,0.038511196296409755,0.070706562594739,0.1114496209181575,63.44262278528702,False,,tema_nmf_09
miembro_consejo,Mario Marcel Cullell,10,inflacion_expectativas_meta,0.09303431506716948,0.12227567334740044,0.1114496209181575,109.71385307554613,False,,tema_nmf_09
hacienda_gobierno,Mario Marcel Cullell,5,mercado_laboral_empleo,0.12846112650700917,0.2358546489298569,0.1720143210368341,137.11337957689722,False,,tema_nmf_02
miembro_consejo,Mario Marcel Cullell,10,mercado_laboral_empleo,0.1575324141816952,0.20704599162364104,0.1720143210368341,120.36555466757066,False,,tema_nmf_02
hacienda_gobierno,Mario Marcel Cullell,5,tasas_interes_plazos,0.08180149058011724,0.15018754986287514,0.0867820376501816,173.06294474010988,False,,tema_nmf_12
miembro_consejo,Mario Marcel Cullell,10,tasas_interes_plazos,0.1393139289719396,0.18310130471124564,0.0867820376501816,210.98986572466413,False,,tema_nmf_12
hacienda_gobierno,Mario Marcel Cullell,5,tipo_cambio_real_nominal,0.054604597191644,0.1002540492270146,0.1030056339483587,97.32870463889034,False,,tema_nmf_10
miembro_consejo,Mario Marcel Cullell,10,tipo_cambio_real_nominal,0.08133825034297816,0.10690345086548367,0.1030056339483587,103.78408128537816,False,,tema_nmf_10
miembro_consejo,María Elena Ovalle Molina,17,actividad_demanda_ciclo,0.1420622309445315,0.23023679934302738,0.20378171244669416,112.98207114794633,False,,tema_nmf_01
miembro_consejo,María Elena Ovalle Molina,17,entorno_externo_commodities_economias,0.12949196920578562,0.20986448215223943,0.32296667399977397,64.98022831680346,False,,tema_nmf_03|tema_nmf_08|tema_nmf_13
miembro_consejo,María Elena Ovalle Molina,17,inflacion_expectativas_meta,0.12736542275470805,0.20641804008741263,0.1114496209181575,185.2119714601764,False,,tema_nmf_09
miembro_consejo,María Elena Ovalle Molina,17,mercado_laboral_empleo,0.11695325080843048,0.18954328648695548,0.1720143210368341,110.1904105102783,False,,tema_nmf_02
miembro_consejo,María Elena Ovalle Molina,17,tasas_interes_plazos,0.05866729236626109,0.09508065254728794,0.0867820376501816,109.56259511969293,False,,tema_nmf_12
miembro_consejo,María Elena Ovalle Molina,17,tipo_cambio_real_nominal,0.04248644022258194,0.06885673938307717,0.1030056339483587,66.84754682214577,False,,tema_nmf_10
staff_tecnico,María Eugenia Wagner Brizzi,1,actividad_demanda_ciclo,0.18730826032002815,0.28115949484583486,0.20378171244669416,137.97091577556617,False,,tema_nmf_01
staff_tecnico,María Eugenia Wagner Brizzi,1,entorno_externo_commodities_economias,0.1586069375752859,0.238077308344655,0.32296667399977397,73.7157507293838,False,,tema_nmf_03|tema_nmf_08|tema_nmf_13
staff_tecnico,María Eugenia Wagner Brizzi,1,inflacion_expectativas_meta,0.2215076714846835,0.33249459961190775,0.1114496209181575,298.33623198779077,False,,tema_nmf_09
staff_tecnico,María Eugenia Wagner Brizzi,1,mercado_laboral_empleo,0.07129677711351924,0.10702019122447497,0.1720143210368341,62.215861202369496,False,,tema_nmf_02
staff_tecnico,María Eugenia Wagner Brizzi,1,tasas_interes_plazos,0.0,0.0,0.0867820376501816,0.0,False,,tema_nmf_12
staff_tecnico,María Eugenia Wagner Brizzi,1,tipo_cambio_real_nominal,0.0274796594297381,0.04124840597312737,0.1030056339483587,40.044805698499005,False,,tema_nmf_10
hacienda_gobierno,María Olivia Recart Herrera,4,actividad_demanda_ciclo,0.12602282601834464,0.24528335946710852,0.20378171244669416,120.36573671019204,False,,tema_nmf_01
staff_tecnico,María Olivia Recart Herrera,10,actividad_demanda_ciclo,0.13932548428518793,0.3283171791360213,0.20378171244669416,161.11218970245113,False,,tema_nmf_01
hacienda_gobierno,María Olivia Recart Herrera,4,entorno_externo_commodities_economias,0.09632563462718285,0.18748250623039792,0.32296667399977397,58.05010898137717,False,,tema_nmf_03|tema_nmf_08|tema_nmf_13
staff_tecnico,María Olivia Recart Herrera,10,entorno_externo_commodities_economias,0.11274457054874565,0.265679890189347,0.32296667399977397,82.26232350819359,False,,tema_nmf_03|tema_nmf_08|tema_nmf_13
hacienda_gobierno,María Olivia Recart Herrera,4,inflacion_expectativas_meta,0.09685861655592293,0.188519870667834,0.1114496209181575,169.15254544138168,False,,tema_nmf_09
staff_tecnico,María Olivia Recart Herrera,10,inflacion_expectativas_meta,0.04961233346271005,0.11691027995633017,0.1114496209181575,104.89966586982175,False,,tema_nmf_09
hacienda_gobierno,María Olivia Recart Herrera,4,mercado_laboral_empleo,0.07745032578164963,0.15074472379138423,0.1720143210368341,87.63498462381204,False,,tema_nmf_02
staff_tecnico,María Olivia Recart Herrera,10,mercado_laboral_empleo,0.06945901425749904,0.16367850966813532,0.1720143210368341,95.15400152821357,False,,tema_nmf_02
hacienda_gobierno,María Olivia Recart Herrera,4,tasas_interes_plazos,0.10279161453708213,0.20006750630265513,0.0867820376501816,230.54022666433264,False,,tema_nmf_12
staff_tecnico,María Olivia Recart Herrera,10,tasas_interes_plazos,0.017632764390380938,0.041551188533248226,0.0867820376501816,47.879941124154136,False,,tema_nmf_12
hacienda_gobierno,María Olivia Recart Herrera,4,tipo_cambio_real_nominal,0.0143356366534075,0.0279020335406203,0.1030056339483587,27.087871285379236,False,,tema_nmf_10
staff_tecnico,María Olivia Recart Herrera,10,tipo_cambio_real_nominal,0.0355882884464128,0.08386295251691792,0.1030056339483587,81.41588892017512,False,,tema_nmf_10
staff_tecnico,Matías Bernier Bórquez,45,actividad_demanda_ciclo,0.0432956574528105,0.0624049199470341,0.20378171244669416,30.623415221009182,False,,tema_nmf_01
staff_tecnico,Matías Bernier Bórquez,45,entorno_externo_commodities_economias,0.2526159506336067,0.3641122251998695,0.32296667399977397,112.73987519843125,False,,tema_nmf_03|tema_nmf_08|tema_nmf_13
staff_tecnico,Matías Bernier Bórquez,45,inflacion_expectativas_meta,0.04072153187276301,0.05869466099250589,0.1114496209181575,52.66474709286633,False,,tema_nmf_09
staff_tecnico,Matías Bernier Bórquez,45,mercado_laboral_empleo,0.15145446547582717,0.21830142674103908,0.1720143210368341,126.90886748568647,False,,tema_nmf_02
staff_tecnico,Matías Bernier Bórquez,45,tasas_interes_plazos,0.12599425704516506,0.18160392952247836,0.0867820376501816,209.2644220391826,False,,tema_nmf_12
staff_tecnico,Matías Bernier Bórquez,45,tipo_cambio_real_nominal,0.07970410006184347,0.11488283759707314,0.1030056339483587,111.53063496960664,False,,tema_nmf_10
staff_tecnico,Miguel Fuentes Díaz,205,actividad_demanda_ciclo,0.22824472675295096,0.3241623527236556,0.20378171244669416,159.07332843149553,False,,tema_nmf_01
staff_tecnico,Miguel Fuentes Díaz,205,entorno_externo_commodities_economias,0.12209051717793057,0.17339786928126338,0.32296667399977397,53.6890903119573,False,,tema_nmf_03|tema_nmf_08|tema_nmf_13
staff_tecnico,Miguel Fuentes Díaz,205,inflacion_expectativas_meta,0.10117635251723474,0.14369473038246539,0.1114496209181575,128.93245324538785,False,,tema_nmf_09
staff_tecnico,Miguel Fuentes Díaz,205,mercado_laboral_empleo,0.13624740739506325,0.19350405488879965,0.1720143210368341,112.49299111982884,False,,tema_nmf_02
staff_tecnico,Miguel Fuentes Díaz,205,tasas_interes_plazos,0.05030484961378825,0.07144497328021816,0.0867820376501816,82.32691374246461,False,,tema_nmf_12
staff_tecnico,Miguel Fuentes Díaz,205,tipo_cambio_real_nominal,0.06604236009685213,0.09379601944359783,0.1030056339483587,91.05911574761237,False,,tema_nmf_10
staff_tecnico,Miguel Ricaurte Bermúdez,21,actividad_demanda_ciclo,0.08674504576603495,0.1080885177465786,0.20378171244669416,53.0413237031035,False,,tema_nmf_01
staff_tecnico,Miguel Ricaurte Bermúdez,21,entorno_externo_commodities_economias,0.4422065755360901,0.5510107564690632,0.32296667399977397,170.60916832225507,False,,tema_nmf_03|tema_nmf_08|tema_nmf_13
staff_tecnico,Miguel Ricaurte Bermúdez,21,inflacion_expectativas_meta,0.07126501784030141,0.08879965509866322,0.1114496209181575,79.67694673799997,False,,tema_nmf_09
staff_tecnico,Miguel Ricaurte Bermúdez,21,mercado_laboral_empleo,0.08640017240465869,0.10765878887719763,0.1720143210368341,62.587107996748855,False,,tema_nmf_02
staff_tecnico,Miguel Ricaurte Bermúdez,21,tasas_interes_plazos,0.051637328793814566,0.06434260631748424,0.0867820376501816,74.1427697017778,False,,tema_nmf_12
staff_tecnico,Miguel Ricaurte Bermúdez,21,tipo_cambio_real_nominal,0.06428296142059377,0.08009967549101307,0.1030056339483587,77.76242174400927,False,,tema_nmf_10
hacienda_gobierno,Miguel Ángel Nacrur Gazali,7,actividad_demanda_ciclo,0.149664967159139,0.19745457318346102,0.20378171244669416,96.89513882906043,False,,tema_nmf_01
hacienda_gobierno,Miguel Ángel Nacrur Gazali,7,entorno_externo_commodities_economias,0.20830512405986146,0.27481915202930157,0.32296667399977397,85.09210830511073,False,,tema_nmf_03|tema_nmf_08|tema_nmf_13
hacienda_gobierno,Miguel Ángel Nacrur Gazali,7,inflacion_expectativas_meta,0.018019153798837294,0.023772860075486933,0.1114496209181575,21.3305885472185,False,,tema_nmf_09
hacienda_gobierno,Miguel Ángel Nacrur Gazali,7,mercado_laboral_empleo,0.1407108593726278,0.18564132413270407,0.1720143210368341,107.92201661683272,False,,tema_nmf_02
hacienda_gobierno,Miguel Ángel Nacrur Gazali,7,tasas_interes_plazos,0.08126945908231327,0.10721965641355528,0.0867820376501816,123.55051726920463,False,,tema_nmf_12
hacienda_gobierno,Miguel Ángel Nacrur Gazali,7,tipo_cambio_real_nominal,0.16000207904816063,0.2110924341654912,0.1030056339483587,204.9329013122925,False,,tema_nmf_10
hacienda_gobierno,Nicolás Eyzaguirre Guzmán,78,actividad_demanda_ciclo,0.06893866699252887,0.17304380962929947,0.20378171244669416,84.91626041986707,False,,tema_nmf_01
hacienda_gobierno,Nicolás Eyzaguirre Guzmán,78,entorno_externo_commodities_economias,0.1197243715452564,0.30052164135854414,0.32296667399977397,93.05035644598875,False,,tema_nmf_03|tema_nmf_08|tema_nmf_13
hacienda_gobierno,Nicolás Eyzaguirre Guzmán,78,inflacion_expectativas_meta,0.035615391838531935,0.08939864018327674,0.1114496209181575,80.21439592775843,False,,tema_nmf_09
hacienda_gobierno,Nicolás Eyzaguirre Guzmán,78,mercado_laboral_empleo,0.06718334195898815,0.16863774632415196,0.1720143210368341,98.03703860682677,False,,tema_nmf_02
hacienda_gobierno,Nicolás Eyzaguirre Guzmán,78,tasas_interes_plazos,0.0445580031001129,0.11184560047778826,0.0867820376501816,128.8810490122828,False,,tema_nmf_12
hacienda_gobierno,Nicolás Eyzaguirre Guzmán,78,tipo_cambio_real_nominal,0.06236874328831826,0.15655256202693937,0.1030056339483587,151.98446534043578,False,,tema_nmf_10
miembro_consejo,Pablo García Silva,100,actividad_demanda_ciclo,0.15973979805390884,0.22213696852414763,0.20378171244669416,109.00731270587144,True,87.5,tema_nmf_01
staff_tecnico,Pablo García Silva,465,actividad_demanda_ciclo,0.14344990926415524,0.24342041983222568,0.20378171244669416,119.45155279618152,False,,tema_nmf_01
miembro_consejo,Pablo García Silva,100,entorno_externo_commodities_economias,0.17662862194291062,0.24562286362572378,0.32296667399977397,76.05207700962225,True,0.0,tema_nmf_03|tema_nmf_08|tema_nmf_13
staff_tecnico,Pablo García Silva,465,entorno_externo_commodities_economias,0.1271560737324194,0.21577137978641617,0.32296667399977397,66.80917789882159,False,,tema_nmf_03|tema_nmf_08|tema_nmf_13
miembro_consejo,Pablo García Silva,100,inflacion_expectativas_meta,0.11324082856740826,0.15747468494130365,0.1114496209181575,141.29674344692876,True,100.0,tema_nmf_09
staff_tecnico,Pablo García Silva,465,inflacion_expectativas_meta,0.07665691330456795,0.1300792598291529,0.1114496209181575,116.71574901513212,False,,tema_nmf_09
miembro_consejo,Pablo García Silva,100,mercado_laboral_empleo,0.1165784846634688,0.16211608812440284,0.1720143210368341,94.24569253724422,True,25.0,tema_nmf_02
staff_tecnico,Pablo García Silva,465,mercado_laboral_empleo,0.09870186619781504,0.16748738170237273,0.1720143210368341,97.36827764852673,False,,tema_nmf_02
miembro_consejo,Pablo García Silva,100,tasas_interes_plazos,0.06554583845322841,0.09114919406909427,0.0867820376501816,105.03232758432878,True,62.5,tema_nmf_12
staff_tecnico,Pablo García Silva,465,tasas_interes_plazos,0.06991038277016198,0.11863105952341461,0.0867820376501816,136.7000161964581,False,,tema_nmf_12
miembro_consejo,Pablo García Silva,100,tipo_cambio_real_nominal,0.08737139817259211,0.12150020071532787,0.1030056339483587,117.95490795798734,True,87.5,tema_nmf_10
staff_tecnico,Pablo García Silva,465,tipo_cambio_real_nominal,0.0734341220595055,0.12461049932641796,0.1030056339483587,120.97445018288101,False,,tema_nmf_10
hacienda_gobierno,Pablo Mattar Oyarzún,1,actividad_demanda_ciclo,0.07461217446411321,0.34147210424497176,0.20378171244669416,167.56758992016768,False,,tema_nmf_01
hacienda_gobierno,Pablo Mattar Oyarzún,1,entorno_externo_commodities_economias,0.09728373351184125,0.4452313771805891,0.32296667399977397,137.85675520840292,False,,tema_nmf_03|tema_nmf_08|tema_nmf_13
hacienda_gobierno,Pablo Mattar Oyarzún,1,inflacion_expectativas_meta,0.0025736025986583463,0.011778419556407417,0.1114496209181575,10.568380097996783,False,,tema_nmf_09
hacienda_gobierno,Pablo Mattar Oyarzún,1,mercado_laboral_empleo,0.022293749237051,0.10203017829412107,0.1720143210368341,59.31493243069742,False,,tema_nmf_02
hacienda_gobierno,Pablo Mattar Oyarzún,1,tasas_interes_plazos,0.004426108870060218,0.020256650075300288,0.0867820376501816,23.341984843631863,False,,tema_nmf_12
hacienda_gobierno,Pablo Mattar Oyarzún,1,tipo_cambio_real_nominal,0.01731215321883657,0.07923127064861031,0.1030056339483587,76.9193563609661,False,,tema_nmf_10
staff_tecnico,Pablo Pincheira Brown,1,actividad_demanda_ciclo,0.005362227749812253,0.0061655494421867536,0.20378171244669416,3.025565625178244,False,,tema_nmf_01
staff_tecnico,Pablo Pincheira Brown,1,entorno_externo_commodities_economias,0.4926421816280089,0.566445490540864,0.32296667399977397,175.38821684780407,False,,tema_nmf_03|tema_nmf_08|tema_nmf_13
staff_tecnico,Pablo Pincheira Brown,1,inflacion_expectativas_meta,0.26298635761466105,0.302384655435527,0.1114496209181575,271.3195908109744,False,,tema_nmf_09
staff_tecnico,Pablo Pincheira Brown,1,mercado_laboral_empleo,0.08763117680247191,0.10075930722479416,0.1720143210368341,58.57611541728446,False,,tema_nmf_02
staff_tecnico,Pablo Pincheira Brown,1,tasas_interes_plazos,0.0,0.0,0.0867820376501816,0.0,False,,tema_nmf_12
staff_tecnico,Pablo Pincheira Brown,1,tipo_cambio_real_nominal,0.02108606845811383,0.02424499735662801,0.1030056339483587,23.53754491602188,False,,tema_nmf_10
staff_tecnico,Ricardo Vicuña Poblete,44,actividad_demanda_ciclo,0.2473489243381248,0.42100610247238623,0.20378171244669416,206.59660644598532,False,,tema_nmf_01
staff_tecnico,Ricardo Vicuña Poblete,44,entorno_externo_commodities_economias,0.10263598787560695,0.17469401714415378,0.32296667399977397,54.090415887391536,False,,tema_nmf_03|tema_nmf_08|tema_nmf_13
staff_tecnico,Ricardo Vicuña Poblete,44,inflacion_expectativas_meta,0.024540321886643568,0.041769436833249865,0.1114496209181575,37.47831216395348,False,,tema_nmf_09
staff_tecnico,Ricardo Vicuña Poblete,44,mercado_laboral_empleo,0.09498047521615907,0.16166377027404283,0.1720143210368341,93.98273893685,False,,tema_nmf_02
staff_tecnico,Ricardo Vicuña Poblete,44,tasas_interes_plazos,0.013094376055299088,0.022287593293970506,0.0867820376501816,25.682265475041966,False,,tema_nmf_12
staff_tecnico,Ricardo Vicuña Poblete,44,tipo_cambio_real_nominal,0.10491853463284541,0.17857907998219674,0.1030056339483587,173.36826456669968,False,,tema_nmf_10
staff_tecnico,Rodrigo Alfaro,1,actividad_demanda_ciclo,0.0,0.0,0.20378171244669416,0.0,False,,tema_nmf_01
staff_tecnico,Rodrigo Alfaro,1,entorno_externo_commodities_economias,0.3986253728388706,0.57097139129333,0.32296667399977397,176.78956909768638,False,,tema_nmf_03|tema_nmf_08|tema_nmf_13
staff_tecnico,Rodrigo Alfaro,1,inflacion_expectativas_meta,0.052890451467904956,0.0757576830739493,0.1114496209181575,67.97482346717142,False,,tema_nmf_09
staff_tecnico,Rodrigo Alfaro,1,mercado_laboral_empleo,0.19974226800012904,0.2861010071885668,0.1720143210368341,166.32394643891473,False,,tema_nmf_02
staff_tecnico,Rodrigo Alfaro,1,tasas_interes_plazos,0.0,0.0,0.0867820376501816,0.0,False,,tema_nmf_12
staff_tecnico,Rodrigo Alfaro,1,tipo_cambio_real_nominal,0.04689487808260736,0.06716991844415397,0.1030056339483587,65.20994616452653,False,,tema_nmf_10
hacienda_gobierno,Rodrigo Cerda Norambuena,20,actividad_demanda_ciclo,0.09222173552938775,0.24012664415612817,0.20378171244669416,117.83522734845073,False,,tema_nmf_01
hacienda_gobierno,Rodrigo Cerda Norambuena,20,entorno_externo_commodities_economias,0.1312235661107659,0.3416794791758918,0.32296667399977397,105.79403594320414,False,,tema_nmf_03|tema_nmf_08|tema_nmf_13
hacienda_gobierno,Rodrigo Cerda Norambuena,20,inflacion_expectativas_meta,0.032948713757712605,0.08579174983514762,0.1114496209181575,76.97805441451288,False,,tema_nmf_09
hacienda_gobierno,Rodrigo Cerda Norambuena,20,mercado_laboral_empleo,0.08241798410659473,0.21459966924308313,0.1720143210368341,124.75686207378632,False,,tema_nmf_02
hacienda_gobierno,Rodrigo Cerda Norambuena,20,tasas_interes_plazos,0.005774958978081407,0.015036818723760552,0.0867820376501816,17.327109538927825,False,,tema_nmf_12
hacienda_gobierno,Rodrigo Cerda Norambuena,20,tipo_cambio_real_nominal,0.03946761344337021,0.10276563886598866,0.1030056339483587,99.76700780998993,False,,tema_nmf_10
hacienda_gobierno,Rodrigo Valdés Pulido,15,actividad_demanda_ciclo,0.0693578828963704,0.13021753355237417,0.20378171244669416,63.900500191564966,False,,tema_nmf_01
staff_tecnico,Rodrigo Valdés Pulido,200,actividad_demanda_ciclo,0.08827217056656561,0.189267886984007,0.20378171244669416,92.87775861316128,False,,tema_nmf_01
hacienda_gobierno,Rodrigo Valdés Pulido,15,entorno_externo_commodities_economias,0.157091657634205,0.29493530287457287,0.32296667399977397,91.3206614236549,False,,tema_nmf_03|tema_nmf_08|tema_nmf_13
staff_tecnico,Rodrigo Valdés Pulido,200,entorno_externo_commodities_economias,0.10259554426878192,0.21997920469264381,0.32296667399977397,68.11204449311008,False,,tema_nmf_03|tema_nmf_08|tema_nmf_13
hacienda_gobierno,Rodrigo Valdés Pulido,15,inflacion_expectativas_meta,0.04879193906675585,0.0916055349037069,0.1114496209181575,82.19456840591408,False,,tema_nmf_09
staff_tecnico,Rodrigo Valdés Pulido,200,inflacion_expectativas_meta,0.06767706310578447,0.14510909439635736,0.1114496209181575,130.20151455061256,False,,tema_nmf_09
hacienda_gobierno,Rodrigo Valdés Pulido,15,mercado_laboral_empleo,0.07208935805301679,0.13534580366392757,0.1720143210368341,78.68286945419239,False,,tema_nmf_02
staff_tecnico,Rodrigo Valdés Pulido,200,mercado_laboral_empleo,0.09865537045751366,0.2115309206318582,0.1720143210368341,122.97285444423099,False,,tema_nmf_02
hacienda_gobierno,Rodrigo Valdés Pulido,15,tasas_interes_plazos,0.07848857247394349,0.14736015421454776,0.0867820376501816,169.8049022639415,False,,tema_nmf_12
staff_tecnico,Rodrigo Valdés Pulido,200,tasas_interes_plazos,0.051152699302741474,0.10967854589298162,0.0867820376501816,126.3839255942524,False,,tema_nmf_12
hacienda_gobierno,Rodrigo Valdés Pulido,15,tipo_cambio_real_nominal,0.10681149605451665,0.20053567079087076,0.1030056339483587,194.68417707269117,False,,tema_nmf_10
staff_tecnico,Rodrigo Valdés Pulido,200,tipo_cambio_real_nominal,0.05803462020554068,0.124434347402152,0.1030056339483587,120.80343825128679,False,,tema_nmf_10
miembro_consejo,Rodrigo Vergara Montes,1026,actividad_demanda_ciclo,0.08127120158051584,0.23755089269741808,0.20378171244669416,116.5712515835087,True,100.0,tema_nmf_01
miembro_consejo,Rodrigo Vergara Montes,1026,entorno_externo_commodities_economias,0.11374800132709387,0.3324786484303231,0.32296667399977397,102.94518759869193,True,62.5,tema_nmf_03|tema_nmf_08|tema_nmf_13
miembro_consejo,Rodrigo Vergara Montes,1026,inflacion_expectativas_meta,0.0371013574074203,0.10844506296227344,0.1114496209181575,97.3041111031769,True,50.0,tema_nmf_09
miembro_consejo,Rodrigo Vergara Montes,1026,mercado_laboral_empleo,0.05976206181590614,0.17468095534113892,0.1720143210368341,101.55023970575904,True,62.5,tema_nmf_02
miembro_consejo,Rodrigo Vergara Montes,1026,tasas_interes_plazos,0.022318937974487703,0.06523692940168052,0.0867820376501816,75.1733090949657,True,12.5,tema_nmf_12
miembro_consejo,Rodrigo Vergara Montes,1026,tipo_cambio_real_nominal,0.027919661404930712,0.08160751116716594,0.1030056339483587,79.22625980640964,True,25.0,tema_nmf_10
hacienda_gobierno,Rodrigo Álvarez Zenteno,1,actividad_demanda_ciclo,0.0710006509190417,0.11502332448178035,0.20378171244669416,56.44438016579554,False,,tema_nmf_01
hacienda_gobierno,Rodrigo Álvarez Zenteno,1,entorno_externo_commodities_economias,0.15120641366014778,0.24495922441597,0.32296667399977397,75.8465947530368,False,,tema_nmf_03|tema_nmf_08|tema_nmf_13
hacienda_gobierno,Rodrigo Álvarez Zenteno,1,inflacion_expectativas_meta,0.1620182729956261,0.2624747822101389,0.1114496209181575,235.50980258863873,False,,tema_nmf_09
hacienda_gobierno,Rodrigo Álvarez Zenteno,1,mercado_laboral_empleo,0.08932493728438787,0.14470925424743275,0.1720143210368341,84.12628284388344,False,,tema_nmf_02
hacienda_gobierno,Rodrigo Álvarez Zenteno,1,tasas_interes_plazos,0.031450660383329804,0.05095107534384341,0.0867820376501816,58.71154529607521,False,,tema_nmf_12
hacienda_gobierno,Rodrigo Álvarez Zenteno,1,tipo_cambio_real_nominal,0.1122708332350695,0.1818823393008345,0.1030056339483587,176.5751370376694,False,,tema_nmf_10
miembro_consejo,Sebastián Claro Edwards,592,actividad_demanda_ciclo,0.17162534740082208,0.21062228860598042,0.20378171244669416,103.35681552439385,True,62.5,tema_nmf_01
miembro_consejo,Sebastián Claro Edwards,592,entorno_externo_commodities_economias,0.26246113075801336,0.32209790026680796,0.32296667399977397,99.731002049776,True,25.0,tema_nmf_03|tema_nmf_08|tema_nmf_13
miembro_consejo,Sebastián Claro Edwards,592,inflacion_expectativas_meta,0.07918490066232349,0.09717739980205221,0.1114496209181575,87.19401555740956,True,0.0,tema_nmf_09
miembro_consejo,Sebastián Claro Edwards,592,mercado_laboral_empleo,0.14049363383771704,0.17241678540852198,0.1720143210368341,100.23397143287954,True,50.0,tema_nmf_02
miembro_consejo,Sebastián Claro Edwards,592,tasas_interes_plazos,0.07678096398020232,0.09422723740867485,0.0867820376501816,108.57919445093563,True,75.0,tema_nmf_12
miembro_consejo,Sebastián Claro Edwards,592,tipo_cambio_real_nominal,0.08430295761539894,0.10345838850796255,0.1030056339483587,100.43954349121412,True,50.0,tema_nmf_10
staff_tecnico,Sergio Lehmann Beresi,791,actividad_demanda_ciclo,0.10668826839672142,0.13605651860981902,0.20378171244669416,66.76581376035354,False,,tema_nmf_01
staff_tecnico,Sergio Lehmann Beresi,791,entorno_externo_commodities_economias,0.4367112909598705,0.5569255062295644,0.32296667399977397,172.44054915398303,False,,tema_nmf_03|tema_nmf_08|tema_nmf_13
staff_tecnico,Sergio Lehmann Beresi,791,inflacion_expectativas_meta,0.04466074899664592,0.05695458477585846,0.1114496209181575,51.1034351724559,False,,tema_nmf_09
staff_tecnico,Sergio Lehmann Beresi,791,mercado_laboral_empleo,0.10595736085879319,0.13512441298536176,0.1720143210368341,78.5541646595966,False,,tema_nmf_02
staff_tecnico,Sergio Lehmann Beresi,791,tasas_interes_plazos,0.04624241019879703,0.05897163238586087,0.0867820376501816,67.95373095936688,False,,tema_nmf_12
staff_tecnico,Sergio Lehmann Beresi,791,tipo_cambio_real_nominal,0.04388660820713568,0.05596734501353558,0.1030056339483587,54.33425616466231,False,,tema_nmf_10
miembro_consejo,Vittorio Corbo Lioi,455,actividad_demanda_ciclo,0.06801763385302015,0.1833600887476333,0.20378171244669416,89.97867696081767,True,12.5,tema_nmf_01
miembro_consejo,Vittorio Corbo Lioi,455,entorno_externo_commodities_economias,0.13918890756663468,0.37522167412136515,0.32296667399977397,116.17968797660768,True,100.0,tema_nmf_03|tema_nmf_08|tema_nmf_13
miembro_consejo,Vittorio Corbo Lioi,455,inflacion_expectativas_meta,0.044423502339331185,0.11975567025783536,0.1114496209181575,107.45273897860753,True,75.0,tema_nmf_09
miembro_consejo,Vittorio Corbo Lioi,455,mercado_laboral_empleo,0.06513269728653136,0.17558295515892658,0.1720143210368341,102.07461454405784,True,75.0,tema_nmf_02
miembro_consejo,Vittorio Corbo Lioi,455,tasas_interes_plazos,0.021273469474615985,0.05734844083616199,0.0867820376501816,66.08330754727558,True,0.0,tema_nmf_12
miembro_consejo,Vittorio Corbo Lioi,455,tipo_cambio_real_nominal,0.032914928943132665,0.08873117087807764,0.1030056339483587,86.14205599915293,True,37.5,tema_nmf_10
